kind	name	copies	text_variants
const	ABDAY_1	1	1
const	ABDAY_2	1	1
const	ABDAY_3	1	1
const	ABDAY_4	1	1
const	ABDAY_5	1	1
const	ABDAY_6	1	1
const	ABDAY_7	1	1
const	ABMON_1	1	1
const	ABMON_10	1	1
const	ABMON_11	1	1
const	ABMON_12	1	1
const	ABMON_2	1	1
const	ABMON_3	1	1
const	ABMON_4	1	1
const	ABMON_5	1	1
const	ABMON_6	1	1
const	ABMON_7	1	1
const	ABMON_8	1	1
const	ABMON_9	1	1
const	ABSOLUTE_CENTRE	1	1
const	ACCESSPERMS	1	1
const	ADD	1	1
const	AFTER	1	1
const	AF_UNIX	5	1
const	ALERT_ANY	2	1
const	ALERT_CURRENT	1	1
const	ALERT_OTHER	2	1
const	ALL_MODES	2	1
const	ALL_MOUSE_MODES	5	1
const	ALT_DIGITS	1	1
const	AM_STR	1	1
const	ARGS_COMMANDS	1	1
const	ARGS_ENTRY_OPTIONAL_VALUE	1	1
const	ARGS_NONE	1	1
const	ARGS_PARSE_COMMANDS	1	1
const	ARGS_PARSE_COMMANDS_OR_STRING	1	1
const	ARGS_PARSE_INVALID	1	1
const	ARGS_PARSE_STRING	1	1
const	ARGS_STRING	1	1
const	BADCH	1	1
const	BEV_EVENT_ERROR	1	1
const	BOTTOM	2	2
const	BOX_LINES_DEFAULT	1	1
const	BOX_LINES_DOUBLE	1	1
const	BOX_LINES_HEAVY	1	1
const	BOX_LINES_NONE	1	1
const	BOX_LINES_PADDED	1	1
const	BOX_LINES_ROUNDED	1	1
const	BOX_LINES_SIMPLE	1	1
const	BOX_LINES_SINGLE	1	1
const	BREAK_PANE_TEMPLATE	1	1
const	C0_ASC	3	3
const	C0_BEL	3	3
const	C0_BS	3	3
const	C0_CAN	3	3
const	C0_CR	3	3
const	C0_DC1	3	3
const	C0_DC2	3	3
const	C0_DC3	3	3
const	C0_DC4	3	3
const	C0_DLE	3	3
const	C0_EM	3	3
const	C0_ENQ	3	3
const	C0_EOT	3	3
const	C0_ESC	3	3
const	C0_ETB	3	3
const	C0_ETX	3	3
const	C0_FF	3	3
const	C0_FS	3	3
const	C0_GS	3	3
const	C0_HT	3	3
const	C0_LF	3	3
const	C0_NAK	3	3
const	C0_NUL	3	3
const	C0_RS	3	3
const	C0_SI	3	3
const	C0_SO	3	3
const	C0_SOH	3	3
const	C0_STX	3	3
const	C0_SUB	3	3
const	C0_SYN	3	3
const	C0_US	3	3
const	C0_VT	3	3
const	CELL_BORDERS	3	1
const	CELL_LD	3	1
const	CELL_LR	3	1
const	CELL_LRD	2	1
const	CELL_LRU	2	1
const	CELL_LRUD	2	1
const	CELL_LU	3	1
const	CELL_NONE	3	1
const	CELL_RD	3	1
const	CELL_RU	3	1
const	CELL_UD	3	1
const	CELL_ULD	3	1
const	CELL_URD	3	1
const	CENTRE	1	1
const	CLEAR	1	1
const	CLIENT_ALLREDRAWFLAGS	4	1
const	CLIENT_ASSUMEPASTING	1	1
const	CLIENT_ATTACHED	5	1
const	CLIENT_BRACKETPASTING	1	1
const	CLIENT_CONTROL	25	1
const	CLIENT_CONTROLCONTROL	3	1
const	CLIENT_CONTROL_DISCARD	1	1
const	CLIENT_CONTROL_NEWLAYOUTS	3	1
const	CLIENT_CONTROL_NOOUTPUT	2	1
const	CLIENT_CONTROL_PAUSEAFTER	2	1
const	CLIENT_CONTROL_WAITEXIT	2	1
const	CLIENT_DEAD	11	1
const	CLIENT_DEFAULTSOCKET	2	1
const	CLIENT_DOUBLECLICK	1	1
const	CLIENT_EXIT	12	1
const	CLIENT_EXITED	2	1
const	CLIENT_EXIT_DETACH	1	1
const	CLIENT_EXIT_DETACHED	1	1
const	CLIENT_EXIT_DETACHED_HUP	1	1
const	CLIENT_EXIT_EXITED	1	1
const	CLIENT_EXIT_LOST_SERVER	1	1
const	CLIENT_EXIT_LOST_TTY	1	1
const	CLIENT_EXIT_MESSAGE_PROVIDED	1	1
const	CLIENT_EXIT_NONE	1	1
const	CLIENT_EXIT_RETURN	1	1
const	CLIENT_EXIT_SERVER_EXITED	1	1
const	CLIENT_EXIT_SHUTDOWN	1	1
const	CLIENT_EXIT_TERMINATED	1	1
const	CLIENT_FOCUSED	3	1
const	CLIENT_IDENTIFIED	2	1
const	CLIENT_IGNORESIZE	4	1
const	CLIENT_LOGIN	2	1
const	CLIENT_NODETACHFLAGS	1	1
const	CLIENT_NOFORK	2	1
const	CLIENT_NOSIZEFLAGS	1	1
const	CLIENT_NOSTARTSERVER	2	1
const	CLIENT_NO_DETACH_ON_DESTROY	2	1
const	CLIENT_PASTE_TIME_LIMIT	1	1
const	CLIENT_READONLY	9	1
const	CLIENT_REDRAWBORDERS	6	1
const	CLIENT_REDRAWMENU	5	1
const	CLIENT_REDRAWOVERLAY	6	1
const	CLIENT_REDRAWSCROLLBARS	1	1
const	CLIENT_REDRAWSTATUS	7	1
const	CLIENT_REDRAWSTATUSALWAYS	4	1
const	CLIENT_REDRAWWINDOW	6	1
const	CLIENT_REPEAT	1	1
const	CLIENT_SIZECHANGED	2	1
const	CLIENT_STARTSERVER	1	1
const	CLIENT_STATUSFORCE	3	1
const	CLIENT_STATUSOFF	2	1
const	CLIENT_SUSPENDED	12	1
const	CLIENT_TERMINAL	2	1
const	CLIENT_TRIPLECLICK	1	1
const	CLIENT_UNATTACHEDFLAGS	8	1
const	CLIENT_UTF8	8	1
const	CLIENT_WINDOWSIZECHANGED	2	1
const	CLIENT_WRITE_ACK	2	1
const	CLOCK_MONOTONIC	1	1
const	CLOCK_REALTIME	2	1
const	CMDQ_CALLBACK	1	1
const	CMDQ_COMMAND	1	1
const	CMDQ_FIRED	1	1
const	CMDQ_STATE_CONTROL	2	1
const	CMDQ_STATE_NOHOOKS	2	1
const	CMDQ_STATE_REPEAT	4	1
const	CMDQ_WAITING	1	1
const	CMD_AFTERHOOK	36	1
const	CMD_BUFFER_USAGE	2	1
const	CMD_CLIENT_CANFAIL	7	1
const	CMD_CLIENT_CFLAG	5	1
const	CMD_CLIENT_TFLAG	9	1
const	CMD_FIND_CANFAIL	11	1
const	CMD_FIND_DEFAULT_MARKED	4	1
const	CMD_FIND_EXACT_SESSION	1	1
const	CMD_FIND_EXACT_WINDOW	1	1
const	CMD_FIND_PANE	1	1
const	CMD_FIND_PREFER_UNATTACHED	3	1
const	CMD_FIND_QUIET	2	1
const	CMD_FIND_SESSION	1	1
const	CMD_FIND_WINDOW	1	1
const	CMD_FIND_WINDOW_INDEX	4	1
const	CMD_LIST_PRINT_ESCAPED	2	1
const	CMD_LIST_PRINT_NO_GROUPS	2	1
const	CMD_PARSE_COMMANDS	1	1
const	CMD_PARSE_ERROR	1	1
const	CMD_PARSE_MAX_ENVIRON_LEN	1	1
const	CMD_PARSE_NOALIAS	1	1
const	CMD_PARSE_ONEGROUP	1	1
const	CMD_PARSE_PARSED_COMMANDS	1	1
const	CMD_PARSE_PARSEONLY	3	1
const	CMD_PARSE_QUIET	2	1
const	CMD_PARSE_STRING	1	1
const	CMD_PARSE_SUCCESS	1	1
const	CMD_PARSE_VERBOSE	2	1
const	CMD_READONLY	8	1
const	CMD_RETURN_ERROR	1	1
const	CMD_RETURN_NORMAL	1	1
const	CMD_RETURN_STOP	1	1
const	CMD_RETURN_WAIT	1	1
const	CMD_SOURCE_FILE_DEPTH_LIMIT	1	1
const	CMD_STARTSERVER	6	1
const	CMD_TARGET_CLIENT_USAGE	2	1
const	CMD_TARGET_PANE_USAGE	1	1
const	CMD_TARGET_SESSION_USAGE	3	1
const	CMD_TARGET_WINDOW_USAGE	1	1
const	CODESET	1	1
const	COLOUR_FLAG_256	5	1
const	COLOUR_FLAG_RGB	3	1
const	COLOUR_FLAG_THEME	6	1
const	COLOUR_THEME_BLACK	2	1
const	COLOUR_THEME_BLUE	2	1
const	COLOUR_THEME_COUNT	3	1
const	COLOUR_THEME_CYAN	2	1
const	COLOUR_THEME_DARK_GREY	2	1
const	COLOUR_THEME_GREEN	2	1
const	COLOUR_THEME_LIGHT_GREY	2	1
const	COLOUR_THEME_MAGENTA	2	1
const	COLOUR_THEME_RED	2	1
const	COLOUR_THEME_WHITE	2	1
const	COLOUR_THEME_YELLOW	2	1
const	CONTROL_BUFFER_HIGH	1	1
const	CONTROL_BUFFER_LOW	1	1
const	CONTROL_IGNORE_FLAGS	1	1
const	CONTROL_MAXIMUM_AGE	1	1
const	CONTROL_MAXIMUM_REPLY_BUFFER	1	1
const	CONTROL_PANE_OFF	1	1
const	CONTROL_PANE_PAUSED	1	1
const	CONTROL_WRITE_MINIMUM	1	1
const	CREAD	1	1
const	CS8	1	1
const	CURSORDRAG_ENDSEL	1	1
const	CURSORDRAG_NONE	1	1
const	CURSORDRAG_SEL	1	1
const	CURSOR_MODES	3	1
const	DAY_1	1	1
const	DAY_2	1	1
const	DAY_3	1	1
const	DAY_4	1	1
const	DAY_5	1	1
const	DAY_6	1	1
const	DAY_7	1	1
const	DEFAULT_XPIXEL	1	1
const	DEFAULT_YPIXEL	1	1
const	DISPLAY_MESSAGE_TEMPLATE	1	1
const	DIVIDE	1	1
const	DOUBLE_QUOTES	1	1
const	DQ	1	1
const	D_FMT	1	1
const	D_T_FMT	1	1
const	E2BIG	2	1
const	EAGAIN	5	1
const	EBADF	1	1
const	EBADMSG	2	1
const	ECHILD	2	1
const	ECHO	1	1
const	ECHOCTL	1	1
const	ECHOE	1	1
const	ECHOKE	1	1
const	ECHONL	1	1
const	ECHOPRT	1	1
const	ECONNABORTED	1	1
const	ECONNREFUSED	1	1
const	EEXIST	1	1
const	EINTR	5	1
const	EINVAL	6	1
const	EIO	1	1
const	ELIF	1	1
const	ELSE	1	1
const	EMFILE	1	1
const	EMSG	1	1
const	EMSGSIZE	1	1
const	ENAMETOOLONG	2	1
const	ENDIF	1	1
const	ENFILE	1	1
const	ENOBUFS	1	1
const	ENOENT	3	1
const	ENOMEM	3	1
const	ENVIRON_HIDDEN	6	1
const	EOF	2	1
const	EOVERFLOW	1	1
const	EPFNOSUPPORT	1	1
const	EQUAL	1	1
const	EQUALS	1	1
const	ERA	1	1
const	ERANGE	4	1
const	ERA_D_FMT	1	1
const	ERA_D_T_FMT	1	1
const	ERA_T_FMT	1	1
const	ERROR	1	1
const	ERROR_CTX_LEN	1	1
const	EVBUFFER_EOL_ANY	3	1
const	EVBUFFER_EOL_CRLF	3	1
const	EVBUFFER_EOL_CRLF_STRICT	3	1
const	EVBUFFER_EOL_LF	3	1
const	EVBUFFER_EOL_NUL	3	1
const	EVBUFFER_ERROR	1	1
const	EVENT_PAYLOAD_CLIENT	1	1
const	EVENT_PAYLOAD_INT	1	1
const	EVENT_PAYLOAD_PANE	1	1
const	EVENT_PAYLOAD_POINTER	1	1
const	EVENT_PAYLOAD_SESSION	1	1
const	EVENT_PAYLOAD_STRING	1	1
const	EVENT_PAYLOAD_TIME	1	1
const	EVENT_PAYLOAD_UINT	1	1
const	EVENT_PAYLOAD_WINDOW	1	1
const	EVLOOP_ONCE	1	1
const	EV_PERSIST	2	1
const	EV_READ	9	1
const	EV_SIGNAL	1	1
const	EV_TIMEOUT	11	1
const	EV_WRITE	7	1
const	EXTENDED_KEY_MODES	5	1
const	FD_CLOEXEC	1	1
const	FIONREAD	1	1
const	FLAG_ALLARGS	1	1
const	FLAG_LONGONLY	1	1
const	FLAG_PERMUTE	1	1
const	FNM_CASEFOLD	2	1
const	FORMAT	1	1
const	FORMAT_BASENAME	1	1
const	FORMAT_CHARACTER	1	1
const	FORMAT_CLIENTS	1	1
const	FORMAT_CLIENT_ENVIRON	1	1
const	FORMAT_CLIENT_TERMCAP	1	1
const	FORMAT_CLIENT_TERMFEAT	1	1
const	FORMAT_COLOUR	1	1
const	FORMAT_COLOUR_ESC_BG	1	1
const	FORMAT_COLOUR_ESC_FG	1	1
const	FORMAT_CYCLE	1	1
const	FORMAT_CYCLE_PERIOD	1	1
const	FORMAT_DIFFERENCE	1	1
const	FORMAT_DIRNAME	1	1
const	FORMAT_ENVIRON	1	1
const	FORMAT_EXPAND	1	1
const	FORMAT_EXPANDTIME	1	1
const	FORMAT_EXPAND_NOCYCLE	1	1
const	FORMAT_EXPAND_NOJOBS	1	1
const	FORMAT_EXPAND_TIME	1	1
const	FORMAT_FORCE	2	1
const	FORMAT_LENGTH	1	1
const	FORMAT_LITERAL	1	1
const	FORMAT_LOOP_LIMIT	1	1
const	FORMAT_MAX_PRECISION	1	1
const	FORMAT_MAX_REPEAT	1	1
const	FORMAT_MAX_WIDTH	1	1
const	FORMAT_NOJOBS	9	1
const	FORMAT_NONE	24	1
const	FORMAT_NOT	1	1
const	FORMAT_NOT_NOT	1	1
const	FORMAT_OPTIONS	1	1
const	FORMAT_PANE	4	1
const	FORMAT_PANES	1	1
const	FORMAT_PRETTY	1	1
const	FORMAT_QUOTE_ARGUMENTS	1	1
const	FORMAT_QUOTE_SHELL	1	1
const	FORMAT_QUOTE_SHELL_SQ	1	1
const	FORMAT_QUOTE_STYLE	1	1
const	FORMAT_RELATIVE	1	1
const	FORMAT_REPEAT	1	1
const	FORMAT_SESSIONS	1	1
const	FORMAT_SESSION_NAME	1	1
const	FORMAT_STATUS	3	1
const	FORMAT_TABLE_STRING	1	1
const	FORMAT_TABLE_TIME	1	1
const	FORMAT_TIMESTRING	1	1
const	FORMAT_TIME_LIMIT	1	1
const	FORMAT_TIME_LOOP_CHECK	1	1
const	FORMAT_TYPE_PANE	1	1
const	FORMAT_TYPE_SESSION	1	1
const	FORMAT_TYPE_UNKNOWN	1	1
const	FORMAT_TYPE_WINDOW	1	1
const	FORMAT_VERBOSE	2	1
const	FORMAT_WIDTH	1	1
const	FORMAT_WINDOW	4	1
const	FORMAT_WINDOWS	1	1
const	FORMAT_WINDOW_NAME	1	1
const	FUZZY_BONUS_BOUNDARY	1	1
const	FUZZY_BONUS_CONSECUTIVE	1	1
const	FUZZY_BONUS_EXACT	1	1
const	FUZZY_BONUS_PREFIX	1	1
const	FUZZY_BONUS_START	1	1
const	FUZZY_BONUS_SUFFIX	1	1
const	FUZZY_PENALTY_GAP	1	1
const	FUZZY_PENALTY_LEADING	1	1
const	FUZZY_PENALTY_LEADING_MAX	1	1
const	F_GETFL	1	1
const	F_SETFD	1	1
const	F_SETFL	1	1
const	GLOB_NOMATCH	1	1
const	GLOB_NOSPACE	1	1
const	GREATER_THAN	1	1
const	GREATER_THAN_EQUAL	1	1
const	GRID_ATTR_ALL_UNDERSCORE	1	1
const	GRID_ATTR_BLINK	1	1
const	GRID_ATTR_BRIGHT	1	1
const	GRID_ATTR_CHARSET	1	1
const	GRID_ATTR_DIM	1	1
const	GRID_ATTR_HIDDEN	1	1
const	GRID_ATTR_ITALICS	1	1
const	GRID_ATTR_NOATTR	1	1
const	GRID_ATTR_OVERLINE	1	1
const	GRID_ATTR_REVERSE	1	1
const	GRID_ATTR_STRIKETHROUGH	1	1
const	GRID_ATTR_UNDERSCORE	1	1
const	GRID_ATTR_UNDERSCORE_2	1	1
const	GRID_ATTR_UNDERSCORE_3	1	1
const	GRID_ATTR_UNDERSCORE_4	1	1
const	GRID_ATTR_UNDERSCORE_5	1	1
const	GRID_FLAG_BG256	1	1
const	GRID_FLAG_CLEARED	1	1
const	GRID_FLAG_EXTENDED	1	1
const	GRID_FLAG_FG256	1	1
const	GRID_FLAG_NOPALETTE	1	1
const	GRID_FLAG_PADDING	1	1
const	GRID_FLAG_SELECTED	1	1
const	GRID_FLAG_TAB	1	1
const	GRID_HISTORY	1	1
const	GRID_LINE_DEAD	1	1
const	GRID_LINE_END_OUTPUT	1	1
const	GRID_LINE_EXTENDED	1	1
const	GRID_LINE_HYPERLINK	1	1
const	GRID_LINE_OSC133_FLAGS	1	1
const	GRID_LINE_SECOND_PROMPT	1	1
const	GRID_LINE_START_COMMAND	1	1
const	GRID_LINE_START_OUTPUT	1	1
const	GRID_LINE_START_PROMPT	1	1
const	GRID_LINE_WRAPPED	1	1
const	GRID_STRING_EMPTY_CELLS	1	1
const	GRID_STRING_ESCAPE_SEQUENCES	1	1
const	GRID_STRING_TRIM_SPACES	1	1
const	GRID_STRING_WITH_SEQUENCES	1	1
const	HANGULJAMO_CLASS_CHOSEONG	1	1
const	HANGULJAMO_CLASS_JONGSEONG	1	1
const	HANGULJAMO_CLASS_JUNGSEONG	1	1
const	HANGULJAMO_CLASS_NOT_HANGULJAMO	1	1
const	HANGULJAMO_STATE_CHOSEONG	2	1
const	HANGULJAMO_STATE_COMPOSABLE	2	1
const	HANGULJAMO_STATE_NOT_COMPOSABLE	2	1
const	HANGULJAMO_STATE_NOT_HANGULJAMO	2	1
const	HANGULJAMO_SUBCLASS_CHOSEONG	1	1
const	HANGULJAMO_SUBCLASS_CHOSEONG_FILLER	1	1
const	HANGULJAMO_SUBCLASS_EXTENDED_OLD_CHOSEONG	1	1
const	HANGULJAMO_SUBCLASS_EXTENDED_OLD_JONGSEONG	1	1
const	HANGULJAMO_SUBCLASS_EXTENDED_OLD_JUNGSEONG	1	1
const	HANGULJAMO_SUBCLASS_JONGSEONG	1	1
const	HANGULJAMO_SUBCLASS_JUNGSEONG	1	1
const	HANGULJAMO_SUBCLASS_JUNGSEONG_FILLER	1	1
const	HANGULJAMO_SUBCLASS_NOT_HANGULJAMO	1	1
const	HANGULJAMO_SUBCLASS_OLD_CHOSEONG	1	1
const	HANGULJAMO_SUBCLASS_OLD_JONGSEONG	1	1
const	HANGULJAMO_SUBCLASS_OLD_JUNGSEONG	1	1
const	HIDDEN	1	1
const	HUPCL	1	1
const	IBUF_FD_MARK_ON_STACK	1	1
const	IBUF_READ_SIZE	1	1
const	ICANON	1	1
const	ICRNL	2	1
const	IEXTEN	1	1
const	IF	1	1
const	IGNBRK	1	1
const	IGNCR	1	1
const	IMAXBEL	1	1
const	IMSG_ALLOW_FDPASS	1	1
const	IMSG_FD_MARK	1	1
const	IMSG_HEADER_SIZE	5	1
const	INFTIM	1	1
const	INLCR	1	1
const	INORDER	1	1
const	INPUT_BUF_DEFAULT_SIZE	2	1
const	INPUT_BUF_START	1	1
const	INPUT_CSI_CBT	1	1
const	INPUT_CSI_CNL	1	1
const	INPUT_CSI_CPL	1	1
const	INPUT_CSI_CUB	1	1
const	INPUT_CSI_CUD	1	1
const	INPUT_CSI_CUF	1	1
const	INPUT_CSI_CUP	1	1
const	INPUT_CSI_CUU	1	1
const	INPUT_CSI_DA	1	1
const	INPUT_CSI_DA_TWO	1	1
const	INPUT_CSI_DCH	1	1
const	INPUT_CSI_DECSCUSR	1	1
const	INPUT_CSI_DECSTBM	1	1
const	INPUT_CSI_DL	1	1
const	INPUT_CSI_DSR	1	1
const	INPUT_CSI_DSR_PRIVATE	1	1
const	INPUT_CSI_ECH	1	1
const	INPUT_CSI_ED	1	1
const	INPUT_CSI_EL	1	1
const	INPUT_CSI_HPA	1	1
const	INPUT_CSI_ICH	1	1
const	INPUT_CSI_IL	1	1
const	INPUT_CSI_MODOFF	1	1
const	INPUT_CSI_MODSET	1	1
const	INPUT_CSI_QUERY	1	1
const	INPUT_CSI_QUERY_PRIVATE	1	1
const	INPUT_CSI_RCP	1	1
const	INPUT_CSI_REP	1	1
const	INPUT_CSI_RM	1	1
const	INPUT_CSI_RM_PRIVATE	1	1
const	INPUT_CSI_SCP	1	1
const	INPUT_CSI_SD	1	1
const	INPUT_CSI_SGR	1	1
const	INPUT_CSI_SM	1	1
const	INPUT_CSI_SM_GRAPHICS	1	1
const	INPUT_CSI_SM_PRIVATE	1	1
const	INPUT_CSI_SU	1	1
const	INPUT_CSI_TBC	1	1
const	INPUT_CSI_VPA	1	1
const	INPUT_CSI_WINOPS	1	1
const	INPUT_CSI_XDA	1	1
const	INPUT_DISCARD	1	1
const	INPUT_END_BEL	1	1
const	INPUT_END_ST	1	1
const	INPUT_ESC_DECALN	1	1
const	INPUT_ESC_DECKPAM	1	1
const	INPUT_ESC_DECKPNM	1	1
const	INPUT_ESC_DECRC	1	1
const	INPUT_ESC_DECSC	1	1
const	INPUT_ESC_HTS	1	1
const	INPUT_ESC_IND	1	1
const	INPUT_ESC_NEL	1	1
const	INPUT_ESC_RI	1	1
const	INPUT_ESC_RIS	1	1
const	INPUT_ESC_SCSG0_OFF	1	1
const	INPUT_ESC_SCSG0_ON	1	1
const	INPUT_ESC_SCSG1_OFF	1	1
const	INPUT_ESC_SCSG1_ON	1	1
const	INPUT_ESC_ST	1	1
const	INPUT_LAST	1	1
const	INPUT_MISSING	1	1
const	INPUT_NUMBER	1	1
const	INPUT_REQUEST_CLIPBOARD	2	1
const	INPUT_REQUEST_PALETTE	2	1
const	INPUT_REQUEST_QUEUE	2	1
const	INPUT_REQUEST_TIMEOUT	1	1
const	INPUT_STRING	1	1
const	INT64_MAX	1	1
const	INT_MAX	15	1
const	INT_MIN	3	1
const	INVALID	1	1
const	IOV_MAX	1	1
const	ISIG	1	1
const	ISTRIP	1	1
const	IUTF8	1	1
const	IXANY	1	1
const	IXOFF	1	1
const	IXON	1	1
const	JOB_CLOSED	1	1
const	JOB_DEAD	1	1
const	JOB_DEFAULTSHELL	2	1
const	JOB_KEEPWRITE	2	1
const	JOB_NOWAIT	5	1
const	JOB_PTY	2	1
const	JOB_RUNNING	1	1
const	JOB_SHOWSTDERR	2	1
const	KEYC_ANY	1	1
const	KEYC_BSPACE	1	1
const	KEYC_BTAB	1	1
const	KEYC_BUILD_MODIFIERS	1	1
const	KEYC_CLICK_TIMEOUT	1	1
const	KEYC_CTRL	1	1
const	KEYC_CURSOR	1	1
const	KEYC_DC	1	1
const	KEYC_DOUBLECLICK	1	1
const	KEYC_DOUBLECLICK10_BORDER	1	1
const	KEYC_DOUBLECLICK10_CONTROL0	1	1
const	KEYC_DOUBLECLICK10_CONTROL1	1	1
const	KEYC_DOUBLECLICK10_CONTROL2	1	1
const	KEYC_DOUBLECLICK10_CONTROL3	1	1
const	KEYC_DOUBLECLICK10_CONTROL4	1	1
const	KEYC_DOUBLECLICK10_CONTROL5	1	1
const	KEYC_DOUBLECLICK10_CONTROL6	1	1
const	KEYC_DOUBLECLICK10_CONTROL7	1	1
const	KEYC_DOUBLECLICK10_CONTROL8	1	1
const	KEYC_DOUBLECLICK10_CONTROL9	1	1
const	KEYC_DOUBLECLICK10_EMPTY	1	1
const	KEYC_DOUBLECLICK10_PANE	1	1
const	KEYC_DOUBLECLICK10_SCROLLBAR_DOWN	1	1
const	KEYC_DOUBLECLICK10_SCROLLBAR_SLIDER	1	1
const	KEYC_DOUBLECLICK10_SCROLLBAR_UP	1	1
const	KEYC_DOUBLECLICK10_STATUS	1	1
const	KEYC_DOUBLECLICK10_STATUS_DEFAULT	1	1
const	KEYC_DOUBLECLICK10_STATUS_LEFT	1	1
const	KEYC_DOUBLECLICK10_STATUS_RIGHT	1	1
const	KEYC_DOUBLECLICK11_BORDER	1	1
const	KEYC_DOUBLECLICK11_CONTROL0	1	1
const	KEYC_DOUBLECLICK11_CONTROL1	1	1
const	KEYC_DOUBLECLICK11_CONTROL2	1	1
const	KEYC_DOUBLECLICK11_CONTROL3	1	1
const	KEYC_DOUBLECLICK11_CONTROL4	1	1
const	KEYC_DOUBLECLICK11_CONTROL5	1	1
const	KEYC_DOUBLECLICK11_CONTROL6	1	1
const	KEYC_DOUBLECLICK11_CONTROL7	1	1
const	KEYC_DOUBLECLICK11_CONTROL8	1	1
const	KEYC_DOUBLECLICK11_CONTROL9	1	1
const	KEYC_DOUBLECLICK11_EMPTY	1	1
const	KEYC_DOUBLECLICK11_PANE	1	1
const	KEYC_DOUBLECLICK11_SCROLLBAR_DOWN	1	1
const	KEYC_DOUBLECLICK11_SCROLLBAR_SLIDER	1	1
const	KEYC_DOUBLECLICK11_SCROLLBAR_UP	1	1
const	KEYC_DOUBLECLICK11_STATUS	1	1
const	KEYC_DOUBLECLICK11_STATUS_DEFAULT	1	1
const	KEYC_DOUBLECLICK11_STATUS_LEFT	1	1
const	KEYC_DOUBLECLICK11_STATUS_RIGHT	1	1
const	KEYC_DOUBLECLICK1_BORDER	1	1
const	KEYC_DOUBLECLICK1_CONTROL0	1	1
const	KEYC_DOUBLECLICK1_CONTROL1	1	1
const	KEYC_DOUBLECLICK1_CONTROL2	1	1
const	KEYC_DOUBLECLICK1_CONTROL3	1	1
const	KEYC_DOUBLECLICK1_CONTROL4	1	1
const	KEYC_DOUBLECLICK1_CONTROL5	1	1
const	KEYC_DOUBLECLICK1_CONTROL6	1	1
const	KEYC_DOUBLECLICK1_CONTROL7	1	1
const	KEYC_DOUBLECLICK1_CONTROL8	1	1
const	KEYC_DOUBLECLICK1_CONTROL9	1	1
const	KEYC_DOUBLECLICK1_EMPTY	1	1
const	KEYC_DOUBLECLICK1_PANE	1	1
const	KEYC_DOUBLECLICK1_SCROLLBAR_DOWN	1	1
const	KEYC_DOUBLECLICK1_SCROLLBAR_SLIDER	1	1
const	KEYC_DOUBLECLICK1_SCROLLBAR_UP	1	1
const	KEYC_DOUBLECLICK1_STATUS	1	1
const	KEYC_DOUBLECLICK1_STATUS_DEFAULT	1	1
const	KEYC_DOUBLECLICK1_STATUS_LEFT	1	1
const	KEYC_DOUBLECLICK1_STATUS_RIGHT	1	1
const	KEYC_DOUBLECLICK2_BORDER	1	1
const	KEYC_DOUBLECLICK2_CONTROL0	1	1
const	KEYC_DOUBLECLICK2_CONTROL1	1	1
const	KEYC_DOUBLECLICK2_CONTROL2	1	1
const	KEYC_DOUBLECLICK2_CONTROL3	1	1
const	KEYC_DOUBLECLICK2_CONTROL4	1	1
const	KEYC_DOUBLECLICK2_CONTROL5	1	1
const	KEYC_DOUBLECLICK2_CONTROL6	1	1
const	KEYC_DOUBLECLICK2_CONTROL7	1	1
const	KEYC_DOUBLECLICK2_CONTROL8	1	1
const	KEYC_DOUBLECLICK2_CONTROL9	1	1
const	KEYC_DOUBLECLICK2_EMPTY	1	1
const	KEYC_DOUBLECLICK2_PANE	1	1
const	KEYC_DOUBLECLICK2_SCROLLBAR_DOWN	1	1
const	KEYC_DOUBLECLICK2_SCROLLBAR_SLIDER	1	1
const	KEYC_DOUBLECLICK2_SCROLLBAR_UP	1	1
const	KEYC_DOUBLECLICK2_STATUS	1	1
const	KEYC_DOUBLECLICK2_STATUS_DEFAULT	1	1
const	KEYC_DOUBLECLICK2_STATUS_LEFT	1	1
const	KEYC_DOUBLECLICK2_STATUS_RIGHT	1	1
const	KEYC_DOUBLECLICK3_BORDER	1	1
const	KEYC_DOUBLECLICK3_CONTROL0	1	1
const	KEYC_DOUBLECLICK3_CONTROL1	1	1
const	KEYC_DOUBLECLICK3_CONTROL2	1	1
const	KEYC_DOUBLECLICK3_CONTROL3	1	1
const	KEYC_DOUBLECLICK3_CONTROL4	1	1
const	KEYC_DOUBLECLICK3_CONTROL5	1	1
const	KEYC_DOUBLECLICK3_CONTROL6	1	1
const	KEYC_DOUBLECLICK3_CONTROL7	1	1
const	KEYC_DOUBLECLICK3_CONTROL8	1	1
const	KEYC_DOUBLECLICK3_CONTROL9	1	1
const	KEYC_DOUBLECLICK3_EMPTY	1	1
const	KEYC_DOUBLECLICK3_PANE	1	1
const	KEYC_DOUBLECLICK3_SCROLLBAR_DOWN	1	1
const	KEYC_DOUBLECLICK3_SCROLLBAR_SLIDER	1	1
const	KEYC_DOUBLECLICK3_SCROLLBAR_UP	1	1
const	KEYC_DOUBLECLICK3_STATUS	1	1
const	KEYC_DOUBLECLICK3_STATUS_DEFAULT	1	1
const	KEYC_DOUBLECLICK3_STATUS_LEFT	1	1
const	KEYC_DOUBLECLICK3_STATUS_RIGHT	1	1
const	KEYC_DOUBLECLICK6_BORDER	1	1
const	KEYC_DOUBLECLICK6_CONTROL0	1	1
const	KEYC_DOUBLECLICK6_CONTROL1	1	1
const	KEYC_DOUBLECLICK6_CONTROL2	1	1
const	KEYC_DOUBLECLICK6_CONTROL3	1	1
const	KEYC_DOUBLECLICK6_CONTROL4	1	1
const	KEYC_DOUBLECLICK6_CONTROL5	1	1
const	KEYC_DOUBLECLICK6_CONTROL6	1	1
const	KEYC_DOUBLECLICK6_CONTROL7	1	1
const	KEYC_DOUBLECLICK6_CONTROL8	1	1
const	KEYC_DOUBLECLICK6_CONTROL9	1	1
const	KEYC_DOUBLECLICK6_EMPTY	1	1
const	KEYC_DOUBLECLICK6_PANE	1	1
const	KEYC_DOUBLECLICK6_SCROLLBAR_DOWN	1	1
const	KEYC_DOUBLECLICK6_SCROLLBAR_SLIDER	1	1
const	KEYC_DOUBLECLICK6_SCROLLBAR_UP	1	1
const	KEYC_DOUBLECLICK6_STATUS	1	1
const	KEYC_DOUBLECLICK6_STATUS_DEFAULT	1	1
const	KEYC_DOUBLECLICK6_STATUS_LEFT	1	1
const	KEYC_DOUBLECLICK6_STATUS_RIGHT	1	1
const	KEYC_DOUBLECLICK7_BORDER	1	1
const	KEYC_DOUBLECLICK7_CONTROL0	1	1
const	KEYC_DOUBLECLICK7_CONTROL1	1	1
const	KEYC_DOUBLECLICK7_CONTROL2	1	1
const	KEYC_DOUBLECLICK7_CONTROL3	1	1
const	KEYC_DOUBLECLICK7_CONTROL4	1	1
const	KEYC_DOUBLECLICK7_CONTROL5	1	1
const	KEYC_DOUBLECLICK7_CONTROL6	1	1
const	KEYC_DOUBLECLICK7_CONTROL7	1	1
const	KEYC_DOUBLECLICK7_CONTROL8	1	1
const	KEYC_DOUBLECLICK7_CONTROL9	1	1
const	KEYC_DOUBLECLICK7_EMPTY	1	1
const	KEYC_DOUBLECLICK7_PANE	1	1
const	KEYC_DOUBLECLICK7_SCROLLBAR_DOWN	1	1
const	KEYC_DOUBLECLICK7_SCROLLBAR_SLIDER	1	1
const	KEYC_DOUBLECLICK7_SCROLLBAR_UP	1	1
const	KEYC_DOUBLECLICK7_STATUS	1	1
const	KEYC_DOUBLECLICK7_STATUS_DEFAULT	1	1
const	KEYC_DOUBLECLICK7_STATUS_LEFT	1	1
const	KEYC_DOUBLECLICK7_STATUS_RIGHT	1	1
const	KEYC_DOUBLECLICK8_BORDER	1	1
const	KEYC_DOUBLECLICK8_CONTROL0	1	1
const	KEYC_DOUBLECLICK8_CONTROL1	1	1
const	KEYC_DOUBLECLICK8_CONTROL2	1	1
const	KEYC_DOUBLECLICK8_CONTROL3	1	1
const	KEYC_DOUBLECLICK8_CONTROL4	1	1
const	KEYC_DOUBLECLICK8_CONTROL5	1	1
const	KEYC_DOUBLECLICK8_CONTROL6	1	1
const	KEYC_DOUBLECLICK8_CONTROL7	1	1
const	KEYC_DOUBLECLICK8_CONTROL8	1	1
const	KEYC_DOUBLECLICK8_CONTROL9	1	1
const	KEYC_DOUBLECLICK8_EMPTY	1	1
const	KEYC_DOUBLECLICK8_PANE	1	1
const	KEYC_DOUBLECLICK8_SCROLLBAR_DOWN	1	1
const	KEYC_DOUBLECLICK8_SCROLLBAR_SLIDER	1	1
const	KEYC_DOUBLECLICK8_SCROLLBAR_UP	1	1
const	KEYC_DOUBLECLICK8_STATUS	1	1
const	KEYC_DOUBLECLICK8_STATUS_DEFAULT	1	1
const	KEYC_DOUBLECLICK8_STATUS_LEFT	1	1
const	KEYC_DOUBLECLICK8_STATUS_RIGHT	1	1
const	KEYC_DOUBLECLICK9_BORDER	1	1
const	KEYC_DOUBLECLICK9_CONTROL0	1	1
const	KEYC_DOUBLECLICK9_CONTROL1	1	1
const	KEYC_DOUBLECLICK9_CONTROL2	1	1
const	KEYC_DOUBLECLICK9_CONTROL3	1	1
const	KEYC_DOUBLECLICK9_CONTROL4	1	1
const	KEYC_DOUBLECLICK9_CONTROL5	1	1
const	KEYC_DOUBLECLICK9_CONTROL6	1	1
const	KEYC_DOUBLECLICK9_CONTROL7	1	1
const	KEYC_DOUBLECLICK9_CONTROL8	1	1
const	KEYC_DOUBLECLICK9_CONTROL9	1	1
const	KEYC_DOUBLECLICK9_EMPTY	1	1
const	KEYC_DOUBLECLICK9_PANE	1	1
const	KEYC_DOUBLECLICK9_SCROLLBAR_DOWN	1	1
const	KEYC_DOUBLECLICK9_SCROLLBAR_SLIDER	1	1
const	KEYC_DOUBLECLICK9_SCROLLBAR_UP	1	1
const	KEYC_DOUBLECLICK9_STATUS	1	1
const	KEYC_DOUBLECLICK9_STATUS_DEFAULT	1	1
const	KEYC_DOUBLECLICK9_STATUS_LEFT	1	1
const	KEYC_DOUBLECLICK9_STATUS_RIGHT	1	1
const	KEYC_DOUBLECLICK_BORDER	1	1
const	KEYC_DOUBLECLICK_CONTROL0	1	1
const	KEYC_DOUBLECLICK_CONTROL1	1	1
const	KEYC_DOUBLECLICK_CONTROL2	1	1
const	KEYC_DOUBLECLICK_CONTROL3	1	1
const	KEYC_DOUBLECLICK_CONTROL4	1	1
const	KEYC_DOUBLECLICK_CONTROL5	1	1
const	KEYC_DOUBLECLICK_CONTROL6	1	1
const	KEYC_DOUBLECLICK_CONTROL7	1	1
const	KEYC_DOUBLECLICK_CONTROL8	1	1
const	KEYC_DOUBLECLICK_CONTROL9	1	1
const	KEYC_DOUBLECLICK_EMPTY	1	1
const	KEYC_DOUBLECLICK_PANE	1	1
const	KEYC_DOUBLECLICK_SCROLLBAR_DOWN	1	1
const	KEYC_DOUBLECLICK_SCROLLBAR_SLIDER	1	1
const	KEYC_DOUBLECLICK_SCROLLBAR_UP	1	1
const	KEYC_DOUBLECLICK_STATUS	1	1
const	KEYC_DOUBLECLICK_STATUS_DEFAULT	1	1
const	KEYC_DOUBLECLICK_STATUS_LEFT	1	1
const	KEYC_DOUBLECLICK_STATUS_RIGHT	1	1
const	KEYC_DOWN	1	1
const	KEYC_DRAGGING	1	1
const	KEYC_END	1	1
const	KEYC_F1	1	1
const	KEYC_F10	1	1
const	KEYC_F11	1	1
const	KEYC_F12	1	1
const	KEYC_F2	1	1
const	KEYC_F3	1	1
const	KEYC_F4	1	1
const	KEYC_F5	1	1
const	KEYC_F6	1	1
const	KEYC_F7	1	1
const	KEYC_F8	1	1
const	KEYC_F9	1	1
const	KEYC_FOCUS_IN	1	1
const	KEYC_FOCUS_OUT	1	1
const	KEYC_HOME	1	1
const	KEYC_IC	1	1
const	KEYC_IMPLIED_META	1	1
const	KEYC_KEYPAD	1	1
const	KEYC_KP_EIGHT	1	1
const	KEYC_KP_ENTER	1	1
const	KEYC_KP_FIVE	1	1
const	KEYC_KP_FOUR	1	1
const	KEYC_KP_MINUS	1	1
const	KEYC_KP_NINE	1	1
const	KEYC_KP_ONE	1	1
const	KEYC_KP_PERIOD	1	1
const	KEYC_KP_PLUS	1	1
const	KEYC_KP_SEVEN	1	1
const	KEYC_KP_SIX	1	1
const	KEYC_KP_SLASH	1	1
const	KEYC_KP_STAR	1	1
const	KEYC_KP_THREE	1	1
const	KEYC_KP_TWO	1	1
const	KEYC_KP_ZERO	1	1
const	KEYC_LEFT	1	1
const	KEYC_LITERAL	1	1
const	KEYC_MASK_FLAGS	1	1
const	KEYC_MASK_KEY	1	1
const	KEYC_MASK_MODIFIERS	1	1
const	KEYC_MASK_TYPE	1	1
const	KEYC_META	1	1
const	KEYC_MOUSE	1	1
const	KEYC_MOUSEDOWN10_BORDER	1	1
const	KEYC_MOUSEDOWN10_CONTROL0	1	1
const	KEYC_MOUSEDOWN10_CONTROL1	1	1
const	KEYC_MOUSEDOWN10_CONTROL2	1	1
const	KEYC_MOUSEDOWN10_CONTROL3	1	1
const	KEYC_MOUSEDOWN10_CONTROL4	1	1
const	KEYC_MOUSEDOWN10_CONTROL5	1	1
const	KEYC_MOUSEDOWN10_CONTROL6	1	1
const	KEYC_MOUSEDOWN10_CONTROL7	1	1
const	KEYC_MOUSEDOWN10_CONTROL8	1	1
const	KEYC_MOUSEDOWN10_CONTROL9	1	1
const	KEYC_MOUSEDOWN10_EMPTY	1	1
const	KEYC_MOUSEDOWN10_PANE	1	1
const	KEYC_MOUSEDOWN10_SCROLLBAR_DOWN	1	1
const	KEYC_MOUSEDOWN10_SCROLLBAR_SLIDER	1	1
const	KEYC_MOUSEDOWN10_SCROLLBAR_UP	1	1
const	KEYC_MOUSEDOWN10_STATUS	1	1
const	KEYC_MOUSEDOWN10_STATUS_DEFAULT	1	1
const	KEYC_MOUSEDOWN10_STATUS_LEFT	1	1
const	KEYC_MOUSEDOWN10_STATUS_RIGHT	1	1
const	KEYC_MOUSEDOWN11_BORDER	1	1
const	KEYC_MOUSEDOWN11_CONTROL0	1	1
const	KEYC_MOUSEDOWN11_CONTROL1	1	1
const	KEYC_MOUSEDOWN11_CONTROL2	1	1
const	KEYC_MOUSEDOWN11_CONTROL3	1	1
const	KEYC_MOUSEDOWN11_CONTROL4	1	1
const	KEYC_MOUSEDOWN11_CONTROL5	1	1
const	KEYC_MOUSEDOWN11_CONTROL6	1	1
const	KEYC_MOUSEDOWN11_CONTROL7	1	1
const	KEYC_MOUSEDOWN11_CONTROL8	1	1
const	KEYC_MOUSEDOWN11_CONTROL9	1	1
const	KEYC_MOUSEDOWN11_EMPTY	1	1
const	KEYC_MOUSEDOWN11_PANE	1	1
const	KEYC_MOUSEDOWN11_SCROLLBAR_DOWN	1	1
const	KEYC_MOUSEDOWN11_SCROLLBAR_SLIDER	1	1
const	KEYC_MOUSEDOWN11_SCROLLBAR_UP	1	1
const	KEYC_MOUSEDOWN11_STATUS	1	1
const	KEYC_MOUSEDOWN11_STATUS_DEFAULT	1	1
const	KEYC_MOUSEDOWN11_STATUS_LEFT	1	1
const	KEYC_MOUSEDOWN11_STATUS_RIGHT	1	1
const	KEYC_MOUSEDOWN1_BORDER	1	1
const	KEYC_MOUSEDOWN1_CONTROL0	1	1
const	KEYC_MOUSEDOWN1_CONTROL1	1	1
const	KEYC_MOUSEDOWN1_CONTROL2	1	1
const	KEYC_MOUSEDOWN1_CONTROL3	1	1
const	KEYC_MOUSEDOWN1_CONTROL4	1	1
const	KEYC_MOUSEDOWN1_CONTROL5	1	1
const	KEYC_MOUSEDOWN1_CONTROL6	1	1
const	KEYC_MOUSEDOWN1_CONTROL7	1	1
const	KEYC_MOUSEDOWN1_CONTROL8	1	1
const	KEYC_MOUSEDOWN1_CONTROL9	1	1
const	KEYC_MOUSEDOWN1_EMPTY	1	1
const	KEYC_MOUSEDOWN1_PANE	1	1
const	KEYC_MOUSEDOWN1_SCROLLBAR_DOWN	1	1
const	KEYC_MOUSEDOWN1_SCROLLBAR_SLIDER	1	1
const	KEYC_MOUSEDOWN1_SCROLLBAR_UP	1	1
const	KEYC_MOUSEDOWN1_STATUS	1	1
const	KEYC_MOUSEDOWN1_STATUS_DEFAULT	1	1
const	KEYC_MOUSEDOWN1_STATUS_LEFT	1	1
const	KEYC_MOUSEDOWN1_STATUS_RIGHT	1	1
const	KEYC_MOUSEDOWN2_BORDER	1	1
const	KEYC_MOUSEDOWN2_CONTROL0	1	1
const	KEYC_MOUSEDOWN2_CONTROL1	1	1
const	KEYC_MOUSEDOWN2_CONTROL2	1	1
const	KEYC_MOUSEDOWN2_CONTROL3	1	1
const	KEYC_MOUSEDOWN2_CONTROL4	1	1
const	KEYC_MOUSEDOWN2_CONTROL5	1	1
const	KEYC_MOUSEDOWN2_CONTROL6	1	1
const	KEYC_MOUSEDOWN2_CONTROL7	1	1
const	KEYC_MOUSEDOWN2_CONTROL8	1	1
const	KEYC_MOUSEDOWN2_CONTROL9	1	1
const	KEYC_MOUSEDOWN2_EMPTY	1	1
const	KEYC_MOUSEDOWN2_PANE	1	1
const	KEYC_MOUSEDOWN2_SCROLLBAR_DOWN	1	1
const	KEYC_MOUSEDOWN2_SCROLLBAR_SLIDER	1	1
const	KEYC_MOUSEDOWN2_SCROLLBAR_UP	1	1
const	KEYC_MOUSEDOWN2_STATUS	1	1
const	KEYC_MOUSEDOWN2_STATUS_DEFAULT	1	1
const	KEYC_MOUSEDOWN2_STATUS_LEFT	1	1
const	KEYC_MOUSEDOWN2_STATUS_RIGHT	1	1
const	KEYC_MOUSEDOWN3_BORDER	1	1
const	KEYC_MOUSEDOWN3_CONTROL0	1	1
const	KEYC_MOUSEDOWN3_CONTROL1	1	1
const	KEYC_MOUSEDOWN3_CONTROL2	1	1
const	KEYC_MOUSEDOWN3_CONTROL3	1	1
const	KEYC_MOUSEDOWN3_CONTROL4	1	1
const	KEYC_MOUSEDOWN3_CONTROL5	1	1
const	KEYC_MOUSEDOWN3_CONTROL6	1	1
const	KEYC_MOUSEDOWN3_CONTROL7	1	1
const	KEYC_MOUSEDOWN3_CONTROL8	1	1
const	KEYC_MOUSEDOWN3_CONTROL9	1	1
const	KEYC_MOUSEDOWN3_EMPTY	1	1
const	KEYC_MOUSEDOWN3_PANE	1	1
const	KEYC_MOUSEDOWN3_SCROLLBAR_DOWN	1	1
const	KEYC_MOUSEDOWN3_SCROLLBAR_SLIDER	1	1
const	KEYC_MOUSEDOWN3_SCROLLBAR_UP	1	1
const	KEYC_MOUSEDOWN3_STATUS	1	1
const	KEYC_MOUSEDOWN3_STATUS_DEFAULT	1	1
const	KEYC_MOUSEDOWN3_STATUS_LEFT	1	1
const	KEYC_MOUSEDOWN3_STATUS_RIGHT	1	1
const	KEYC_MOUSEDOWN6_BORDER	1	1
const	KEYC_MOUSEDOWN6_CONTROL0	1	1
const	KEYC_MOUSEDOWN6_CONTROL1	1	1
const	KEYC_MOUSEDOWN6_CONTROL2	1	1
const	KEYC_MOUSEDOWN6_CONTROL3	1	1
const	KEYC_MOUSEDOWN6_CONTROL4	1	1
const	KEYC_MOUSEDOWN6_CONTROL5	1	1
const	KEYC_MOUSEDOWN6_CONTROL6	1	1
const	KEYC_MOUSEDOWN6_CONTROL7	1	1
const	KEYC_MOUSEDOWN6_CONTROL8	1	1
const	KEYC_MOUSEDOWN6_CONTROL9	1	1
const	KEYC_MOUSEDOWN6_EMPTY	1	1
const	KEYC_MOUSEDOWN6_PANE	1	1
const	KEYC_MOUSEDOWN6_SCROLLBAR_DOWN	1	1
const	KEYC_MOUSEDOWN6_SCROLLBAR_SLIDER	1	1
const	KEYC_MOUSEDOWN6_SCROLLBAR_UP	1	1
const	KEYC_MOUSEDOWN6_STATUS	1	1
const	KEYC_MOUSEDOWN6_STATUS_DEFAULT	1	1
const	KEYC_MOUSEDOWN6_STATUS_LEFT	1	1
const	KEYC_MOUSEDOWN6_STATUS_RIGHT	1	1
const	KEYC_MOUSEDOWN7_BORDER	1	1
const	KEYC_MOUSEDOWN7_CONTROL0	1	1
const	KEYC_MOUSEDOWN7_CONTROL1	1	1
const	KEYC_MOUSEDOWN7_CONTROL2	1	1
const	KEYC_MOUSEDOWN7_CONTROL3	1	1
const	KEYC_MOUSEDOWN7_CONTROL4	1	1
const	KEYC_MOUSEDOWN7_CONTROL5	1	1
const	KEYC_MOUSEDOWN7_CONTROL6	1	1
const	KEYC_MOUSEDOWN7_CONTROL7	1	1
const	KEYC_MOUSEDOWN7_CONTROL8	1	1
const	KEYC_MOUSEDOWN7_CONTROL9	1	1
const	KEYC_MOUSEDOWN7_EMPTY	1	1
const	KEYC_MOUSEDOWN7_PANE	1	1
const	KEYC_MOUSEDOWN7_SCROLLBAR_DOWN	1	1
const	KEYC_MOUSEDOWN7_SCROLLBAR_SLIDER	1	1
const	KEYC_MOUSEDOWN7_SCROLLBAR_UP	1	1
const	KEYC_MOUSEDOWN7_STATUS	1	1
const	KEYC_MOUSEDOWN7_STATUS_DEFAULT	1	1
const	KEYC_MOUSEDOWN7_STATUS_LEFT	1	1
const	KEYC_MOUSEDOWN7_STATUS_RIGHT	1	1
const	KEYC_MOUSEDOWN8_BORDER	1	1
const	KEYC_MOUSEDOWN8_CONTROL0	1	1
const	KEYC_MOUSEDOWN8_CONTROL1	1	1
const	KEYC_MOUSEDOWN8_CONTROL2	1	1
const	KEYC_MOUSEDOWN8_CONTROL3	1	1
const	KEYC_MOUSEDOWN8_CONTROL4	1	1
const	KEYC_MOUSEDOWN8_CONTROL5	1	1
const	KEYC_MOUSEDOWN8_CONTROL6	1	1
const	KEYC_MOUSEDOWN8_CONTROL7	1	1
const	KEYC_MOUSEDOWN8_CONTROL8	1	1
const	KEYC_MOUSEDOWN8_CONTROL9	1	1
const	KEYC_MOUSEDOWN8_EMPTY	1	1
const	KEYC_MOUSEDOWN8_PANE	1	1
const	KEYC_MOUSEDOWN8_SCROLLBAR_DOWN	1	1
const	KEYC_MOUSEDOWN8_SCROLLBAR_SLIDER	1	1
const	KEYC_MOUSEDOWN8_SCROLLBAR_UP	1	1
const	KEYC_MOUSEDOWN8_STATUS	1	1
const	KEYC_MOUSEDOWN8_STATUS_DEFAULT	1	1
const	KEYC_MOUSEDOWN8_STATUS_LEFT	1	1
const	KEYC_MOUSEDOWN8_STATUS_RIGHT	1	1
const	KEYC_MOUSEDOWN9_BORDER	1	1
const	KEYC_MOUSEDOWN9_CONTROL0	1	1
const	KEYC_MOUSEDOWN9_CONTROL1	1	1
const	KEYC_MOUSEDOWN9_CONTROL2	1	1
const	KEYC_MOUSEDOWN9_CONTROL3	1	1
const	KEYC_MOUSEDOWN9_CONTROL4	1	1
const	KEYC_MOUSEDOWN9_CONTROL5	1	1
const	KEYC_MOUSEDOWN9_CONTROL6	1	1
const	KEYC_MOUSEDOWN9_CONTROL7	1	1
const	KEYC_MOUSEDOWN9_CONTROL8	1	1
const	KEYC_MOUSEDOWN9_CONTROL9	1	1
const	KEYC_MOUSEDOWN9_EMPTY	1	1
const	KEYC_MOUSEDOWN9_PANE	1	1
const	KEYC_MOUSEDOWN9_SCROLLBAR_DOWN	1	1
const	KEYC_MOUSEDOWN9_SCROLLBAR_SLIDER	1	1
const	KEYC_MOUSEDOWN9_SCROLLBAR_UP	1	1
const	KEYC_MOUSEDOWN9_STATUS	1	1
const	KEYC_MOUSEDOWN9_STATUS_DEFAULT	1	1
const	KEYC_MOUSEDOWN9_STATUS_LEFT	1	1
const	KEYC_MOUSEDOWN9_STATUS_RIGHT	1	1
const	KEYC_MOUSEDOWN_BORDER	1	1
const	KEYC_MOUSEDOWN_CONTROL0	1	1
const	KEYC_MOUSEDOWN_CONTROL1	1	1
const	KEYC_MOUSEDOWN_CONTROL2	1	1
const	KEYC_MOUSEDOWN_CONTROL3	1	1
const	KEYC_MOUSEDOWN_CONTROL4	1	1
const	KEYC_MOUSEDOWN_CONTROL5	1	1
const	KEYC_MOUSEDOWN_CONTROL6	1	1
const	KEYC_MOUSEDOWN_CONTROL7	1	1
const	KEYC_MOUSEDOWN_CONTROL8	1	1
const	KEYC_MOUSEDOWN_CONTROL9	1	1
const	KEYC_MOUSEDOWN_EMPTY	1	1
const	KEYC_MOUSEDOWN_PANE	1	1
const	KEYC_MOUSEDOWN_SCROLLBAR_DOWN	1	1
const	KEYC_MOUSEDOWN_SCROLLBAR_SLIDER	1	1
const	KEYC_MOUSEDOWN_SCROLLBAR_UP	1	1
const	KEYC_MOUSEDOWN_STATUS	1	1
const	KEYC_MOUSEDOWN_STATUS_DEFAULT	1	1
const	KEYC_MOUSEDOWN_STATUS_LEFT	1	1
const	KEYC_MOUSEDOWN_STATUS_RIGHT	1	1
const	KEYC_MOUSEDRAG10_BORDER	1	1
const	KEYC_MOUSEDRAG10_CONTROL0	1	1
const	KEYC_MOUSEDRAG10_CONTROL1	1	1
const	KEYC_MOUSEDRAG10_CONTROL2	1	1
const	KEYC_MOUSEDRAG10_CONTROL3	1	1
const	KEYC_MOUSEDRAG10_CONTROL4	1	1
const	KEYC_MOUSEDRAG10_CONTROL5	1	1
const	KEYC_MOUSEDRAG10_CONTROL6	1	1
const	KEYC_MOUSEDRAG10_CONTROL7	1	1
const	KEYC_MOUSEDRAG10_CONTROL8	1	1
const	KEYC_MOUSEDRAG10_CONTROL9	1	1
const	KEYC_MOUSEDRAG10_EMPTY	1	1
const	KEYC_MOUSEDRAG10_PANE	1	1
const	KEYC_MOUSEDRAG10_SCROLLBAR_DOWN	1	1
const	KEYC_MOUSEDRAG10_SCROLLBAR_SLIDER	1	1
const	KEYC_MOUSEDRAG10_SCROLLBAR_UP	1	1
const	KEYC_MOUSEDRAG10_STATUS	1	1
const	KEYC_MOUSEDRAG10_STATUS_DEFAULT	1	1
const	KEYC_MOUSEDRAG10_STATUS_LEFT	1	1
const	KEYC_MOUSEDRAG10_STATUS_RIGHT	1	1
const	KEYC_MOUSEDRAG11_BORDER	1	1
const	KEYC_MOUSEDRAG11_CONTROL0	1	1
const	KEYC_MOUSEDRAG11_CONTROL1	1	1
const	KEYC_MOUSEDRAG11_CONTROL2	1	1
const	KEYC_MOUSEDRAG11_CONTROL3	1	1
const	KEYC_MOUSEDRAG11_CONTROL4	1	1
const	KEYC_MOUSEDRAG11_CONTROL5	1	1
const	KEYC_MOUSEDRAG11_CONTROL6	1	1
const	KEYC_MOUSEDRAG11_CONTROL7	1	1
const	KEYC_MOUSEDRAG11_CONTROL8	1	1
const	KEYC_MOUSEDRAG11_CONTROL9	1	1
const	KEYC_MOUSEDRAG11_EMPTY	1	1
const	KEYC_MOUSEDRAG11_PANE	1	1
const	KEYC_MOUSEDRAG11_SCROLLBAR_DOWN	1	1
const	KEYC_MOUSEDRAG11_SCROLLBAR_SLIDER	1	1
const	KEYC_MOUSEDRAG11_SCROLLBAR_UP	1	1
const	KEYC_MOUSEDRAG11_STATUS	1	1
const	KEYC_MOUSEDRAG11_STATUS_DEFAULT	1	1
const	KEYC_MOUSEDRAG11_STATUS_LEFT	1	1
const	KEYC_MOUSEDRAG11_STATUS_RIGHT	1	1
const	KEYC_MOUSEDRAG1_BORDER	1	1
const	KEYC_MOUSEDRAG1_CONTROL0	1	1
const	KEYC_MOUSEDRAG1_CONTROL1	1	1
const	KEYC_MOUSEDRAG1_CONTROL2	1	1
const	KEYC_MOUSEDRAG1_CONTROL3	1	1
const	KEYC_MOUSEDRAG1_CONTROL4	1	1
const	KEYC_MOUSEDRAG1_CONTROL5	1	1
const	KEYC_MOUSEDRAG1_CONTROL6	1	1
const	KEYC_MOUSEDRAG1_CONTROL7	1	1
const	KEYC_MOUSEDRAG1_CONTROL8	1	1
const	KEYC_MOUSEDRAG1_CONTROL9	1	1
const	KEYC_MOUSEDRAG1_EMPTY	1	1
const	KEYC_MOUSEDRAG1_PANE	1	1
const	KEYC_MOUSEDRAG1_SCROLLBAR_DOWN	1	1
const	KEYC_MOUSEDRAG1_SCROLLBAR_SLIDER	1	1
const	KEYC_MOUSEDRAG1_SCROLLBAR_UP	1	1
const	KEYC_MOUSEDRAG1_STATUS	1	1
const	KEYC_MOUSEDRAG1_STATUS_DEFAULT	1	1
const	KEYC_MOUSEDRAG1_STATUS_LEFT	1	1
const	KEYC_MOUSEDRAG1_STATUS_RIGHT	1	1
const	KEYC_MOUSEDRAG2_BORDER	1	1
const	KEYC_MOUSEDRAG2_CONTROL0	1	1
const	KEYC_MOUSEDRAG2_CONTROL1	1	1
const	KEYC_MOUSEDRAG2_CONTROL2	1	1
const	KEYC_MOUSEDRAG2_CONTROL3	1	1
const	KEYC_MOUSEDRAG2_CONTROL4	1	1
const	KEYC_MOUSEDRAG2_CONTROL5	1	1
const	KEYC_MOUSEDRAG2_CONTROL6	1	1
const	KEYC_MOUSEDRAG2_CONTROL7	1	1
const	KEYC_MOUSEDRAG2_CONTROL8	1	1
const	KEYC_MOUSEDRAG2_CONTROL9	1	1
const	KEYC_MOUSEDRAG2_EMPTY	1	1
const	KEYC_MOUSEDRAG2_PANE	1	1
const	KEYC_MOUSEDRAG2_SCROLLBAR_DOWN	1	1
const	KEYC_MOUSEDRAG2_SCROLLBAR_SLIDER	1	1
const	KEYC_MOUSEDRAG2_SCROLLBAR_UP	1	1
const	KEYC_MOUSEDRAG2_STATUS	1	1
const	KEYC_MOUSEDRAG2_STATUS_DEFAULT	1	1
const	KEYC_MOUSEDRAG2_STATUS_LEFT	1	1
const	KEYC_MOUSEDRAG2_STATUS_RIGHT	1	1
const	KEYC_MOUSEDRAG3_BORDER	1	1
const	KEYC_MOUSEDRAG3_CONTROL0	1	1
const	KEYC_MOUSEDRAG3_CONTROL1	1	1
const	KEYC_MOUSEDRAG3_CONTROL2	1	1
const	KEYC_MOUSEDRAG3_CONTROL3	1	1
const	KEYC_MOUSEDRAG3_CONTROL4	1	1
const	KEYC_MOUSEDRAG3_CONTROL5	1	1
const	KEYC_MOUSEDRAG3_CONTROL6	1	1
const	KEYC_MOUSEDRAG3_CONTROL7	1	1
const	KEYC_MOUSEDRAG3_CONTROL8	1	1
const	KEYC_MOUSEDRAG3_CONTROL9	1	1
const	KEYC_MOUSEDRAG3_EMPTY	1	1
const	KEYC_MOUSEDRAG3_PANE	1	1
const	KEYC_MOUSEDRAG3_SCROLLBAR_DOWN	1	1
const	KEYC_MOUSEDRAG3_SCROLLBAR_SLIDER	1	1
const	KEYC_MOUSEDRAG3_SCROLLBAR_UP	1	1
const	KEYC_MOUSEDRAG3_STATUS	1	1
const	KEYC_MOUSEDRAG3_STATUS_DEFAULT	1	1
const	KEYC_MOUSEDRAG3_STATUS_LEFT	1	1
const	KEYC_MOUSEDRAG3_STATUS_RIGHT	1	1
const	KEYC_MOUSEDRAG6_BORDER	1	1
const	KEYC_MOUSEDRAG6_CONTROL0	1	1
const	KEYC_MOUSEDRAG6_CONTROL1	1	1
const	KEYC_MOUSEDRAG6_CONTROL2	1	1
const	KEYC_MOUSEDRAG6_CONTROL3	1	1
const	KEYC_MOUSEDRAG6_CONTROL4	1	1
const	KEYC_MOUSEDRAG6_CONTROL5	1	1
const	KEYC_MOUSEDRAG6_CONTROL6	1	1
const	KEYC_MOUSEDRAG6_CONTROL7	1	1
const	KEYC_MOUSEDRAG6_CONTROL8	1	1
const	KEYC_MOUSEDRAG6_CONTROL9	1	1
const	KEYC_MOUSEDRAG6_EMPTY	1	1
const	KEYC_MOUSEDRAG6_PANE	1	1
const	KEYC_MOUSEDRAG6_SCROLLBAR_DOWN	1	1
const	KEYC_MOUSEDRAG6_SCROLLBAR_SLIDER	1	1
const	KEYC_MOUSEDRAG6_SCROLLBAR_UP	1	1
const	KEYC_MOUSEDRAG6_STATUS	1	1
const	KEYC_MOUSEDRAG6_STATUS_DEFAULT	1	1
const	KEYC_MOUSEDRAG6_STATUS_LEFT	1	1
const	KEYC_MOUSEDRAG6_STATUS_RIGHT	1	1
const	KEYC_MOUSEDRAG7_BORDER	1	1
const	KEYC_MOUSEDRAG7_CONTROL0	1	1
const	KEYC_MOUSEDRAG7_CONTROL1	1	1
const	KEYC_MOUSEDRAG7_CONTROL2	1	1
const	KEYC_MOUSEDRAG7_CONTROL3	1	1
const	KEYC_MOUSEDRAG7_CONTROL4	1	1
const	KEYC_MOUSEDRAG7_CONTROL5	1	1
const	KEYC_MOUSEDRAG7_CONTROL6	1	1
const	KEYC_MOUSEDRAG7_CONTROL7	1	1
const	KEYC_MOUSEDRAG7_CONTROL8	1	1
const	KEYC_MOUSEDRAG7_CONTROL9	1	1
const	KEYC_MOUSEDRAG7_EMPTY	1	1
const	KEYC_MOUSEDRAG7_PANE	1	1
const	KEYC_MOUSEDRAG7_SCROLLBAR_DOWN	1	1
const	KEYC_MOUSEDRAG7_SCROLLBAR_SLIDER	1	1
const	KEYC_MOUSEDRAG7_SCROLLBAR_UP	1	1
const	KEYC_MOUSEDRAG7_STATUS	1	1
const	KEYC_MOUSEDRAG7_STATUS_DEFAULT	1	1
const	KEYC_MOUSEDRAG7_STATUS_LEFT	1	1
const	KEYC_MOUSEDRAG7_STATUS_RIGHT	1	1
const	KEYC_MOUSEDRAG8_BORDER	1	1
const	KEYC_MOUSEDRAG8_CONTROL0	1	1
const	KEYC_MOUSEDRAG8_CONTROL1	1	1
const	KEYC_MOUSEDRAG8_CONTROL2	1	1
const	KEYC_MOUSEDRAG8_CONTROL3	1	1
const	KEYC_MOUSEDRAG8_CONTROL4	1	1
const	KEYC_MOUSEDRAG8_CONTROL5	1	1
const	KEYC_MOUSEDRAG8_CONTROL6	1	1
const	KEYC_MOUSEDRAG8_CONTROL7	1	1
const	KEYC_MOUSEDRAG8_CONTROL8	1	1
const	KEYC_MOUSEDRAG8_CONTROL9	1	1
const	KEYC_MOUSEDRAG8_EMPTY	1	1
const	KEYC_MOUSEDRAG8_PANE	1	1
const	KEYC_MOUSEDRAG8_SCROLLBAR_DOWN	1	1
const	KEYC_MOUSEDRAG8_SCROLLBAR_SLIDER	1	1
const	KEYC_MOUSEDRAG8_SCROLLBAR_UP	1	1
const	KEYC_MOUSEDRAG8_STATUS	1	1
const	KEYC_MOUSEDRAG8_STATUS_DEFAULT	1	1
const	KEYC_MOUSEDRAG8_STATUS_LEFT	1	1
const	KEYC_MOUSEDRAG8_STATUS_RIGHT	1	1
const	KEYC_MOUSEDRAG9_BORDER	1	1
const	KEYC_MOUSEDRAG9_CONTROL0	1	1
const	KEYC_MOUSEDRAG9_CONTROL1	1	1
const	KEYC_MOUSEDRAG9_CONTROL2	1	1
const	KEYC_MOUSEDRAG9_CONTROL3	1	1
const	KEYC_MOUSEDRAG9_CONTROL4	1	1
const	KEYC_MOUSEDRAG9_CONTROL5	1	1
const	KEYC_MOUSEDRAG9_CONTROL6	1	1
const	KEYC_MOUSEDRAG9_CONTROL7	1	1
const	KEYC_MOUSEDRAG9_CONTROL8	1	1
const	KEYC_MOUSEDRAG9_CONTROL9	1	1
const	KEYC_MOUSEDRAG9_EMPTY	1	1
const	KEYC_MOUSEDRAG9_PANE	1	1
const	KEYC_MOUSEDRAG9_SCROLLBAR_DOWN	1	1
const	KEYC_MOUSEDRAG9_SCROLLBAR_SLIDER	1	1
const	KEYC_MOUSEDRAG9_SCROLLBAR_UP	1	1
const	KEYC_MOUSEDRAG9_STATUS	1	1
const	KEYC_MOUSEDRAG9_STATUS_DEFAULT	1	1
const	KEYC_MOUSEDRAG9_STATUS_LEFT	1	1
const	KEYC_MOUSEDRAG9_STATUS_RIGHT	1	1
const	KEYC_MOUSEDRAGEND10_BORDER	1	1
const	KEYC_MOUSEDRAGEND10_CONTROL0	1	1
const	KEYC_MOUSEDRAGEND10_CONTROL1	1	1
const	KEYC_MOUSEDRAGEND10_CONTROL2	1	1
const	KEYC_MOUSEDRAGEND10_CONTROL3	1	1
const	KEYC_MOUSEDRAGEND10_CONTROL4	1	1
const	KEYC_MOUSEDRAGEND10_CONTROL5	1	1
const	KEYC_MOUSEDRAGEND10_CONTROL6	1	1
const	KEYC_MOUSEDRAGEND10_CONTROL7	1	1
const	KEYC_MOUSEDRAGEND10_CONTROL8	1	1
const	KEYC_MOUSEDRAGEND10_CONTROL9	1	1
const	KEYC_MOUSEDRAGEND10_EMPTY	1	1
const	KEYC_MOUSEDRAGEND10_PANE	1	1
const	KEYC_MOUSEDRAGEND10_SCROLLBAR_DOWN	1	1
const	KEYC_MOUSEDRAGEND10_SCROLLBAR_SLIDER	1	1
const	KEYC_MOUSEDRAGEND10_SCROLLBAR_UP	1	1
const	KEYC_MOUSEDRAGEND10_STATUS	1	1
const	KEYC_MOUSEDRAGEND10_STATUS_DEFAULT	1	1
const	KEYC_MOUSEDRAGEND10_STATUS_LEFT	1	1
const	KEYC_MOUSEDRAGEND10_STATUS_RIGHT	1	1
const	KEYC_MOUSEDRAGEND11_BORDER	1	1
const	KEYC_MOUSEDRAGEND11_CONTROL0	1	1
const	KEYC_MOUSEDRAGEND11_CONTROL1	1	1
const	KEYC_MOUSEDRAGEND11_CONTROL2	1	1
const	KEYC_MOUSEDRAGEND11_CONTROL3	1	1
const	KEYC_MOUSEDRAGEND11_CONTROL4	1	1
const	KEYC_MOUSEDRAGEND11_CONTROL5	1	1
const	KEYC_MOUSEDRAGEND11_CONTROL6	1	1
const	KEYC_MOUSEDRAGEND11_CONTROL7	1	1
const	KEYC_MOUSEDRAGEND11_CONTROL8	1	1
const	KEYC_MOUSEDRAGEND11_CONTROL9	1	1
const	KEYC_MOUSEDRAGEND11_EMPTY	1	1
const	KEYC_MOUSEDRAGEND11_PANE	1	1
const	KEYC_MOUSEDRAGEND11_SCROLLBAR_DOWN	1	1
const	KEYC_MOUSEDRAGEND11_SCROLLBAR_SLIDER	1	1
const	KEYC_MOUSEDRAGEND11_SCROLLBAR_UP	1	1
const	KEYC_MOUSEDRAGEND11_STATUS	1	1
const	KEYC_MOUSEDRAGEND11_STATUS_DEFAULT	1	1
const	KEYC_MOUSEDRAGEND11_STATUS_LEFT	1	1
const	KEYC_MOUSEDRAGEND11_STATUS_RIGHT	1	1
const	KEYC_MOUSEDRAGEND1_BORDER	1	1
const	KEYC_MOUSEDRAGEND1_CONTROL0	1	1
const	KEYC_MOUSEDRAGEND1_CONTROL1	1	1
const	KEYC_MOUSEDRAGEND1_CONTROL2	1	1
const	KEYC_MOUSEDRAGEND1_CONTROL3	1	1
const	KEYC_MOUSEDRAGEND1_CONTROL4	1	1
const	KEYC_MOUSEDRAGEND1_CONTROL5	1	1
const	KEYC_MOUSEDRAGEND1_CONTROL6	1	1
const	KEYC_MOUSEDRAGEND1_CONTROL7	1	1
const	KEYC_MOUSEDRAGEND1_CONTROL8	1	1
const	KEYC_MOUSEDRAGEND1_CONTROL9	1	1
const	KEYC_MOUSEDRAGEND1_EMPTY	1	1
const	KEYC_MOUSEDRAGEND1_PANE	1	1
const	KEYC_MOUSEDRAGEND1_SCROLLBAR_DOWN	1	1
const	KEYC_MOUSEDRAGEND1_SCROLLBAR_SLIDER	1	1
const	KEYC_MOUSEDRAGEND1_SCROLLBAR_UP	1	1
const	KEYC_MOUSEDRAGEND1_STATUS	1	1
const	KEYC_MOUSEDRAGEND1_STATUS_DEFAULT	1	1
const	KEYC_MOUSEDRAGEND1_STATUS_LEFT	1	1
const	KEYC_MOUSEDRAGEND1_STATUS_RIGHT	1	1
const	KEYC_MOUSEDRAGEND2_BORDER	1	1
const	KEYC_MOUSEDRAGEND2_CONTROL0	1	1
const	KEYC_MOUSEDRAGEND2_CONTROL1	1	1
const	KEYC_MOUSEDRAGEND2_CONTROL2	1	1
const	KEYC_MOUSEDRAGEND2_CONTROL3	1	1
const	KEYC_MOUSEDRAGEND2_CONTROL4	1	1
const	KEYC_MOUSEDRAGEND2_CONTROL5	1	1
const	KEYC_MOUSEDRAGEND2_CONTROL6	1	1
const	KEYC_MOUSEDRAGEND2_CONTROL7	1	1
const	KEYC_MOUSEDRAGEND2_CONTROL8	1	1
const	KEYC_MOUSEDRAGEND2_CONTROL9	1	1
const	KEYC_MOUSEDRAGEND2_EMPTY	1	1
const	KEYC_MOUSEDRAGEND2_PANE	1	1
const	KEYC_MOUSEDRAGEND2_SCROLLBAR_DOWN	1	1
const	KEYC_MOUSEDRAGEND2_SCROLLBAR_SLIDER	1	1
const	KEYC_MOUSEDRAGEND2_SCROLLBAR_UP	1	1
const	KEYC_MOUSEDRAGEND2_STATUS	1	1
const	KEYC_MOUSEDRAGEND2_STATUS_DEFAULT	1	1
const	KEYC_MOUSEDRAGEND2_STATUS_LEFT	1	1
const	KEYC_MOUSEDRAGEND2_STATUS_RIGHT	1	1
const	KEYC_MOUSEDRAGEND3_BORDER	1	1
const	KEYC_MOUSEDRAGEND3_CONTROL0	1	1
const	KEYC_MOUSEDRAGEND3_CONTROL1	1	1
const	KEYC_MOUSEDRAGEND3_CONTROL2	1	1
const	KEYC_MOUSEDRAGEND3_CONTROL3	1	1
const	KEYC_MOUSEDRAGEND3_CONTROL4	1	1
const	KEYC_MOUSEDRAGEND3_CONTROL5	1	1
const	KEYC_MOUSEDRAGEND3_CONTROL6	1	1
const	KEYC_MOUSEDRAGEND3_CONTROL7	1	1
const	KEYC_MOUSEDRAGEND3_CONTROL8	1	1
const	KEYC_MOUSEDRAGEND3_CONTROL9	1	1
const	KEYC_MOUSEDRAGEND3_EMPTY	1	1
const	KEYC_MOUSEDRAGEND3_PANE	1	1
const	KEYC_MOUSEDRAGEND3_SCROLLBAR_DOWN	1	1
const	KEYC_MOUSEDRAGEND3_SCROLLBAR_SLIDER	1	1
const	KEYC_MOUSEDRAGEND3_SCROLLBAR_UP	1	1
const	KEYC_MOUSEDRAGEND3_STATUS	1	1
const	KEYC_MOUSEDRAGEND3_STATUS_DEFAULT	1	1
const	KEYC_MOUSEDRAGEND3_STATUS_LEFT	1	1
const	KEYC_MOUSEDRAGEND3_STATUS_RIGHT	1	1
const	KEYC_MOUSEDRAGEND6_BORDER	1	1
const	KEYC_MOUSEDRAGEND6_CONTROL0	1	1
const	KEYC_MOUSEDRAGEND6_CONTROL1	1	1
const	KEYC_MOUSEDRAGEND6_CONTROL2	1	1
const	KEYC_MOUSEDRAGEND6_CONTROL3	1	1
const	KEYC_MOUSEDRAGEND6_CONTROL4	1	1
const	KEYC_MOUSEDRAGEND6_CONTROL5	1	1
const	KEYC_MOUSEDRAGEND6_CONTROL6	1	1
const	KEYC_MOUSEDRAGEND6_CONTROL7	1	1
const	KEYC_MOUSEDRAGEND6_CONTROL8	1	1
const	KEYC_MOUSEDRAGEND6_CONTROL9	1	1
const	KEYC_MOUSEDRAGEND6_EMPTY	1	1
const	KEYC_MOUSEDRAGEND6_PANE	1	1
const	KEYC_MOUSEDRAGEND6_SCROLLBAR_DOWN	1	1
const	KEYC_MOUSEDRAGEND6_SCROLLBAR_SLIDER	1	1
const	KEYC_MOUSEDRAGEND6_SCROLLBAR_UP	1	1
const	KEYC_MOUSEDRAGEND6_STATUS	1	1
const	KEYC_MOUSEDRAGEND6_STATUS_DEFAULT	1	1
const	KEYC_MOUSEDRAGEND6_STATUS_LEFT	1	1
const	KEYC_MOUSEDRAGEND6_STATUS_RIGHT	1	1
const	KEYC_MOUSEDRAGEND7_BORDER	1	1
const	KEYC_MOUSEDRAGEND7_CONTROL0	1	1
const	KEYC_MOUSEDRAGEND7_CONTROL1	1	1
const	KEYC_MOUSEDRAGEND7_CONTROL2	1	1
const	KEYC_MOUSEDRAGEND7_CONTROL3	1	1
const	KEYC_MOUSEDRAGEND7_CONTROL4	1	1
const	KEYC_MOUSEDRAGEND7_CONTROL5	1	1
const	KEYC_MOUSEDRAGEND7_CONTROL6	1	1
const	KEYC_MOUSEDRAGEND7_CONTROL7	1	1
const	KEYC_MOUSEDRAGEND7_CONTROL8	1	1
const	KEYC_MOUSEDRAGEND7_CONTROL9	1	1
const	KEYC_MOUSEDRAGEND7_EMPTY	1	1
const	KEYC_MOUSEDRAGEND7_PANE	1	1
const	KEYC_MOUSEDRAGEND7_SCROLLBAR_DOWN	1	1
const	KEYC_MOUSEDRAGEND7_SCROLLBAR_SLIDER	1	1
const	KEYC_MOUSEDRAGEND7_SCROLLBAR_UP	1	1
const	KEYC_MOUSEDRAGEND7_STATUS	1	1
const	KEYC_MOUSEDRAGEND7_STATUS_DEFAULT	1	1
const	KEYC_MOUSEDRAGEND7_STATUS_LEFT	1	1
const	KEYC_MOUSEDRAGEND7_STATUS_RIGHT	1	1
const	KEYC_MOUSEDRAGEND8_BORDER	1	1
const	KEYC_MOUSEDRAGEND8_CONTROL0	1	1
const	KEYC_MOUSEDRAGEND8_CONTROL1	1	1
const	KEYC_MOUSEDRAGEND8_CONTROL2	1	1
const	KEYC_MOUSEDRAGEND8_CONTROL3	1	1
const	KEYC_MOUSEDRAGEND8_CONTROL4	1	1
const	KEYC_MOUSEDRAGEND8_CONTROL5	1	1
const	KEYC_MOUSEDRAGEND8_CONTROL6	1	1
const	KEYC_MOUSEDRAGEND8_CONTROL7	1	1
const	KEYC_MOUSEDRAGEND8_CONTROL8	1	1
const	KEYC_MOUSEDRAGEND8_CONTROL9	1	1
const	KEYC_MOUSEDRAGEND8_EMPTY	1	1
const	KEYC_MOUSEDRAGEND8_PANE	1	1
const	KEYC_MOUSEDRAGEND8_SCROLLBAR_DOWN	1	1
const	KEYC_MOUSEDRAGEND8_SCROLLBAR_SLIDER	1	1
const	KEYC_MOUSEDRAGEND8_SCROLLBAR_UP	1	1
const	KEYC_MOUSEDRAGEND8_STATUS	1	1
const	KEYC_MOUSEDRAGEND8_STATUS_DEFAULT	1	1
const	KEYC_MOUSEDRAGEND8_STATUS_LEFT	1	1
const	KEYC_MOUSEDRAGEND8_STATUS_RIGHT	1	1
const	KEYC_MOUSEDRAGEND9_BORDER	1	1
const	KEYC_MOUSEDRAGEND9_CONTROL0	1	1
const	KEYC_MOUSEDRAGEND9_CONTROL1	1	1
const	KEYC_MOUSEDRAGEND9_CONTROL2	1	1
const	KEYC_MOUSEDRAGEND9_CONTROL3	1	1
const	KEYC_MOUSEDRAGEND9_CONTROL4	1	1
const	KEYC_MOUSEDRAGEND9_CONTROL5	1	1
const	KEYC_MOUSEDRAGEND9_CONTROL6	1	1
const	KEYC_MOUSEDRAGEND9_CONTROL7	1	1
const	KEYC_MOUSEDRAGEND9_CONTROL8	1	1
const	KEYC_MOUSEDRAGEND9_CONTROL9	1	1
const	KEYC_MOUSEDRAGEND9_EMPTY	1	1
const	KEYC_MOUSEDRAGEND9_PANE	1	1
const	KEYC_MOUSEDRAGEND9_SCROLLBAR_DOWN	1	1
const	KEYC_MOUSEDRAGEND9_SCROLLBAR_SLIDER	1	1
const	KEYC_MOUSEDRAGEND9_SCROLLBAR_UP	1	1
const	KEYC_MOUSEDRAGEND9_STATUS	1	1
const	KEYC_MOUSEDRAGEND9_STATUS_DEFAULT	1	1
const	KEYC_MOUSEDRAGEND9_STATUS_LEFT	1	1
const	KEYC_MOUSEDRAGEND9_STATUS_RIGHT	1	1
const	KEYC_MOUSEDRAGEND_BORDER	1	1
const	KEYC_MOUSEDRAGEND_CONTROL0	1	1
const	KEYC_MOUSEDRAGEND_CONTROL1	1	1
const	KEYC_MOUSEDRAGEND_CONTROL2	1	1
const	KEYC_MOUSEDRAGEND_CONTROL3	1	1
const	KEYC_MOUSEDRAGEND_CONTROL4	1	1
const	KEYC_MOUSEDRAGEND_CONTROL5	1	1
const	KEYC_MOUSEDRAGEND_CONTROL6	1	1
const	KEYC_MOUSEDRAGEND_CONTROL7	1	1
const	KEYC_MOUSEDRAGEND_CONTROL8	1	1
const	KEYC_MOUSEDRAGEND_CONTROL9	1	1
const	KEYC_MOUSEDRAGEND_EMPTY	1	1
const	KEYC_MOUSEDRAGEND_PANE	1	1
const	KEYC_MOUSEDRAGEND_SCROLLBAR_DOWN	1	1
const	KEYC_MOUSEDRAGEND_SCROLLBAR_SLIDER	1	1
const	KEYC_MOUSEDRAGEND_SCROLLBAR_UP	1	1
const	KEYC_MOUSEDRAGEND_STATUS	1	1
const	KEYC_MOUSEDRAGEND_STATUS_DEFAULT	1	1
const	KEYC_MOUSEDRAGEND_STATUS_LEFT	1	1
const	KEYC_MOUSEDRAGEND_STATUS_RIGHT	1	1
const	KEYC_MOUSEDRAG_BORDER	1	1
const	KEYC_MOUSEDRAG_CONTROL0	1	1
const	KEYC_MOUSEDRAG_CONTROL1	1	1
const	KEYC_MOUSEDRAG_CONTROL2	1	1
const	KEYC_MOUSEDRAG_CONTROL3	1	1
const	KEYC_MOUSEDRAG_CONTROL4	1	1
const	KEYC_MOUSEDRAG_CONTROL5	1	1
const	KEYC_MOUSEDRAG_CONTROL6	1	1
const	KEYC_MOUSEDRAG_CONTROL7	1	1
const	KEYC_MOUSEDRAG_CONTROL8	1	1
const	KEYC_MOUSEDRAG_CONTROL9	1	1
const	KEYC_MOUSEDRAG_EMPTY	1	1
const	KEYC_MOUSEDRAG_PANE	1	1
const	KEYC_MOUSEDRAG_SCROLLBAR_DOWN	1	1
const	KEYC_MOUSEDRAG_SCROLLBAR_SLIDER	1	1
const	KEYC_MOUSEDRAG_SCROLLBAR_UP	1	1
const	KEYC_MOUSEDRAG_STATUS	1	1
const	KEYC_MOUSEDRAG_STATUS_DEFAULT	1	1
const	KEYC_MOUSEDRAG_STATUS_LEFT	1	1
const	KEYC_MOUSEDRAG_STATUS_RIGHT	1	1
const	KEYC_MOUSEMOVE10_BORDER	1	1
const	KEYC_MOUSEMOVE10_CONTROL0	1	1
const	KEYC_MOUSEMOVE10_CONTROL1	1	1
const	KEYC_MOUSEMOVE10_CONTROL2	1	1
const	KEYC_MOUSEMOVE10_CONTROL3	1	1
const	KEYC_MOUSEMOVE10_CONTROL4	1	1
const	KEYC_MOUSEMOVE10_CONTROL5	1	1
const	KEYC_MOUSEMOVE10_CONTROL6	1	1
const	KEYC_MOUSEMOVE10_CONTROL7	1	1
const	KEYC_MOUSEMOVE10_CONTROL8	1	1
const	KEYC_MOUSEMOVE10_CONTROL9	1	1
const	KEYC_MOUSEMOVE10_EMPTY	1	1
const	KEYC_MOUSEMOVE10_PANE	1	1
const	KEYC_MOUSEMOVE10_SCROLLBAR_DOWN	1	1
const	KEYC_MOUSEMOVE10_SCROLLBAR_SLIDER	1	1
const	KEYC_MOUSEMOVE10_SCROLLBAR_UP	1	1
const	KEYC_MOUSEMOVE10_STATUS	1	1
const	KEYC_MOUSEMOVE10_STATUS_DEFAULT	1	1
const	KEYC_MOUSEMOVE10_STATUS_LEFT	1	1
const	KEYC_MOUSEMOVE10_STATUS_RIGHT	1	1
const	KEYC_MOUSEMOVE11_BORDER	1	1
const	KEYC_MOUSEMOVE11_CONTROL0	1	1
const	KEYC_MOUSEMOVE11_CONTROL1	1	1
const	KEYC_MOUSEMOVE11_CONTROL2	1	1
const	KEYC_MOUSEMOVE11_CONTROL3	1	1
const	KEYC_MOUSEMOVE11_CONTROL4	1	1
const	KEYC_MOUSEMOVE11_CONTROL5	1	1
const	KEYC_MOUSEMOVE11_CONTROL6	1	1
const	KEYC_MOUSEMOVE11_CONTROL7	1	1
const	KEYC_MOUSEMOVE11_CONTROL8	1	1
const	KEYC_MOUSEMOVE11_CONTROL9	1	1
const	KEYC_MOUSEMOVE11_EMPTY	1	1
const	KEYC_MOUSEMOVE11_PANE	1	1
const	KEYC_MOUSEMOVE11_SCROLLBAR_DOWN	1	1
const	KEYC_MOUSEMOVE11_SCROLLBAR_SLIDER	1	1
const	KEYC_MOUSEMOVE11_SCROLLBAR_UP	1	1
const	KEYC_MOUSEMOVE11_STATUS	1	1
const	KEYC_MOUSEMOVE11_STATUS_DEFAULT	1	1
const	KEYC_MOUSEMOVE11_STATUS_LEFT	1	1
const	KEYC_MOUSEMOVE11_STATUS_RIGHT	1	1
const	KEYC_MOUSEMOVE1_BORDER	1	1
const	KEYC_MOUSEMOVE1_CONTROL0	1	1
const	KEYC_MOUSEMOVE1_CONTROL1	1	1
const	KEYC_MOUSEMOVE1_CONTROL2	1	1
const	KEYC_MOUSEMOVE1_CONTROL3	1	1
const	KEYC_MOUSEMOVE1_CONTROL4	1	1
const	KEYC_MOUSEMOVE1_CONTROL5	1	1
const	KEYC_MOUSEMOVE1_CONTROL6	1	1
const	KEYC_MOUSEMOVE1_CONTROL7	1	1
const	KEYC_MOUSEMOVE1_CONTROL8	1	1
const	KEYC_MOUSEMOVE1_CONTROL9	1	1
const	KEYC_MOUSEMOVE1_EMPTY	1	1
const	KEYC_MOUSEMOVE1_PANE	1	1
const	KEYC_MOUSEMOVE1_SCROLLBAR_DOWN	1	1
const	KEYC_MOUSEMOVE1_SCROLLBAR_SLIDER	1	1
const	KEYC_MOUSEMOVE1_SCROLLBAR_UP	1	1
const	KEYC_MOUSEMOVE1_STATUS	1	1
const	KEYC_MOUSEMOVE1_STATUS_DEFAULT	1	1
const	KEYC_MOUSEMOVE1_STATUS_LEFT	1	1
const	KEYC_MOUSEMOVE1_STATUS_RIGHT	1	1
const	KEYC_MOUSEMOVE2_BORDER	1	1
const	KEYC_MOUSEMOVE2_CONTROL0	1	1
const	KEYC_MOUSEMOVE2_CONTROL1	1	1
const	KEYC_MOUSEMOVE2_CONTROL2	1	1
const	KEYC_MOUSEMOVE2_CONTROL3	1	1
const	KEYC_MOUSEMOVE2_CONTROL4	1	1
const	KEYC_MOUSEMOVE2_CONTROL5	1	1
const	KEYC_MOUSEMOVE2_CONTROL6	1	1
const	KEYC_MOUSEMOVE2_CONTROL7	1	1
const	KEYC_MOUSEMOVE2_CONTROL8	1	1
const	KEYC_MOUSEMOVE2_CONTROL9	1	1
const	KEYC_MOUSEMOVE2_EMPTY	1	1
const	KEYC_MOUSEMOVE2_PANE	1	1
const	KEYC_MOUSEMOVE2_SCROLLBAR_DOWN	1	1
const	KEYC_MOUSEMOVE2_SCROLLBAR_SLIDER	1	1
const	KEYC_MOUSEMOVE2_SCROLLBAR_UP	1	1
const	KEYC_MOUSEMOVE2_STATUS	1	1
const	KEYC_MOUSEMOVE2_STATUS_DEFAULT	1	1
const	KEYC_MOUSEMOVE2_STATUS_LEFT	1	1
const	KEYC_MOUSEMOVE2_STATUS_RIGHT	1	1
const	KEYC_MOUSEMOVE3_BORDER	1	1
const	KEYC_MOUSEMOVE3_CONTROL0	1	1
const	KEYC_MOUSEMOVE3_CONTROL1	1	1
const	KEYC_MOUSEMOVE3_CONTROL2	1	1
const	KEYC_MOUSEMOVE3_CONTROL3	1	1
const	KEYC_MOUSEMOVE3_CONTROL4	1	1
const	KEYC_MOUSEMOVE3_CONTROL5	1	1
const	KEYC_MOUSEMOVE3_CONTROL6	1	1
const	KEYC_MOUSEMOVE3_CONTROL7	1	1
const	KEYC_MOUSEMOVE3_CONTROL8	1	1
const	KEYC_MOUSEMOVE3_CONTROL9	1	1
const	KEYC_MOUSEMOVE3_EMPTY	1	1
const	KEYC_MOUSEMOVE3_PANE	1	1
const	KEYC_MOUSEMOVE3_SCROLLBAR_DOWN	1	1
const	KEYC_MOUSEMOVE3_SCROLLBAR_SLIDER	1	1
const	KEYC_MOUSEMOVE3_SCROLLBAR_UP	1	1
const	KEYC_MOUSEMOVE3_STATUS	1	1
const	KEYC_MOUSEMOVE3_STATUS_DEFAULT	1	1
const	KEYC_MOUSEMOVE3_STATUS_LEFT	1	1
const	KEYC_MOUSEMOVE3_STATUS_RIGHT	1	1
const	KEYC_MOUSEMOVE6_BORDER	1	1
const	KEYC_MOUSEMOVE6_CONTROL0	1	1
const	KEYC_MOUSEMOVE6_CONTROL1	1	1
const	KEYC_MOUSEMOVE6_CONTROL2	1	1
const	KEYC_MOUSEMOVE6_CONTROL3	1	1
const	KEYC_MOUSEMOVE6_CONTROL4	1	1
const	KEYC_MOUSEMOVE6_CONTROL5	1	1
const	KEYC_MOUSEMOVE6_CONTROL6	1	1
const	KEYC_MOUSEMOVE6_CONTROL7	1	1
const	KEYC_MOUSEMOVE6_CONTROL8	1	1
const	KEYC_MOUSEMOVE6_CONTROL9	1	1
const	KEYC_MOUSEMOVE6_EMPTY	1	1
const	KEYC_MOUSEMOVE6_PANE	1	1
const	KEYC_MOUSEMOVE6_SCROLLBAR_DOWN	1	1
const	KEYC_MOUSEMOVE6_SCROLLBAR_SLIDER	1	1
const	KEYC_MOUSEMOVE6_SCROLLBAR_UP	1	1
const	KEYC_MOUSEMOVE6_STATUS	1	1
const	KEYC_MOUSEMOVE6_STATUS_DEFAULT	1	1
const	KEYC_MOUSEMOVE6_STATUS_LEFT	1	1
const	KEYC_MOUSEMOVE6_STATUS_RIGHT	1	1
const	KEYC_MOUSEMOVE7_BORDER	1	1
const	KEYC_MOUSEMOVE7_CONTROL0	1	1
const	KEYC_MOUSEMOVE7_CONTROL1	1	1
const	KEYC_MOUSEMOVE7_CONTROL2	1	1
const	KEYC_MOUSEMOVE7_CONTROL3	1	1
const	KEYC_MOUSEMOVE7_CONTROL4	1	1
const	KEYC_MOUSEMOVE7_CONTROL5	1	1
const	KEYC_MOUSEMOVE7_CONTROL6	1	1
const	KEYC_MOUSEMOVE7_CONTROL7	1	1
const	KEYC_MOUSEMOVE7_CONTROL8	1	1
const	KEYC_MOUSEMOVE7_CONTROL9	1	1
const	KEYC_MOUSEMOVE7_EMPTY	1	1
const	KEYC_MOUSEMOVE7_PANE	1	1
const	KEYC_MOUSEMOVE7_SCROLLBAR_DOWN	1	1
const	KEYC_MOUSEMOVE7_SCROLLBAR_SLIDER	1	1
const	KEYC_MOUSEMOVE7_SCROLLBAR_UP	1	1
const	KEYC_MOUSEMOVE7_STATUS	1	1
const	KEYC_MOUSEMOVE7_STATUS_DEFAULT	1	1
const	KEYC_MOUSEMOVE7_STATUS_LEFT	1	1
const	KEYC_MOUSEMOVE7_STATUS_RIGHT	1	1
const	KEYC_MOUSEMOVE8_BORDER	1	1
const	KEYC_MOUSEMOVE8_CONTROL0	1	1
const	KEYC_MOUSEMOVE8_CONTROL1	1	1
const	KEYC_MOUSEMOVE8_CONTROL2	1	1
const	KEYC_MOUSEMOVE8_CONTROL3	1	1
const	KEYC_MOUSEMOVE8_CONTROL4	1	1
const	KEYC_MOUSEMOVE8_CONTROL5	1	1
const	KEYC_MOUSEMOVE8_CONTROL6	1	1
const	KEYC_MOUSEMOVE8_CONTROL7	1	1
const	KEYC_MOUSEMOVE8_CONTROL8	1	1
const	KEYC_MOUSEMOVE8_CONTROL9	1	1
const	KEYC_MOUSEMOVE8_EMPTY	1	1
const	KEYC_MOUSEMOVE8_PANE	1	1
const	KEYC_MOUSEMOVE8_SCROLLBAR_DOWN	1	1
const	KEYC_MOUSEMOVE8_SCROLLBAR_SLIDER	1	1
const	KEYC_MOUSEMOVE8_SCROLLBAR_UP	1	1
const	KEYC_MOUSEMOVE8_STATUS	1	1
const	KEYC_MOUSEMOVE8_STATUS_DEFAULT	1	1
const	KEYC_MOUSEMOVE8_STATUS_LEFT	1	1
const	KEYC_MOUSEMOVE8_STATUS_RIGHT	1	1
const	KEYC_MOUSEMOVE9_BORDER	1	1
const	KEYC_MOUSEMOVE9_CONTROL0	1	1
const	KEYC_MOUSEMOVE9_CONTROL1	1	1
const	KEYC_MOUSEMOVE9_CONTROL2	1	1
const	KEYC_MOUSEMOVE9_CONTROL3	1	1
const	KEYC_MOUSEMOVE9_CONTROL4	1	1
const	KEYC_MOUSEMOVE9_CONTROL5	1	1
const	KEYC_MOUSEMOVE9_CONTROL6	1	1
const	KEYC_MOUSEMOVE9_CONTROL7	1	1
const	KEYC_MOUSEMOVE9_CONTROL8	1	1
const	KEYC_MOUSEMOVE9_CONTROL9	1	1
const	KEYC_MOUSEMOVE9_EMPTY	1	1
const	KEYC_MOUSEMOVE9_PANE	1	1
const	KEYC_MOUSEMOVE9_SCROLLBAR_DOWN	1	1
const	KEYC_MOUSEMOVE9_SCROLLBAR_SLIDER	1	1
const	KEYC_MOUSEMOVE9_SCROLLBAR_UP	1	1
const	KEYC_MOUSEMOVE9_STATUS	1	1
const	KEYC_MOUSEMOVE9_STATUS_DEFAULT	1	1
const	KEYC_MOUSEMOVE9_STATUS_LEFT	1	1
const	KEYC_MOUSEMOVE9_STATUS_RIGHT	1	1
const	KEYC_MOUSEMOVE_BORDER	1	1
const	KEYC_MOUSEMOVE_CONTROL0	1	1
const	KEYC_MOUSEMOVE_CONTROL1	1	1
const	KEYC_MOUSEMOVE_CONTROL2	1	1
const	KEYC_MOUSEMOVE_CONTROL3	1	1
const	KEYC_MOUSEMOVE_CONTROL4	1	1
const	KEYC_MOUSEMOVE_CONTROL5	1	1
const	KEYC_MOUSEMOVE_CONTROL6	1	1
const	KEYC_MOUSEMOVE_CONTROL7	1	1
const	KEYC_MOUSEMOVE_CONTROL8	1	1
const	KEYC_MOUSEMOVE_CONTROL9	1	1
const	KEYC_MOUSEMOVE_EMPTY	1	1
const	KEYC_MOUSEMOVE_PANE	1	1
const	KEYC_MOUSEMOVE_SCROLLBAR_DOWN	1	1
const	KEYC_MOUSEMOVE_SCROLLBAR_SLIDER	1	1
const	KEYC_MOUSEMOVE_SCROLLBAR_UP	1	1
const	KEYC_MOUSEMOVE_STATUS	1	1
const	KEYC_MOUSEMOVE_STATUS_DEFAULT	1	1
const	KEYC_MOUSEMOVE_STATUS_LEFT	1	1
const	KEYC_MOUSEMOVE_STATUS_RIGHT	1	1
const	KEYC_MOUSEUP10_BORDER	1	1
const	KEYC_MOUSEUP10_CONTROL0	1	1
const	KEYC_MOUSEUP10_CONTROL1	1	1
const	KEYC_MOUSEUP10_CONTROL2	1	1
const	KEYC_MOUSEUP10_CONTROL3	1	1
const	KEYC_MOUSEUP10_CONTROL4	1	1
const	KEYC_MOUSEUP10_CONTROL5	1	1
const	KEYC_MOUSEUP10_CONTROL6	1	1
const	KEYC_MOUSEUP10_CONTROL7	1	1
const	KEYC_MOUSEUP10_CONTROL8	1	1
const	KEYC_MOUSEUP10_CONTROL9	1	1
const	KEYC_MOUSEUP10_EMPTY	1	1
const	KEYC_MOUSEUP10_PANE	1	1
const	KEYC_MOUSEUP10_SCROLLBAR_DOWN	1	1
const	KEYC_MOUSEUP10_SCROLLBAR_SLIDER	1	1
const	KEYC_MOUSEUP10_SCROLLBAR_UP	1	1
const	KEYC_MOUSEUP10_STATUS	1	1
const	KEYC_MOUSEUP10_STATUS_DEFAULT	1	1
const	KEYC_MOUSEUP10_STATUS_LEFT	1	1
const	KEYC_MOUSEUP10_STATUS_RIGHT	1	1
const	KEYC_MOUSEUP11_BORDER	1	1
const	KEYC_MOUSEUP11_CONTROL0	1	1
const	KEYC_MOUSEUP11_CONTROL1	1	1
const	KEYC_MOUSEUP11_CONTROL2	1	1
const	KEYC_MOUSEUP11_CONTROL3	1	1
const	KEYC_MOUSEUP11_CONTROL4	1	1
const	KEYC_MOUSEUP11_CONTROL5	1	1
const	KEYC_MOUSEUP11_CONTROL6	1	1
const	KEYC_MOUSEUP11_CONTROL7	1	1
const	KEYC_MOUSEUP11_CONTROL8	1	1
const	KEYC_MOUSEUP11_CONTROL9	1	1
const	KEYC_MOUSEUP11_EMPTY	1	1
const	KEYC_MOUSEUP11_PANE	1	1
const	KEYC_MOUSEUP11_SCROLLBAR_DOWN	1	1
const	KEYC_MOUSEUP11_SCROLLBAR_SLIDER	1	1
const	KEYC_MOUSEUP11_SCROLLBAR_UP	1	1
const	KEYC_MOUSEUP11_STATUS	1	1
const	KEYC_MOUSEUP11_STATUS_DEFAULT	1	1
const	KEYC_MOUSEUP11_STATUS_LEFT	1	1
const	KEYC_MOUSEUP11_STATUS_RIGHT	1	1
const	KEYC_MOUSEUP1_BORDER	1	1
const	KEYC_MOUSEUP1_CONTROL0	1	1
const	KEYC_MOUSEUP1_CONTROL1	1	1
const	KEYC_MOUSEUP1_CONTROL2	1	1
const	KEYC_MOUSEUP1_CONTROL3	1	1
const	KEYC_MOUSEUP1_CONTROL4	1	1
const	KEYC_MOUSEUP1_CONTROL5	1	1
const	KEYC_MOUSEUP1_CONTROL6	1	1
const	KEYC_MOUSEUP1_CONTROL7	1	1
const	KEYC_MOUSEUP1_CONTROL8	1	1
const	KEYC_MOUSEUP1_CONTROL9	1	1
const	KEYC_MOUSEUP1_EMPTY	1	1
const	KEYC_MOUSEUP1_PANE	1	1
const	KEYC_MOUSEUP1_SCROLLBAR_DOWN	1	1
const	KEYC_MOUSEUP1_SCROLLBAR_SLIDER	1	1
const	KEYC_MOUSEUP1_SCROLLBAR_UP	1	1
const	KEYC_MOUSEUP1_STATUS	1	1
const	KEYC_MOUSEUP1_STATUS_DEFAULT	1	1
const	KEYC_MOUSEUP1_STATUS_LEFT	1	1
const	KEYC_MOUSEUP1_STATUS_RIGHT	1	1
const	KEYC_MOUSEUP2_BORDER	1	1
const	KEYC_MOUSEUP2_CONTROL0	1	1
const	KEYC_MOUSEUP2_CONTROL1	1	1
const	KEYC_MOUSEUP2_CONTROL2	1	1
const	KEYC_MOUSEUP2_CONTROL3	1	1
const	KEYC_MOUSEUP2_CONTROL4	1	1
const	KEYC_MOUSEUP2_CONTROL5	1	1
const	KEYC_MOUSEUP2_CONTROL6	1	1
const	KEYC_MOUSEUP2_CONTROL7	1	1
const	KEYC_MOUSEUP2_CONTROL8	1	1
const	KEYC_MOUSEUP2_CONTROL9	1	1
const	KEYC_MOUSEUP2_EMPTY	1	1
const	KEYC_MOUSEUP2_PANE	1	1
const	KEYC_MOUSEUP2_SCROLLBAR_DOWN	1	1
const	KEYC_MOUSEUP2_SCROLLBAR_SLIDER	1	1
const	KEYC_MOUSEUP2_SCROLLBAR_UP	1	1
const	KEYC_MOUSEUP2_STATUS	1	1
const	KEYC_MOUSEUP2_STATUS_DEFAULT	1	1
const	KEYC_MOUSEUP2_STATUS_LEFT	1	1
const	KEYC_MOUSEUP2_STATUS_RIGHT	1	1
const	KEYC_MOUSEUP3_BORDER	1	1
const	KEYC_MOUSEUP3_CONTROL0	1	1
const	KEYC_MOUSEUP3_CONTROL1	1	1
const	KEYC_MOUSEUP3_CONTROL2	1	1
const	KEYC_MOUSEUP3_CONTROL3	1	1
const	KEYC_MOUSEUP3_CONTROL4	1	1
const	KEYC_MOUSEUP3_CONTROL5	1	1
const	KEYC_MOUSEUP3_CONTROL6	1	1
const	KEYC_MOUSEUP3_CONTROL7	1	1
const	KEYC_MOUSEUP3_CONTROL8	1	1
const	KEYC_MOUSEUP3_CONTROL9	1	1
const	KEYC_MOUSEUP3_EMPTY	1	1
const	KEYC_MOUSEUP3_PANE	1	1
const	KEYC_MOUSEUP3_SCROLLBAR_DOWN	1	1
const	KEYC_MOUSEUP3_SCROLLBAR_SLIDER	1	1
const	KEYC_MOUSEUP3_SCROLLBAR_UP	1	1
const	KEYC_MOUSEUP3_STATUS	1	1
const	KEYC_MOUSEUP3_STATUS_DEFAULT	1	1
const	KEYC_MOUSEUP3_STATUS_LEFT	1	1
const	KEYC_MOUSEUP3_STATUS_RIGHT	1	1
const	KEYC_MOUSEUP6_BORDER	1	1
const	KEYC_MOUSEUP6_CONTROL0	1	1
const	KEYC_MOUSEUP6_CONTROL1	1	1
const	KEYC_MOUSEUP6_CONTROL2	1	1
const	KEYC_MOUSEUP6_CONTROL3	1	1
const	KEYC_MOUSEUP6_CONTROL4	1	1
const	KEYC_MOUSEUP6_CONTROL5	1	1
const	KEYC_MOUSEUP6_CONTROL6	1	1
const	KEYC_MOUSEUP6_CONTROL7	1	1
const	KEYC_MOUSEUP6_CONTROL8	1	1
const	KEYC_MOUSEUP6_CONTROL9	1	1
const	KEYC_MOUSEUP6_EMPTY	1	1
const	KEYC_MOUSEUP6_PANE	1	1
const	KEYC_MOUSEUP6_SCROLLBAR_DOWN	1	1
const	KEYC_MOUSEUP6_SCROLLBAR_SLIDER	1	1
const	KEYC_MOUSEUP6_SCROLLBAR_UP	1	1
const	KEYC_MOUSEUP6_STATUS	1	1
const	KEYC_MOUSEUP6_STATUS_DEFAULT	1	1
const	KEYC_MOUSEUP6_STATUS_LEFT	1	1
const	KEYC_MOUSEUP6_STATUS_RIGHT	1	1
const	KEYC_MOUSEUP7_BORDER	1	1
const	KEYC_MOUSEUP7_CONTROL0	1	1
const	KEYC_MOUSEUP7_CONTROL1	1	1
const	KEYC_MOUSEUP7_CONTROL2	1	1
const	KEYC_MOUSEUP7_CONTROL3	1	1
const	KEYC_MOUSEUP7_CONTROL4	1	1
const	KEYC_MOUSEUP7_CONTROL5	1	1
const	KEYC_MOUSEUP7_CONTROL6	1	1
const	KEYC_MOUSEUP7_CONTROL7	1	1
const	KEYC_MOUSEUP7_CONTROL8	1	1
const	KEYC_MOUSEUP7_CONTROL9	1	1
const	KEYC_MOUSEUP7_EMPTY	1	1
const	KEYC_MOUSEUP7_PANE	1	1
const	KEYC_MOUSEUP7_SCROLLBAR_DOWN	1	1
const	KEYC_MOUSEUP7_SCROLLBAR_SLIDER	1	1
const	KEYC_MOUSEUP7_SCROLLBAR_UP	1	1
const	KEYC_MOUSEUP7_STATUS	1	1
const	KEYC_MOUSEUP7_STATUS_DEFAULT	1	1
const	KEYC_MOUSEUP7_STATUS_LEFT	1	1
const	KEYC_MOUSEUP7_STATUS_RIGHT	1	1
const	KEYC_MOUSEUP8_BORDER	1	1
const	KEYC_MOUSEUP8_CONTROL0	1	1
const	KEYC_MOUSEUP8_CONTROL1	1	1
const	KEYC_MOUSEUP8_CONTROL2	1	1
const	KEYC_MOUSEUP8_CONTROL3	1	1
const	KEYC_MOUSEUP8_CONTROL4	1	1
const	KEYC_MOUSEUP8_CONTROL5	1	1
const	KEYC_MOUSEUP8_CONTROL6	1	1
const	KEYC_MOUSEUP8_CONTROL7	1	1
const	KEYC_MOUSEUP8_CONTROL8	1	1
const	KEYC_MOUSEUP8_CONTROL9	1	1
const	KEYC_MOUSEUP8_EMPTY	1	1
const	KEYC_MOUSEUP8_PANE	1	1
const	KEYC_MOUSEUP8_SCROLLBAR_DOWN	1	1
const	KEYC_MOUSEUP8_SCROLLBAR_SLIDER	1	1
const	KEYC_MOUSEUP8_SCROLLBAR_UP	1	1
const	KEYC_MOUSEUP8_STATUS	1	1
const	KEYC_MOUSEUP8_STATUS_DEFAULT	1	1
const	KEYC_MOUSEUP8_STATUS_LEFT	1	1
const	KEYC_MOUSEUP8_STATUS_RIGHT	1	1
const	KEYC_MOUSEUP9_BORDER	1	1
const	KEYC_MOUSEUP9_CONTROL0	1	1
const	KEYC_MOUSEUP9_CONTROL1	1	1
const	KEYC_MOUSEUP9_CONTROL2	1	1
const	KEYC_MOUSEUP9_CONTROL3	1	1
const	KEYC_MOUSEUP9_CONTROL4	1	1
const	KEYC_MOUSEUP9_CONTROL5	1	1
const	KEYC_MOUSEUP9_CONTROL6	1	1
const	KEYC_MOUSEUP9_CONTROL7	1	1
const	KEYC_MOUSEUP9_CONTROL8	1	1
const	KEYC_MOUSEUP9_CONTROL9	1	1
const	KEYC_MOUSEUP9_EMPTY	1	1
const	KEYC_MOUSEUP9_PANE	1	1
const	KEYC_MOUSEUP9_SCROLLBAR_DOWN	1	1
const	KEYC_MOUSEUP9_SCROLLBAR_SLIDER	1	1
const	KEYC_MOUSEUP9_SCROLLBAR_UP	1	1
const	KEYC_MOUSEUP9_STATUS	1	1
const	KEYC_MOUSEUP9_STATUS_DEFAULT	1	1
const	KEYC_MOUSEUP9_STATUS_LEFT	1	1
const	KEYC_MOUSEUP9_STATUS_RIGHT	1	1
const	KEYC_MOUSEUP_BORDER	1	1
const	KEYC_MOUSEUP_CONTROL0	1	1
const	KEYC_MOUSEUP_CONTROL1	1	1
const	KEYC_MOUSEUP_CONTROL2	1	1
const	KEYC_MOUSEUP_CONTROL3	1	1
const	KEYC_MOUSEUP_CONTROL4	1	1
const	KEYC_MOUSEUP_CONTROL5	1	1
const	KEYC_MOUSEUP_CONTROL6	1	1
const	KEYC_MOUSEUP_CONTROL7	1	1
const	KEYC_MOUSEUP_CONTROL8	1	1
const	KEYC_MOUSEUP_CONTROL9	1	1
const	KEYC_MOUSEUP_EMPTY	1	1
const	KEYC_MOUSEUP_PANE	1	1
const	KEYC_MOUSEUP_SCROLLBAR_DOWN	1	1
const	KEYC_MOUSEUP_SCROLLBAR_SLIDER	1	1
const	KEYC_MOUSEUP_SCROLLBAR_UP	1	1
const	KEYC_MOUSEUP_STATUS	1	1
const	KEYC_MOUSEUP_STATUS_DEFAULT	1	1
const	KEYC_MOUSEUP_STATUS_LEFT	1	1
const	KEYC_MOUSEUP_STATUS_RIGHT	1	1
const	KEYC_MOUSE_BUTTON_SHIFT	1	1
const	KEYC_MOUSE_LOCATION_BORDER	1	1
const	KEYC_MOUSE_LOCATION_CONTROL0	1	1
const	KEYC_MOUSE_LOCATION_CONTROL1	1	1
const	KEYC_MOUSE_LOCATION_CONTROL2	1	1
const	KEYC_MOUSE_LOCATION_CONTROL3	1	1
const	KEYC_MOUSE_LOCATION_CONTROL4	1	1
const	KEYC_MOUSE_LOCATION_CONTROL5	1	1
const	KEYC_MOUSE_LOCATION_CONTROL6	1	1
const	KEYC_MOUSE_LOCATION_CONTROL7	1	1
const	KEYC_MOUSE_LOCATION_CONTROL8	1	1
const	KEYC_MOUSE_LOCATION_CONTROL9	1	1
const	KEYC_MOUSE_LOCATION_EMPTY	1	1
const	KEYC_MOUSE_LOCATION_NOWHERE	1	1
const	KEYC_MOUSE_LOCATION_PANE	1	1
const	KEYC_MOUSE_LOCATION_SCROLLBAR_DOWN	1	1
const	KEYC_MOUSE_LOCATION_SCROLLBAR_SLIDER	1	1
const	KEYC_MOUSE_LOCATION_SCROLLBAR_UP	1	1
const	KEYC_MOUSE_LOCATION_SHIFT	1	1
const	KEYC_MOUSE_LOCATION_STATUS	1	1
const	KEYC_MOUSE_LOCATION_STATUS_DEFAULT	1	1
const	KEYC_MOUSE_LOCATION_STATUS_LEFT	1	1
const	KEYC_MOUSE_LOCATION_STATUS_RIGHT	1	1
const	KEYC_NONE	1	1
const	KEYC_NPAGE	1	1
const	KEYC_NUSER	1	1
const	KEYC_PASTE_END	1	1
const	KEYC_PASTE_START	1	1
const	KEYC_PPAGE	1	1
const	KEYC_REPORT_DARK_THEME	1	1
const	KEYC_REPORT_LIGHT_THEME	1	1
const	KEYC_RIGHT	1	1
const	KEYC_SECONDCLICK10_BORDER	1	1
const	KEYC_SECONDCLICK10_CONTROL0	1	1
const	KEYC_SECONDCLICK10_CONTROL1	1	1
const	KEYC_SECONDCLICK10_CONTROL2	1	1
const	KEYC_SECONDCLICK10_CONTROL3	1	1
const	KEYC_SECONDCLICK10_CONTROL4	1	1
const	KEYC_SECONDCLICK10_CONTROL5	1	1
const	KEYC_SECONDCLICK10_CONTROL6	1	1
const	KEYC_SECONDCLICK10_CONTROL7	1	1
const	KEYC_SECONDCLICK10_CONTROL8	1	1
const	KEYC_SECONDCLICK10_CONTROL9	1	1
const	KEYC_SECONDCLICK10_EMPTY	1	1
const	KEYC_SECONDCLICK10_PANE	1	1
const	KEYC_SECONDCLICK10_SCROLLBAR_DOWN	1	1
const	KEYC_SECONDCLICK10_SCROLLBAR_SLIDER	1	1
const	KEYC_SECONDCLICK10_SCROLLBAR_UP	1	1
const	KEYC_SECONDCLICK10_STATUS	1	1
const	KEYC_SECONDCLICK10_STATUS_DEFAULT	1	1
const	KEYC_SECONDCLICK10_STATUS_LEFT	1	1
const	KEYC_SECONDCLICK10_STATUS_RIGHT	1	1
const	KEYC_SECONDCLICK11_BORDER	1	1
const	KEYC_SECONDCLICK11_CONTROL0	1	1
const	KEYC_SECONDCLICK11_CONTROL1	1	1
const	KEYC_SECONDCLICK11_CONTROL2	1	1
const	KEYC_SECONDCLICK11_CONTROL3	1	1
const	KEYC_SECONDCLICK11_CONTROL4	1	1
const	KEYC_SECONDCLICK11_CONTROL5	1	1
const	KEYC_SECONDCLICK11_CONTROL6	1	1
const	KEYC_SECONDCLICK11_CONTROL7	1	1
const	KEYC_SECONDCLICK11_CONTROL8	1	1
const	KEYC_SECONDCLICK11_CONTROL9	1	1
const	KEYC_SECONDCLICK11_EMPTY	1	1
const	KEYC_SECONDCLICK11_PANE	1	1
const	KEYC_SECONDCLICK11_SCROLLBAR_DOWN	1	1
const	KEYC_SECONDCLICK11_SCROLLBAR_SLIDER	1	1
const	KEYC_SECONDCLICK11_SCROLLBAR_UP	1	1
const	KEYC_SECONDCLICK11_STATUS	1	1
const	KEYC_SECONDCLICK11_STATUS_DEFAULT	1	1
const	KEYC_SECONDCLICK11_STATUS_LEFT	1	1
const	KEYC_SECONDCLICK11_STATUS_RIGHT	1	1
const	KEYC_SECONDCLICK1_BORDER	1	1
const	KEYC_SECONDCLICK1_CONTROL0	1	1
const	KEYC_SECONDCLICK1_CONTROL1	1	1
const	KEYC_SECONDCLICK1_CONTROL2	1	1
const	KEYC_SECONDCLICK1_CONTROL3	1	1
const	KEYC_SECONDCLICK1_CONTROL4	1	1
const	KEYC_SECONDCLICK1_CONTROL5	1	1
const	KEYC_SECONDCLICK1_CONTROL6	1	1
const	KEYC_SECONDCLICK1_CONTROL7	1	1
const	KEYC_SECONDCLICK1_CONTROL8	1	1
const	KEYC_SECONDCLICK1_CONTROL9	1	1
const	KEYC_SECONDCLICK1_EMPTY	1	1
const	KEYC_SECONDCLICK1_PANE	1	1
const	KEYC_SECONDCLICK1_SCROLLBAR_DOWN	1	1
const	KEYC_SECONDCLICK1_SCROLLBAR_SLIDER	1	1
const	KEYC_SECONDCLICK1_SCROLLBAR_UP	1	1
const	KEYC_SECONDCLICK1_STATUS	1	1
const	KEYC_SECONDCLICK1_STATUS_DEFAULT	1	1
const	KEYC_SECONDCLICK1_STATUS_LEFT	1	1
const	KEYC_SECONDCLICK1_STATUS_RIGHT	1	1
const	KEYC_SECONDCLICK2_BORDER	1	1
const	KEYC_SECONDCLICK2_CONTROL0	1	1
const	KEYC_SECONDCLICK2_CONTROL1	1	1
const	KEYC_SECONDCLICK2_CONTROL2	1	1
const	KEYC_SECONDCLICK2_CONTROL3	1	1
const	KEYC_SECONDCLICK2_CONTROL4	1	1
const	KEYC_SECONDCLICK2_CONTROL5	1	1
const	KEYC_SECONDCLICK2_CONTROL6	1	1
const	KEYC_SECONDCLICK2_CONTROL7	1	1
const	KEYC_SECONDCLICK2_CONTROL8	1	1
const	KEYC_SECONDCLICK2_CONTROL9	1	1
const	KEYC_SECONDCLICK2_EMPTY	1	1
const	KEYC_SECONDCLICK2_PANE	1	1
const	KEYC_SECONDCLICK2_SCROLLBAR_DOWN	1	1
const	KEYC_SECONDCLICK2_SCROLLBAR_SLIDER	1	1
const	KEYC_SECONDCLICK2_SCROLLBAR_UP	1	1
const	KEYC_SECONDCLICK2_STATUS	1	1
const	KEYC_SECONDCLICK2_STATUS_DEFAULT	1	1
const	KEYC_SECONDCLICK2_STATUS_LEFT	1	1
const	KEYC_SECONDCLICK2_STATUS_RIGHT	1	1
const	KEYC_SECONDCLICK3_BORDER	1	1
const	KEYC_SECONDCLICK3_CONTROL0	1	1
const	KEYC_SECONDCLICK3_CONTROL1	1	1
const	KEYC_SECONDCLICK3_CONTROL2	1	1
const	KEYC_SECONDCLICK3_CONTROL3	1	1
const	KEYC_SECONDCLICK3_CONTROL4	1	1
const	KEYC_SECONDCLICK3_CONTROL5	1	1
const	KEYC_SECONDCLICK3_CONTROL6	1	1
const	KEYC_SECONDCLICK3_CONTROL7	1	1
const	KEYC_SECONDCLICK3_CONTROL8	1	1
const	KEYC_SECONDCLICK3_CONTROL9	1	1
const	KEYC_SECONDCLICK3_EMPTY	1	1
const	KEYC_SECONDCLICK3_PANE	1	1
const	KEYC_SECONDCLICK3_SCROLLBAR_DOWN	1	1
const	KEYC_SECONDCLICK3_SCROLLBAR_SLIDER	1	1
const	KEYC_SECONDCLICK3_SCROLLBAR_UP	1	1
const	KEYC_SECONDCLICK3_STATUS	1	1
const	KEYC_SECONDCLICK3_STATUS_DEFAULT	1	1
const	KEYC_SECONDCLICK3_STATUS_LEFT	1	1
const	KEYC_SECONDCLICK3_STATUS_RIGHT	1	1
const	KEYC_SECONDCLICK6_BORDER	1	1
const	KEYC_SECONDCLICK6_CONTROL0	1	1
const	KEYC_SECONDCLICK6_CONTROL1	1	1
const	KEYC_SECONDCLICK6_CONTROL2	1	1
const	KEYC_SECONDCLICK6_CONTROL3	1	1
const	KEYC_SECONDCLICK6_CONTROL4	1	1
const	KEYC_SECONDCLICK6_CONTROL5	1	1
const	KEYC_SECONDCLICK6_CONTROL6	1	1
const	KEYC_SECONDCLICK6_CONTROL7	1	1
const	KEYC_SECONDCLICK6_CONTROL8	1	1
const	KEYC_SECONDCLICK6_CONTROL9	1	1
const	KEYC_SECONDCLICK6_EMPTY	1	1
const	KEYC_SECONDCLICK6_PANE	1	1
const	KEYC_SECONDCLICK6_SCROLLBAR_DOWN	1	1
const	KEYC_SECONDCLICK6_SCROLLBAR_SLIDER	1	1
const	KEYC_SECONDCLICK6_SCROLLBAR_UP	1	1
const	KEYC_SECONDCLICK6_STATUS	1	1
const	KEYC_SECONDCLICK6_STATUS_DEFAULT	1	1
const	KEYC_SECONDCLICK6_STATUS_LEFT	1	1
const	KEYC_SECONDCLICK6_STATUS_RIGHT	1	1
const	KEYC_SECONDCLICK7_BORDER	1	1
const	KEYC_SECONDCLICK7_CONTROL0	1	1
const	KEYC_SECONDCLICK7_CONTROL1	1	1
const	KEYC_SECONDCLICK7_CONTROL2	1	1
const	KEYC_SECONDCLICK7_CONTROL3	1	1
const	KEYC_SECONDCLICK7_CONTROL4	1	1
const	KEYC_SECONDCLICK7_CONTROL5	1	1
const	KEYC_SECONDCLICK7_CONTROL6	1	1
const	KEYC_SECONDCLICK7_CONTROL7	1	1
const	KEYC_SECONDCLICK7_CONTROL8	1	1
const	KEYC_SECONDCLICK7_CONTROL9	1	1
const	KEYC_SECONDCLICK7_EMPTY	1	1
const	KEYC_SECONDCLICK7_PANE	1	1
const	KEYC_SECONDCLICK7_SCROLLBAR_DOWN	1	1
const	KEYC_SECONDCLICK7_SCROLLBAR_SLIDER	1	1
const	KEYC_SECONDCLICK7_SCROLLBAR_UP	1	1
const	KEYC_SECONDCLICK7_STATUS	1	1
const	KEYC_SECONDCLICK7_STATUS_DEFAULT	1	1
const	KEYC_SECONDCLICK7_STATUS_LEFT	1	1
const	KEYC_SECONDCLICK7_STATUS_RIGHT	1	1
const	KEYC_SECONDCLICK8_BORDER	1	1
const	KEYC_SECONDCLICK8_CONTROL0	1	1
const	KEYC_SECONDCLICK8_CONTROL1	1	1
const	KEYC_SECONDCLICK8_CONTROL2	1	1
const	KEYC_SECONDCLICK8_CONTROL3	1	1
const	KEYC_SECONDCLICK8_CONTROL4	1	1
const	KEYC_SECONDCLICK8_CONTROL5	1	1
const	KEYC_SECONDCLICK8_CONTROL6	1	1
const	KEYC_SECONDCLICK8_CONTROL7	1	1
const	KEYC_SECONDCLICK8_CONTROL8	1	1
const	KEYC_SECONDCLICK8_CONTROL9	1	1
const	KEYC_SECONDCLICK8_EMPTY	1	1
const	KEYC_SECONDCLICK8_PANE	1	1
const	KEYC_SECONDCLICK8_SCROLLBAR_DOWN	1	1
const	KEYC_SECONDCLICK8_SCROLLBAR_SLIDER	1	1
const	KEYC_SECONDCLICK8_SCROLLBAR_UP	1	1
const	KEYC_SECONDCLICK8_STATUS	1	1
const	KEYC_SECONDCLICK8_STATUS_DEFAULT	1	1
const	KEYC_SECONDCLICK8_STATUS_LEFT	1	1
const	KEYC_SECONDCLICK8_STATUS_RIGHT	1	1
const	KEYC_SECONDCLICK9_BORDER	1	1
const	KEYC_SECONDCLICK9_CONTROL0	1	1
const	KEYC_SECONDCLICK9_CONTROL1	1	1
const	KEYC_SECONDCLICK9_CONTROL2	1	1
const	KEYC_SECONDCLICK9_CONTROL3	1	1
const	KEYC_SECONDCLICK9_CONTROL4	1	1
const	KEYC_SECONDCLICK9_CONTROL5	1	1
const	KEYC_SECONDCLICK9_CONTROL6	1	1
const	KEYC_SECONDCLICK9_CONTROL7	1	1
const	KEYC_SECONDCLICK9_CONTROL8	1	1
const	KEYC_SECONDCLICK9_CONTROL9	1	1
const	KEYC_SECONDCLICK9_EMPTY	1	1
const	KEYC_SECONDCLICK9_PANE	1	1
const	KEYC_SECONDCLICK9_SCROLLBAR_DOWN	1	1
const	KEYC_SECONDCLICK9_SCROLLBAR_SLIDER	1	1
const	KEYC_SECONDCLICK9_SCROLLBAR_UP	1	1
const	KEYC_SECONDCLICK9_STATUS	1	1
const	KEYC_SECONDCLICK9_STATUS_DEFAULT	1	1
const	KEYC_SECONDCLICK9_STATUS_LEFT	1	1
const	KEYC_SECONDCLICK9_STATUS_RIGHT	1	1
const	KEYC_SECONDCLICK_BORDER	1	1
const	KEYC_SECONDCLICK_CONTROL0	1	1
const	KEYC_SECONDCLICK_CONTROL1	1	1
const	KEYC_SECONDCLICK_CONTROL2	1	1
const	KEYC_SECONDCLICK_CONTROL3	1	1
const	KEYC_SECONDCLICK_CONTROL4	1	1
const	KEYC_SECONDCLICK_CONTROL5	1	1
const	KEYC_SECONDCLICK_CONTROL6	1	1
const	KEYC_SECONDCLICK_CONTROL7	1	1
const	KEYC_SECONDCLICK_CONTROL8	1	1
const	KEYC_SECONDCLICK_CONTROL9	1	1
const	KEYC_SECONDCLICK_EMPTY	1	1
const	KEYC_SECONDCLICK_PANE	1	1
const	KEYC_SECONDCLICK_SCROLLBAR_DOWN	1	1
const	KEYC_SECONDCLICK_SCROLLBAR_SLIDER	1	1
const	KEYC_SECONDCLICK_SCROLLBAR_UP	1	1
const	KEYC_SECONDCLICK_STATUS	1	1
const	KEYC_SECONDCLICK_STATUS_DEFAULT	1	1
const	KEYC_SECONDCLICK_STATUS_LEFT	1	1
const	KEYC_SECONDCLICK_STATUS_RIGHT	1	1
const	KEYC_SENT	1	1
const	KEYC_SHIFT	1	1
const	KEYC_TRIPLECLICK10_BORDER	1	1
const	KEYC_TRIPLECLICK10_CONTROL0	1	1
const	KEYC_TRIPLECLICK10_CONTROL1	1	1
const	KEYC_TRIPLECLICK10_CONTROL2	1	1
const	KEYC_TRIPLECLICK10_CONTROL3	1	1
const	KEYC_TRIPLECLICK10_CONTROL4	1	1
const	KEYC_TRIPLECLICK10_CONTROL5	1	1
const	KEYC_TRIPLECLICK10_CONTROL6	1	1
const	KEYC_TRIPLECLICK10_CONTROL7	1	1
const	KEYC_TRIPLECLICK10_CONTROL8	1	1
const	KEYC_TRIPLECLICK10_CONTROL9	1	1
const	KEYC_TRIPLECLICK10_EMPTY	1	1
const	KEYC_TRIPLECLICK10_PANE	1	1
const	KEYC_TRIPLECLICK10_SCROLLBAR_DOWN	1	1
const	KEYC_TRIPLECLICK10_SCROLLBAR_SLIDER	1	1
const	KEYC_TRIPLECLICK10_SCROLLBAR_UP	1	1
const	KEYC_TRIPLECLICK10_STATUS	1	1
const	KEYC_TRIPLECLICK10_STATUS_DEFAULT	1	1
const	KEYC_TRIPLECLICK10_STATUS_LEFT	1	1
const	KEYC_TRIPLECLICK10_STATUS_RIGHT	1	1
const	KEYC_TRIPLECLICK11_BORDER	1	1
const	KEYC_TRIPLECLICK11_CONTROL0	1	1
const	KEYC_TRIPLECLICK11_CONTROL1	1	1
const	KEYC_TRIPLECLICK11_CONTROL2	1	1
const	KEYC_TRIPLECLICK11_CONTROL3	1	1
const	KEYC_TRIPLECLICK11_CONTROL4	1	1
const	KEYC_TRIPLECLICK11_CONTROL5	1	1
const	KEYC_TRIPLECLICK11_CONTROL6	1	1
const	KEYC_TRIPLECLICK11_CONTROL7	1	1
const	KEYC_TRIPLECLICK11_CONTROL8	1	1
const	KEYC_TRIPLECLICK11_CONTROL9	1	1
const	KEYC_TRIPLECLICK11_EMPTY	1	1
const	KEYC_TRIPLECLICK11_PANE	1	1
const	KEYC_TRIPLECLICK11_SCROLLBAR_DOWN	1	1
const	KEYC_TRIPLECLICK11_SCROLLBAR_SLIDER	1	1
const	KEYC_TRIPLECLICK11_SCROLLBAR_UP	1	1
const	KEYC_TRIPLECLICK11_STATUS	1	1
const	KEYC_TRIPLECLICK11_STATUS_DEFAULT	1	1
const	KEYC_TRIPLECLICK11_STATUS_LEFT	1	1
const	KEYC_TRIPLECLICK11_STATUS_RIGHT	1	1
const	KEYC_TRIPLECLICK1_BORDER	1	1
const	KEYC_TRIPLECLICK1_CONTROL0	1	1
const	KEYC_TRIPLECLICK1_CONTROL1	1	1
const	KEYC_TRIPLECLICK1_CONTROL2	1	1
const	KEYC_TRIPLECLICK1_CONTROL3	1	1
const	KEYC_TRIPLECLICK1_CONTROL4	1	1
const	KEYC_TRIPLECLICK1_CONTROL5	1	1
const	KEYC_TRIPLECLICK1_CONTROL6	1	1
const	KEYC_TRIPLECLICK1_CONTROL7	1	1
const	KEYC_TRIPLECLICK1_CONTROL8	1	1
const	KEYC_TRIPLECLICK1_CONTROL9	1	1
const	KEYC_TRIPLECLICK1_EMPTY	1	1
const	KEYC_TRIPLECLICK1_PANE	1	1
const	KEYC_TRIPLECLICK1_SCROLLBAR_DOWN	1	1
const	KEYC_TRIPLECLICK1_SCROLLBAR_SLIDER	1	1
const	KEYC_TRIPLECLICK1_SCROLLBAR_UP	1	1
const	KEYC_TRIPLECLICK1_STATUS	1	1
const	KEYC_TRIPLECLICK1_STATUS_DEFAULT	1	1
const	KEYC_TRIPLECLICK1_STATUS_LEFT	1	1
const	KEYC_TRIPLECLICK1_STATUS_RIGHT	1	1
const	KEYC_TRIPLECLICK2_BORDER	1	1
const	KEYC_TRIPLECLICK2_CONTROL0	1	1
const	KEYC_TRIPLECLICK2_CONTROL1	1	1
const	KEYC_TRIPLECLICK2_CONTROL2	1	1
const	KEYC_TRIPLECLICK2_CONTROL3	1	1
const	KEYC_TRIPLECLICK2_CONTROL4	1	1
const	KEYC_TRIPLECLICK2_CONTROL5	1	1
const	KEYC_TRIPLECLICK2_CONTROL6	1	1
const	KEYC_TRIPLECLICK2_CONTROL7	1	1
const	KEYC_TRIPLECLICK2_CONTROL8	1	1
const	KEYC_TRIPLECLICK2_CONTROL9	1	1
const	KEYC_TRIPLECLICK2_EMPTY	1	1
const	KEYC_TRIPLECLICK2_PANE	1	1
const	KEYC_TRIPLECLICK2_SCROLLBAR_DOWN	1	1
const	KEYC_TRIPLECLICK2_SCROLLBAR_SLIDER	1	1
const	KEYC_TRIPLECLICK2_SCROLLBAR_UP	1	1
const	KEYC_TRIPLECLICK2_STATUS	1	1
const	KEYC_TRIPLECLICK2_STATUS_DEFAULT	1	1
const	KEYC_TRIPLECLICK2_STATUS_LEFT	1	1
const	KEYC_TRIPLECLICK2_STATUS_RIGHT	1	1
const	KEYC_TRIPLECLICK3_BORDER	1	1
const	KEYC_TRIPLECLICK3_CONTROL0	1	1
const	KEYC_TRIPLECLICK3_CONTROL1	1	1
const	KEYC_TRIPLECLICK3_CONTROL2	1	1
const	KEYC_TRIPLECLICK3_CONTROL3	1	1
const	KEYC_TRIPLECLICK3_CONTROL4	1	1
const	KEYC_TRIPLECLICK3_CONTROL5	1	1
const	KEYC_TRIPLECLICK3_CONTROL6	1	1
const	KEYC_TRIPLECLICK3_CONTROL7	1	1
const	KEYC_TRIPLECLICK3_CONTROL8	1	1
const	KEYC_TRIPLECLICK3_CONTROL9	1	1
const	KEYC_TRIPLECLICK3_EMPTY	1	1
const	KEYC_TRIPLECLICK3_PANE	1	1
const	KEYC_TRIPLECLICK3_SCROLLBAR_DOWN	1	1
const	KEYC_TRIPLECLICK3_SCROLLBAR_SLIDER	1	1
const	KEYC_TRIPLECLICK3_SCROLLBAR_UP	1	1
const	KEYC_TRIPLECLICK3_STATUS	1	1
const	KEYC_TRIPLECLICK3_STATUS_DEFAULT	1	1
const	KEYC_TRIPLECLICK3_STATUS_LEFT	1	1
const	KEYC_TRIPLECLICK3_STATUS_RIGHT	1	1
const	KEYC_TRIPLECLICK6_BORDER	1	1
const	KEYC_TRIPLECLICK6_CONTROL0	1	1
const	KEYC_TRIPLECLICK6_CONTROL1	1	1
const	KEYC_TRIPLECLICK6_CONTROL2	1	1
const	KEYC_TRIPLECLICK6_CONTROL3	1	1
const	KEYC_TRIPLECLICK6_CONTROL4	1	1
const	KEYC_TRIPLECLICK6_CONTROL5	1	1
const	KEYC_TRIPLECLICK6_CONTROL6	1	1
const	KEYC_TRIPLECLICK6_CONTROL7	1	1
const	KEYC_TRIPLECLICK6_CONTROL8	1	1
const	KEYC_TRIPLECLICK6_CONTROL9	1	1
const	KEYC_TRIPLECLICK6_EMPTY	1	1
const	KEYC_TRIPLECLICK6_PANE	1	1
const	KEYC_TRIPLECLICK6_SCROLLBAR_DOWN	1	1
const	KEYC_TRIPLECLICK6_SCROLLBAR_SLIDER	1	1
const	KEYC_TRIPLECLICK6_SCROLLBAR_UP	1	1
const	KEYC_TRIPLECLICK6_STATUS	1	1
const	KEYC_TRIPLECLICK6_STATUS_DEFAULT	1	1
const	KEYC_TRIPLECLICK6_STATUS_LEFT	1	1
const	KEYC_TRIPLECLICK6_STATUS_RIGHT	1	1
const	KEYC_TRIPLECLICK7_BORDER	1	1
const	KEYC_TRIPLECLICK7_CONTROL0	1	1
const	KEYC_TRIPLECLICK7_CONTROL1	1	1
const	KEYC_TRIPLECLICK7_CONTROL2	1	1
const	KEYC_TRIPLECLICK7_CONTROL3	1	1
const	KEYC_TRIPLECLICK7_CONTROL4	1	1
const	KEYC_TRIPLECLICK7_CONTROL5	1	1
const	KEYC_TRIPLECLICK7_CONTROL6	1	1
const	KEYC_TRIPLECLICK7_CONTROL7	1	1
const	KEYC_TRIPLECLICK7_CONTROL8	1	1
const	KEYC_TRIPLECLICK7_CONTROL9	1	1
const	KEYC_TRIPLECLICK7_EMPTY	1	1
const	KEYC_TRIPLECLICK7_PANE	1	1
const	KEYC_TRIPLECLICK7_SCROLLBAR_DOWN	1	1
const	KEYC_TRIPLECLICK7_SCROLLBAR_SLIDER	1	1
const	KEYC_TRIPLECLICK7_SCROLLBAR_UP	1	1
const	KEYC_TRIPLECLICK7_STATUS	1	1
const	KEYC_TRIPLECLICK7_STATUS_DEFAULT	1	1
const	KEYC_TRIPLECLICK7_STATUS_LEFT	1	1
const	KEYC_TRIPLECLICK7_STATUS_RIGHT	1	1
const	KEYC_TRIPLECLICK8_BORDER	1	1
const	KEYC_TRIPLECLICK8_CONTROL0	1	1
const	KEYC_TRIPLECLICK8_CONTROL1	1	1
const	KEYC_TRIPLECLICK8_CONTROL2	1	1
const	KEYC_TRIPLECLICK8_CONTROL3	1	1
const	KEYC_TRIPLECLICK8_CONTROL4	1	1
const	KEYC_TRIPLECLICK8_CONTROL5	1	1
const	KEYC_TRIPLECLICK8_CONTROL6	1	1
const	KEYC_TRIPLECLICK8_CONTROL7	1	1
const	KEYC_TRIPLECLICK8_CONTROL8	1	1
const	KEYC_TRIPLECLICK8_CONTROL9	1	1
const	KEYC_TRIPLECLICK8_EMPTY	1	1
const	KEYC_TRIPLECLICK8_PANE	1	1
const	KEYC_TRIPLECLICK8_SCROLLBAR_DOWN	1	1
const	KEYC_TRIPLECLICK8_SCROLLBAR_SLIDER	1	1
const	KEYC_TRIPLECLICK8_SCROLLBAR_UP	1	1
const	KEYC_TRIPLECLICK8_STATUS	1	1
const	KEYC_TRIPLECLICK8_STATUS_DEFAULT	1	1
const	KEYC_TRIPLECLICK8_STATUS_LEFT	1	1
const	KEYC_TRIPLECLICK8_STATUS_RIGHT	1	1
const	KEYC_TRIPLECLICK9_BORDER	1	1
const	KEYC_TRIPLECLICK9_CONTROL0	1	1
const	KEYC_TRIPLECLICK9_CONTROL1	1	1
const	KEYC_TRIPLECLICK9_CONTROL2	1	1
const	KEYC_TRIPLECLICK9_CONTROL3	1	1
const	KEYC_TRIPLECLICK9_CONTROL4	1	1
const	KEYC_TRIPLECLICK9_CONTROL5	1	1
const	KEYC_TRIPLECLICK9_CONTROL6	1	1
const	KEYC_TRIPLECLICK9_CONTROL7	1	1
const	KEYC_TRIPLECLICK9_CONTROL8	1	1
const	KEYC_TRIPLECLICK9_CONTROL9	1	1
const	KEYC_TRIPLECLICK9_EMPTY	1	1
const	KEYC_TRIPLECLICK9_PANE	1	1
const	KEYC_TRIPLECLICK9_SCROLLBAR_DOWN	1	1
const	KEYC_TRIPLECLICK9_SCROLLBAR_SLIDER	1	1
const	KEYC_TRIPLECLICK9_SCROLLBAR_UP	1	1
const	KEYC_TRIPLECLICK9_STATUS	1	1
const	KEYC_TRIPLECLICK9_STATUS_DEFAULT	1	1
const	KEYC_TRIPLECLICK9_STATUS_LEFT	1	1
const	KEYC_TRIPLECLICK9_STATUS_RIGHT	1	1
const	KEYC_TRIPLECLICK_BORDER	1	1
const	KEYC_TRIPLECLICK_CONTROL0	1	1
const	KEYC_TRIPLECLICK_CONTROL1	1	1
const	KEYC_TRIPLECLICK_CONTROL2	1	1
const	KEYC_TRIPLECLICK_CONTROL3	1	1
const	KEYC_TRIPLECLICK_CONTROL4	1	1
const	KEYC_TRIPLECLICK_CONTROL5	1	1
const	KEYC_TRIPLECLICK_CONTROL6	1	1
const	KEYC_TRIPLECLICK_CONTROL7	1	1
const	KEYC_TRIPLECLICK_CONTROL8	1	1
const	KEYC_TRIPLECLICK_CONTROL9	1	1
const	KEYC_TRIPLECLICK_EMPTY	1	1
const	KEYC_TRIPLECLICK_PANE	1	1
const	KEYC_TRIPLECLICK_SCROLLBAR_DOWN	1	1
const	KEYC_TRIPLECLICK_SCROLLBAR_SLIDER	1	1
const	KEYC_TRIPLECLICK_SCROLLBAR_UP	1	1
const	KEYC_TRIPLECLICK_STATUS	1	1
const	KEYC_TRIPLECLICK_STATUS_DEFAULT	1	1
const	KEYC_TRIPLECLICK_STATUS_LEFT	1	1
const	KEYC_TRIPLECLICK_STATUS_RIGHT	1	1
const	KEYC_TYPE_DOUBLECLICK	1	1
const	KEYC_TYPE_FUNCTION	1	1
const	KEYC_TYPE_MOUSEDOWN	1	1
const	KEYC_TYPE_MOUSEDRAG	1	1
const	KEYC_TYPE_MOUSEDRAGEND	1	1
const	KEYC_TYPE_MOUSEMOVE	1	1
const	KEYC_TYPE_MOUSEUP	1	1
const	KEYC_TYPE_NOTYPE	1	1
const	KEYC_TYPE_SECONDCLICK	1	1
const	KEYC_TYPE_TRIPLECLICK	1	1
const	KEYC_TYPE_UNICODE	1	1
const	KEYC_TYPE_USER	1	1
const	KEYC_TYPE_WHEELDOWN	1	1
const	KEYC_TYPE_WHEELUP	1	1
const	KEYC_UNKNOWN	1	1
const	KEYC_UP	1	1
const	KEYC_USER	1	1
const	KEYC_VI	1	1
const	KEYC_WHEELDOWN10_BORDER	1	1
const	KEYC_WHEELDOWN10_CONTROL0	1	1
const	KEYC_WHEELDOWN10_CONTROL1	1	1
const	KEYC_WHEELDOWN10_CONTROL2	1	1
const	KEYC_WHEELDOWN10_CONTROL3	1	1
const	KEYC_WHEELDOWN10_CONTROL4	1	1
const	KEYC_WHEELDOWN10_CONTROL5	1	1
const	KEYC_WHEELDOWN10_CONTROL6	1	1
const	KEYC_WHEELDOWN10_CONTROL7	1	1
const	KEYC_WHEELDOWN10_CONTROL8	1	1
const	KEYC_WHEELDOWN10_CONTROL9	1	1
const	KEYC_WHEELDOWN10_EMPTY	1	1
const	KEYC_WHEELDOWN10_PANE	1	1
const	KEYC_WHEELDOWN10_SCROLLBAR_DOWN	1	1
const	KEYC_WHEELDOWN10_SCROLLBAR_SLIDER	1	1
const	KEYC_WHEELDOWN10_SCROLLBAR_UP	1	1
const	KEYC_WHEELDOWN10_STATUS	1	1
const	KEYC_WHEELDOWN10_STATUS_DEFAULT	1	1
const	KEYC_WHEELDOWN10_STATUS_LEFT	1	1
const	KEYC_WHEELDOWN10_STATUS_RIGHT	1	1
const	KEYC_WHEELDOWN11_BORDER	1	1
const	KEYC_WHEELDOWN11_CONTROL0	1	1
const	KEYC_WHEELDOWN11_CONTROL1	1	1
const	KEYC_WHEELDOWN11_CONTROL2	1	1
const	KEYC_WHEELDOWN11_CONTROL3	1	1
const	KEYC_WHEELDOWN11_CONTROL4	1	1
const	KEYC_WHEELDOWN11_CONTROL5	1	1
const	KEYC_WHEELDOWN11_CONTROL6	1	1
const	KEYC_WHEELDOWN11_CONTROL7	1	1
const	KEYC_WHEELDOWN11_CONTROL8	1	1
const	KEYC_WHEELDOWN11_CONTROL9	1	1
const	KEYC_WHEELDOWN11_EMPTY	1	1
const	KEYC_WHEELDOWN11_PANE	1	1
const	KEYC_WHEELDOWN11_SCROLLBAR_DOWN	1	1
const	KEYC_WHEELDOWN11_SCROLLBAR_SLIDER	1	1
const	KEYC_WHEELDOWN11_SCROLLBAR_UP	1	1
const	KEYC_WHEELDOWN11_STATUS	1	1
const	KEYC_WHEELDOWN11_STATUS_DEFAULT	1	1
const	KEYC_WHEELDOWN11_STATUS_LEFT	1	1
const	KEYC_WHEELDOWN11_STATUS_RIGHT	1	1
const	KEYC_WHEELDOWN1_BORDER	1	1
const	KEYC_WHEELDOWN1_CONTROL0	1	1
const	KEYC_WHEELDOWN1_CONTROL1	1	1
const	KEYC_WHEELDOWN1_CONTROL2	1	1
const	KEYC_WHEELDOWN1_CONTROL3	1	1
const	KEYC_WHEELDOWN1_CONTROL4	1	1
const	KEYC_WHEELDOWN1_CONTROL5	1	1
const	KEYC_WHEELDOWN1_CONTROL6	1	1
const	KEYC_WHEELDOWN1_CONTROL7	1	1
const	KEYC_WHEELDOWN1_CONTROL8	1	1
const	KEYC_WHEELDOWN1_CONTROL9	1	1
const	KEYC_WHEELDOWN1_EMPTY	1	1
const	KEYC_WHEELDOWN1_PANE	1	1
const	KEYC_WHEELDOWN1_SCROLLBAR_DOWN	1	1
const	KEYC_WHEELDOWN1_SCROLLBAR_SLIDER	1	1
const	KEYC_WHEELDOWN1_SCROLLBAR_UP	1	1
const	KEYC_WHEELDOWN1_STATUS	1	1
const	KEYC_WHEELDOWN1_STATUS_DEFAULT	1	1
const	KEYC_WHEELDOWN1_STATUS_LEFT	1	1
const	KEYC_WHEELDOWN1_STATUS_RIGHT	1	1
const	KEYC_WHEELDOWN2_BORDER	1	1
const	KEYC_WHEELDOWN2_CONTROL0	1	1
const	KEYC_WHEELDOWN2_CONTROL1	1	1
const	KEYC_WHEELDOWN2_CONTROL2	1	1
const	KEYC_WHEELDOWN2_CONTROL3	1	1
const	KEYC_WHEELDOWN2_CONTROL4	1	1
const	KEYC_WHEELDOWN2_CONTROL5	1	1
const	KEYC_WHEELDOWN2_CONTROL6	1	1
const	KEYC_WHEELDOWN2_CONTROL7	1	1
const	KEYC_WHEELDOWN2_CONTROL8	1	1
const	KEYC_WHEELDOWN2_CONTROL9	1	1
const	KEYC_WHEELDOWN2_EMPTY	1	1
const	KEYC_WHEELDOWN2_PANE	1	1
const	KEYC_WHEELDOWN2_SCROLLBAR_DOWN	1	1
const	KEYC_WHEELDOWN2_SCROLLBAR_SLIDER	1	1
const	KEYC_WHEELDOWN2_SCROLLBAR_UP	1	1
const	KEYC_WHEELDOWN2_STATUS	1	1
const	KEYC_WHEELDOWN2_STATUS_DEFAULT	1	1
const	KEYC_WHEELDOWN2_STATUS_LEFT	1	1
const	KEYC_WHEELDOWN2_STATUS_RIGHT	1	1
const	KEYC_WHEELDOWN3_BORDER	1	1
const	KEYC_WHEELDOWN3_CONTROL0	1	1
const	KEYC_WHEELDOWN3_CONTROL1	1	1
const	KEYC_WHEELDOWN3_CONTROL2	1	1
const	KEYC_WHEELDOWN3_CONTROL3	1	1
const	KEYC_WHEELDOWN3_CONTROL4	1	1
const	KEYC_WHEELDOWN3_CONTROL5	1	1
const	KEYC_WHEELDOWN3_CONTROL6	1	1
const	KEYC_WHEELDOWN3_CONTROL7	1	1
const	KEYC_WHEELDOWN3_CONTROL8	1	1
const	KEYC_WHEELDOWN3_CONTROL9	1	1
const	KEYC_WHEELDOWN3_EMPTY	1	1
const	KEYC_WHEELDOWN3_PANE	1	1
const	KEYC_WHEELDOWN3_SCROLLBAR_DOWN	1	1
const	KEYC_WHEELDOWN3_SCROLLBAR_SLIDER	1	1
const	KEYC_WHEELDOWN3_SCROLLBAR_UP	1	1
const	KEYC_WHEELDOWN3_STATUS	1	1
const	KEYC_WHEELDOWN3_STATUS_DEFAULT	1	1
const	KEYC_WHEELDOWN3_STATUS_LEFT	1	1
const	KEYC_WHEELDOWN3_STATUS_RIGHT	1	1
const	KEYC_WHEELDOWN6_BORDER	1	1
const	KEYC_WHEELDOWN6_CONTROL0	1	1
const	KEYC_WHEELDOWN6_CONTROL1	1	1
const	KEYC_WHEELDOWN6_CONTROL2	1	1
const	KEYC_WHEELDOWN6_CONTROL3	1	1
const	KEYC_WHEELDOWN6_CONTROL4	1	1
const	KEYC_WHEELDOWN6_CONTROL5	1	1
const	KEYC_WHEELDOWN6_CONTROL6	1	1
const	KEYC_WHEELDOWN6_CONTROL7	1	1
const	KEYC_WHEELDOWN6_CONTROL8	1	1
const	KEYC_WHEELDOWN6_CONTROL9	1	1
const	KEYC_WHEELDOWN6_EMPTY	1	1
const	KEYC_WHEELDOWN6_PANE	1	1
const	KEYC_WHEELDOWN6_SCROLLBAR_DOWN	1	1
const	KEYC_WHEELDOWN6_SCROLLBAR_SLIDER	1	1
const	KEYC_WHEELDOWN6_SCROLLBAR_UP	1	1
const	KEYC_WHEELDOWN6_STATUS	1	1
const	KEYC_WHEELDOWN6_STATUS_DEFAULT	1	1
const	KEYC_WHEELDOWN6_STATUS_LEFT	1	1
const	KEYC_WHEELDOWN6_STATUS_RIGHT	1	1
const	KEYC_WHEELDOWN7_BORDER	1	1
const	KEYC_WHEELDOWN7_CONTROL0	1	1
const	KEYC_WHEELDOWN7_CONTROL1	1	1
const	KEYC_WHEELDOWN7_CONTROL2	1	1
const	KEYC_WHEELDOWN7_CONTROL3	1	1
const	KEYC_WHEELDOWN7_CONTROL4	1	1
const	KEYC_WHEELDOWN7_CONTROL5	1	1
const	KEYC_WHEELDOWN7_CONTROL6	1	1
const	KEYC_WHEELDOWN7_CONTROL7	1	1
const	KEYC_WHEELDOWN7_CONTROL8	1	1
const	KEYC_WHEELDOWN7_CONTROL9	1	1
const	KEYC_WHEELDOWN7_EMPTY	1	1
const	KEYC_WHEELDOWN7_PANE	1	1
const	KEYC_WHEELDOWN7_SCROLLBAR_DOWN	1	1
const	KEYC_WHEELDOWN7_SCROLLBAR_SLIDER	1	1
const	KEYC_WHEELDOWN7_SCROLLBAR_UP	1	1
const	KEYC_WHEELDOWN7_STATUS	1	1
const	KEYC_WHEELDOWN7_STATUS_DEFAULT	1	1
const	KEYC_WHEELDOWN7_STATUS_LEFT	1	1
const	KEYC_WHEELDOWN7_STATUS_RIGHT	1	1
const	KEYC_WHEELDOWN8_BORDER	1	1
const	KEYC_WHEELDOWN8_CONTROL0	1	1
const	KEYC_WHEELDOWN8_CONTROL1	1	1
const	KEYC_WHEELDOWN8_CONTROL2	1	1
const	KEYC_WHEELDOWN8_CONTROL3	1	1
const	KEYC_WHEELDOWN8_CONTROL4	1	1
const	KEYC_WHEELDOWN8_CONTROL5	1	1
const	KEYC_WHEELDOWN8_CONTROL6	1	1
const	KEYC_WHEELDOWN8_CONTROL7	1	1
const	KEYC_WHEELDOWN8_CONTROL8	1	1
const	KEYC_WHEELDOWN8_CONTROL9	1	1
const	KEYC_WHEELDOWN8_EMPTY	1	1
const	KEYC_WHEELDOWN8_PANE	1	1
const	KEYC_WHEELDOWN8_SCROLLBAR_DOWN	1	1
const	KEYC_WHEELDOWN8_SCROLLBAR_SLIDER	1	1
const	KEYC_WHEELDOWN8_SCROLLBAR_UP	1	1
const	KEYC_WHEELDOWN8_STATUS	1	1
const	KEYC_WHEELDOWN8_STATUS_DEFAULT	1	1
const	KEYC_WHEELDOWN8_STATUS_LEFT	1	1
const	KEYC_WHEELDOWN8_STATUS_RIGHT	1	1
const	KEYC_WHEELDOWN9_BORDER	1	1
const	KEYC_WHEELDOWN9_CONTROL0	1	1
const	KEYC_WHEELDOWN9_CONTROL1	1	1
const	KEYC_WHEELDOWN9_CONTROL2	1	1
const	KEYC_WHEELDOWN9_CONTROL3	1	1
const	KEYC_WHEELDOWN9_CONTROL4	1	1
const	KEYC_WHEELDOWN9_CONTROL5	1	1
const	KEYC_WHEELDOWN9_CONTROL6	1	1
const	KEYC_WHEELDOWN9_CONTROL7	1	1
const	KEYC_WHEELDOWN9_CONTROL8	1	1
const	KEYC_WHEELDOWN9_CONTROL9	1	1
const	KEYC_WHEELDOWN9_EMPTY	1	1
const	KEYC_WHEELDOWN9_PANE	1	1
const	KEYC_WHEELDOWN9_SCROLLBAR_DOWN	1	1
const	KEYC_WHEELDOWN9_SCROLLBAR_SLIDER	1	1
const	KEYC_WHEELDOWN9_SCROLLBAR_UP	1	1
const	KEYC_WHEELDOWN9_STATUS	1	1
const	KEYC_WHEELDOWN9_STATUS_DEFAULT	1	1
const	KEYC_WHEELDOWN9_STATUS_LEFT	1	1
const	KEYC_WHEELDOWN9_STATUS_RIGHT	1	1
const	KEYC_WHEELDOWN_BORDER	1	1
const	KEYC_WHEELDOWN_CONTROL0	1	1
const	KEYC_WHEELDOWN_CONTROL1	1	1
const	KEYC_WHEELDOWN_CONTROL2	1	1
const	KEYC_WHEELDOWN_CONTROL3	1	1
const	KEYC_WHEELDOWN_CONTROL4	1	1
const	KEYC_WHEELDOWN_CONTROL5	1	1
const	KEYC_WHEELDOWN_CONTROL6	1	1
const	KEYC_WHEELDOWN_CONTROL7	1	1
const	KEYC_WHEELDOWN_CONTROL8	1	1
const	KEYC_WHEELDOWN_CONTROL9	1	1
const	KEYC_WHEELDOWN_EMPTY	1	1
const	KEYC_WHEELDOWN_PANE	1	1
const	KEYC_WHEELDOWN_SCROLLBAR_DOWN	1	1
const	KEYC_WHEELDOWN_SCROLLBAR_SLIDER	1	1
const	KEYC_WHEELDOWN_SCROLLBAR_UP	1	1
const	KEYC_WHEELDOWN_STATUS	1	1
const	KEYC_WHEELDOWN_STATUS_DEFAULT	1	1
const	KEYC_WHEELDOWN_STATUS_LEFT	1	1
const	KEYC_WHEELDOWN_STATUS_RIGHT	1	1
const	KEYC_WHEELUP10_BORDER	1	1
const	KEYC_WHEELUP10_CONTROL0	1	1
const	KEYC_WHEELUP10_CONTROL1	1	1
const	KEYC_WHEELUP10_CONTROL2	1	1
const	KEYC_WHEELUP10_CONTROL3	1	1
const	KEYC_WHEELUP10_CONTROL4	1	1
const	KEYC_WHEELUP10_CONTROL5	1	1
const	KEYC_WHEELUP10_CONTROL6	1	1
const	KEYC_WHEELUP10_CONTROL7	1	1
const	KEYC_WHEELUP10_CONTROL8	1	1
const	KEYC_WHEELUP10_CONTROL9	1	1
const	KEYC_WHEELUP10_EMPTY	1	1
const	KEYC_WHEELUP10_PANE	1	1
const	KEYC_WHEELUP10_SCROLLBAR_DOWN	1	1
const	KEYC_WHEELUP10_SCROLLBAR_SLIDER	1	1
const	KEYC_WHEELUP10_SCROLLBAR_UP	1	1
const	KEYC_WHEELUP10_STATUS	1	1
const	KEYC_WHEELUP10_STATUS_DEFAULT	1	1
const	KEYC_WHEELUP10_STATUS_LEFT	1	1
const	KEYC_WHEELUP10_STATUS_RIGHT	1	1
const	KEYC_WHEELUP11_BORDER	1	1
const	KEYC_WHEELUP11_CONTROL0	1	1
const	KEYC_WHEELUP11_CONTROL1	1	1
const	KEYC_WHEELUP11_CONTROL2	1	1
const	KEYC_WHEELUP11_CONTROL3	1	1
const	KEYC_WHEELUP11_CONTROL4	1	1
const	KEYC_WHEELUP11_CONTROL5	1	1
const	KEYC_WHEELUP11_CONTROL6	1	1
const	KEYC_WHEELUP11_CONTROL7	1	1
const	KEYC_WHEELUP11_CONTROL8	1	1
const	KEYC_WHEELUP11_CONTROL9	1	1
const	KEYC_WHEELUP11_EMPTY	1	1
const	KEYC_WHEELUP11_PANE	1	1
const	KEYC_WHEELUP11_SCROLLBAR_DOWN	1	1
const	KEYC_WHEELUP11_SCROLLBAR_SLIDER	1	1
const	KEYC_WHEELUP11_SCROLLBAR_UP	1	1
const	KEYC_WHEELUP11_STATUS	1	1
const	KEYC_WHEELUP11_STATUS_DEFAULT	1	1
const	KEYC_WHEELUP11_STATUS_LEFT	1	1
const	KEYC_WHEELUP11_STATUS_RIGHT	1	1
const	KEYC_WHEELUP1_BORDER	1	1
const	KEYC_WHEELUP1_CONTROL0	1	1
const	KEYC_WHEELUP1_CONTROL1	1	1
const	KEYC_WHEELUP1_CONTROL2	1	1
const	KEYC_WHEELUP1_CONTROL3	1	1
const	KEYC_WHEELUP1_CONTROL4	1	1
const	KEYC_WHEELUP1_CONTROL5	1	1
const	KEYC_WHEELUP1_CONTROL6	1	1
const	KEYC_WHEELUP1_CONTROL7	1	1
const	KEYC_WHEELUP1_CONTROL8	1	1
const	KEYC_WHEELUP1_CONTROL9	1	1
const	KEYC_WHEELUP1_EMPTY	1	1
const	KEYC_WHEELUP1_PANE	1	1
const	KEYC_WHEELUP1_SCROLLBAR_DOWN	1	1
const	KEYC_WHEELUP1_SCROLLBAR_SLIDER	1	1
const	KEYC_WHEELUP1_SCROLLBAR_UP	1	1
const	KEYC_WHEELUP1_STATUS	1	1
const	KEYC_WHEELUP1_STATUS_DEFAULT	1	1
const	KEYC_WHEELUP1_STATUS_LEFT	1	1
const	KEYC_WHEELUP1_STATUS_RIGHT	1	1
const	KEYC_WHEELUP2_BORDER	1	1
const	KEYC_WHEELUP2_CONTROL0	1	1
const	KEYC_WHEELUP2_CONTROL1	1	1
const	KEYC_WHEELUP2_CONTROL2	1	1
const	KEYC_WHEELUP2_CONTROL3	1	1
const	KEYC_WHEELUP2_CONTROL4	1	1
const	KEYC_WHEELUP2_CONTROL5	1	1
const	KEYC_WHEELUP2_CONTROL6	1	1
const	KEYC_WHEELUP2_CONTROL7	1	1
const	KEYC_WHEELUP2_CONTROL8	1	1
const	KEYC_WHEELUP2_CONTROL9	1	1
const	KEYC_WHEELUP2_EMPTY	1	1
const	KEYC_WHEELUP2_PANE	1	1
const	KEYC_WHEELUP2_SCROLLBAR_DOWN	1	1
const	KEYC_WHEELUP2_SCROLLBAR_SLIDER	1	1
const	KEYC_WHEELUP2_SCROLLBAR_UP	1	1
const	KEYC_WHEELUP2_STATUS	1	1
const	KEYC_WHEELUP2_STATUS_DEFAULT	1	1
const	KEYC_WHEELUP2_STATUS_LEFT	1	1
const	KEYC_WHEELUP2_STATUS_RIGHT	1	1
const	KEYC_WHEELUP3_BORDER	1	1
const	KEYC_WHEELUP3_CONTROL0	1	1
const	KEYC_WHEELUP3_CONTROL1	1	1
const	KEYC_WHEELUP3_CONTROL2	1	1
const	KEYC_WHEELUP3_CONTROL3	1	1
const	KEYC_WHEELUP3_CONTROL4	1	1
const	KEYC_WHEELUP3_CONTROL5	1	1
const	KEYC_WHEELUP3_CONTROL6	1	1
const	KEYC_WHEELUP3_CONTROL7	1	1
const	KEYC_WHEELUP3_CONTROL8	1	1
const	KEYC_WHEELUP3_CONTROL9	1	1
const	KEYC_WHEELUP3_EMPTY	1	1
const	KEYC_WHEELUP3_PANE	1	1
const	KEYC_WHEELUP3_SCROLLBAR_DOWN	1	1
const	KEYC_WHEELUP3_SCROLLBAR_SLIDER	1	1
const	KEYC_WHEELUP3_SCROLLBAR_UP	1	1
const	KEYC_WHEELUP3_STATUS	1	1
const	KEYC_WHEELUP3_STATUS_DEFAULT	1	1
const	KEYC_WHEELUP3_STATUS_LEFT	1	1
const	KEYC_WHEELUP3_STATUS_RIGHT	1	1
const	KEYC_WHEELUP6_BORDER	1	1
const	KEYC_WHEELUP6_CONTROL0	1	1
const	KEYC_WHEELUP6_CONTROL1	1	1
const	KEYC_WHEELUP6_CONTROL2	1	1
const	KEYC_WHEELUP6_CONTROL3	1	1
const	KEYC_WHEELUP6_CONTROL4	1	1
const	KEYC_WHEELUP6_CONTROL5	1	1
const	KEYC_WHEELUP6_CONTROL6	1	1
const	KEYC_WHEELUP6_CONTROL7	1	1
const	KEYC_WHEELUP6_CONTROL8	1	1
const	KEYC_WHEELUP6_CONTROL9	1	1
const	KEYC_WHEELUP6_EMPTY	1	1
const	KEYC_WHEELUP6_PANE	1	1
const	KEYC_WHEELUP6_SCROLLBAR_DOWN	1	1
const	KEYC_WHEELUP6_SCROLLBAR_SLIDER	1	1
const	KEYC_WHEELUP6_SCROLLBAR_UP	1	1
const	KEYC_WHEELUP6_STATUS	1	1
const	KEYC_WHEELUP6_STATUS_DEFAULT	1	1
const	KEYC_WHEELUP6_STATUS_LEFT	1	1
const	KEYC_WHEELUP6_STATUS_RIGHT	1	1
const	KEYC_WHEELUP7_BORDER	1	1
const	KEYC_WHEELUP7_CONTROL0	1	1
const	KEYC_WHEELUP7_CONTROL1	1	1
const	KEYC_WHEELUP7_CONTROL2	1	1
const	KEYC_WHEELUP7_CONTROL3	1	1
const	KEYC_WHEELUP7_CONTROL4	1	1
const	KEYC_WHEELUP7_CONTROL5	1	1
const	KEYC_WHEELUP7_CONTROL6	1	1
const	KEYC_WHEELUP7_CONTROL7	1	1
const	KEYC_WHEELUP7_CONTROL8	1	1
const	KEYC_WHEELUP7_CONTROL9	1	1
const	KEYC_WHEELUP7_EMPTY	1	1
const	KEYC_WHEELUP7_PANE	1	1
const	KEYC_WHEELUP7_SCROLLBAR_DOWN	1	1
const	KEYC_WHEELUP7_SCROLLBAR_SLIDER	1	1
const	KEYC_WHEELUP7_SCROLLBAR_UP	1	1
const	KEYC_WHEELUP7_STATUS	1	1
const	KEYC_WHEELUP7_STATUS_DEFAULT	1	1
const	KEYC_WHEELUP7_STATUS_LEFT	1	1
const	KEYC_WHEELUP7_STATUS_RIGHT	1	1
const	KEYC_WHEELUP8_BORDER	1	1
const	KEYC_WHEELUP8_CONTROL0	1	1
const	KEYC_WHEELUP8_CONTROL1	1	1
const	KEYC_WHEELUP8_CONTROL2	1	1
const	KEYC_WHEELUP8_CONTROL3	1	1
const	KEYC_WHEELUP8_CONTROL4	1	1
const	KEYC_WHEELUP8_CONTROL5	1	1
const	KEYC_WHEELUP8_CONTROL6	1	1
const	KEYC_WHEELUP8_CONTROL7	1	1
const	KEYC_WHEELUP8_CONTROL8	1	1
const	KEYC_WHEELUP8_CONTROL9	1	1
const	KEYC_WHEELUP8_EMPTY	1	1
const	KEYC_WHEELUP8_PANE	1	1
const	KEYC_WHEELUP8_SCROLLBAR_DOWN	1	1
const	KEYC_WHEELUP8_SCROLLBAR_SLIDER	1	1
const	KEYC_WHEELUP8_SCROLLBAR_UP	1	1
const	KEYC_WHEELUP8_STATUS	1	1
const	KEYC_WHEELUP8_STATUS_DEFAULT	1	1
const	KEYC_WHEELUP8_STATUS_LEFT	1	1
const	KEYC_WHEELUP8_STATUS_RIGHT	1	1
const	KEYC_WHEELUP9_BORDER	1	1
const	KEYC_WHEELUP9_CONTROL0	1	1
const	KEYC_WHEELUP9_CONTROL1	1	1
const	KEYC_WHEELUP9_CONTROL2	1	1
const	KEYC_WHEELUP9_CONTROL3	1	1
const	KEYC_WHEELUP9_CONTROL4	1	1
const	KEYC_WHEELUP9_CONTROL5	1	1
const	KEYC_WHEELUP9_CONTROL6	1	1
const	KEYC_WHEELUP9_CONTROL7	1	1
const	KEYC_WHEELUP9_CONTROL8	1	1
const	KEYC_WHEELUP9_CONTROL9	1	1
const	KEYC_WHEELUP9_EMPTY	1	1
const	KEYC_WHEELUP9_PANE	1	1
const	KEYC_WHEELUP9_SCROLLBAR_DOWN	1	1
const	KEYC_WHEELUP9_SCROLLBAR_SLIDER	1	1
const	KEYC_WHEELUP9_SCROLLBAR_UP	1	1
const	KEYC_WHEELUP9_STATUS	1	1
const	KEYC_WHEELUP9_STATUS_DEFAULT	1	1
const	KEYC_WHEELUP9_STATUS_LEFT	1	1
const	KEYC_WHEELUP9_STATUS_RIGHT	1	1
const	KEYC_WHEELUP_BORDER	1	1
const	KEYC_WHEELUP_CONTROL0	1	1
const	KEYC_WHEELUP_CONTROL1	1	1
const	KEYC_WHEELUP_CONTROL2	1	1
const	KEYC_WHEELUP_CONTROL3	1	1
const	KEYC_WHEELUP_CONTROL4	1	1
const	KEYC_WHEELUP_CONTROL5	1	1
const	KEYC_WHEELUP_CONTROL6	1	1
const	KEYC_WHEELUP_CONTROL7	1	1
const	KEYC_WHEELUP_CONTROL8	1	1
const	KEYC_WHEELUP_CONTROL9	1	1
const	KEYC_WHEELUP_EMPTY	1	1
const	KEYC_WHEELUP_PANE	1	1
const	KEYC_WHEELUP_SCROLLBAR_DOWN	1	1
const	KEYC_WHEELUP_SCROLLBAR_SLIDER	1	1
const	KEYC_WHEELUP_SCROLLBAR_UP	1	1
const	KEYC_WHEELUP_STATUS	1	1
const	KEYC_WHEELUP_STATUS_DEFAULT	1	1
const	KEYC_WHEELUP_STATUS_LEFT	1	1
const	KEYC_WHEELUP_STATUS_RIGHT	1	1
const	KEY_BINDING_REPEAT	4	1
const	LAYOUT_CELL_FLOATING	1	1
const	LAYOUT_CUSTOM_OLD_FORMAT	1	1
const	LAYOUT_LEFTRIGHT	1	1
const	LAYOUT_TOPBOTTOM	1	1
const	LAYOUT_V1_MAX_DEPTH	1	1
const	LAYOUT_WINDOWPANE	1	1
const	LC_CTYPE	1	1
const	LC_TIME	1	1
const	LEFT	2	2
const	LESS_THAN	1	1
const	LESS_THAN_EQUAL	1	1
const	LINE_SEL_LEFT_RIGHT	1	1
const	LINE_SEL_NONE	1	1
const	LINE_SEL_RIGHT_LEFT	1	1
const	LIST	1	1
const	LIST_BUFFERS_TEMPLATE	1	1
const	LIST_CLIENTS_TEMPLATE	1	1
const	LIST_COMMANDS_TEMPLATE	1	1
const	LIST_KEYS_TEMPLATE	1	1
const	LIST_LEFT	1	1
const	LIST_RIGHT	1	1
const	LIST_SESSIONS_TEMPLATE	1	1
const	LIST_WINDOWS_WITH_SESSION_TEMPLATE	1	1
const	LLONG_MAX	1	1
const	LLONG_MIN	1	1
const	LOCK_EX	1	1
const	LOCK_NB	1	1
const	MAXPATHLEN	1	1
const	MAX_HYPERLINKS	1	1
const	MAX_HYPERLINK_URI	1	1
const	MAX_IMSGSIZE	4	1
const	MB_LEN_MAX	1	1
const	MENU_NOMOUSE	2	1
const	MENU_STAYOPEN	2	1
const	MENU_TAB	1	1
const	MIDDLE	1	1
const	MODEKEY_EMACS	4	1
const	MODEKEY_VI	3	1
const	MODE_BRACKETPASTE	7	1
const	MODE_CRLF	3	1
const	MODE_CURSOR	14	1
const	MODE_CURSOR_BLINKING	6	1
const	MODE_CURSOR_BLINKING_SET	4	1
const	MODE_CURSOR_VERY_VISIBLE	6	1
const	MODE_FOCUSON	4	1
const	MODE_INSERT	4	1
const	MODE_KCURSOR	4	1
const	MODE_KEYS_EXTENDED	5	2
const	MODE_KEYS_EXTENDED_2	5	2
const	MODE_KKEYPAD	4	1
const	MODE_MOUSE_ALL	7	1
const	MODE_MOUSE_BUTTON	7	1
const	MODE_MOUSE_SGR	4	1
const	MODE_MOUSE_STANDARD	6	1
const	MODE_MOUSE_UTF8	4	1
const	MODE_ORIGIN	4	1
const	MODE_SYNC	6	1
const	MODE_THEME_UPDATES	4	1
const	MODE_TREE_HELP_DEFAULT_WIDTH	1	1
const	MODE_TREE_PREVIEW_BIG	1	1
const	MODE_TREE_PREVIEW_NORMAL	1	1
const	MODE_TREE_PREVIEW_OFF	1	1
const	MODE_TREE_SEARCH_BACKWARD	1	1
const	MODE_TREE_SEARCH_FORWARD	1	1
const	MODE_WRAP	4	1
const	MODULUS	1	1
const	MONITOR_ALL_PANES	6	1
const	MONITOR_ALL_WINDOWS	6	1
const	MONITOR_NOTIFY_INITIAL	2	1
const	MONITOR_NOTIFY_TRUE	2	1
const	MONITOR_PANE	6	1
const	MONITOR_SESSION	6	1
const	MONITOR_WINDOW	6	1
const	MON_1	1	1
const	MON_10	1	1
const	MON_11	1	1
const	MON_12	1	1
const	MON_2	1	1
const	MON_3	1	1
const	MON_4	1	1
const	MON_5	1	1
const	MON_6	1	1
const	MON_7	1	1
const	MON_8	1	1
const	MON_9	1	1
const	MOTION_MOUSE_MODES	1	1
const	MOUSE_BUTTON_1	7	1
const	MOUSE_BUTTON_10	1	1
const	MOUSE_BUTTON_11	1	1
const	MOUSE_BUTTON_2	1	1
const	MOUSE_BUTTON_3	2	1
const	MOUSE_BUTTON_6	1	1
const	MOUSE_BUTTON_7	1	1
const	MOUSE_BUTTON_8	1	1
const	MOUSE_BUTTON_9	1	1
const	MOUSE_MASK_BUTTONS	10	1
const	MOUSE_MASK_CTRL	2	1
const	MOUSE_MASK_DRAG	8	1
const	MOUSE_MASK_META	2	1
const	MOUSE_MASK_MODIFIERS	1	1
const	MOUSE_MASK_SHIFT	2	1
const	MOUSE_PARAM_BTN_OFF	2	1
const	MOUSE_PARAM_MAX	1	1
const	MOUSE_PARAM_POS_OFF	2	1
const	MOUSE_PARAM_UTF8_MAX	1	1
const	MOUSE_WHEEL_DOWN	4	1
const	MOUSE_WHEEL_UP	4	1
const	MOVE	1	1
const	MSG_COMMAND	1	1
const	MSG_DETACH	1	1
const	MSG_DETACHKILL	1	1
const	MSG_EXEC	1	1
const	MSG_EXIT	1	1
const	MSG_EXITED	1	1
const	MSG_EXITING	1	1
const	MSG_FLAGS	1	1
const	MSG_IDENTIFY_CLIENTPID	1	1
const	MSG_IDENTIFY_CWD	1	1
const	MSG_IDENTIFY_DONE	1	1
const	MSG_IDENTIFY_ENVIRON	1	1
const	MSG_IDENTIFY_FEATURES	1	1
const	MSG_IDENTIFY_FLAGS	1	1
const	MSG_IDENTIFY_LONGFLAGS	1	1
const	MSG_IDENTIFY_OLDCWD	1	1
const	MSG_IDENTIFY_STDIN	1	1
const	MSG_IDENTIFY_STDOUT	1	1
const	MSG_IDENTIFY_TERM	1	1
const	MSG_IDENTIFY_TERMINFO	1	1
const	MSG_IDENTIFY_TTYNAME	1	1
const	MSG_LOCK	1	1
const	MSG_OLDSTDERR	1	1
const	MSG_OLDSTDIN	1	1
const	MSG_OLDSTDOUT	1	1
const	MSG_READ	1	1
const	MSG_READY	1	1
const	MSG_READ_CANCEL	1	1
const	MSG_READ_DONE	1	1
const	MSG_READ_OPEN	1	1
const	MSG_RESIZE	1	1
const	MSG_SHELL	1	1
const	MSG_SHUTDOWN	1	1
const	MSG_SUSPEND	1	1
const	MSG_UNLOCK	1	1
const	MSG_VERSION	1	1
const	MSG_WAKEUP	1	1
const	MSG_WRITE	1	1
const	MSG_WRITE_CLOSE	1	1
const	MSG_WRITE_DONE	1	1
const	MSG_WRITE_OPEN	1	1
const	MSG_WRITE_READY	1	1
const	MULTIPLY	1	1
const	MUL_NO_OVERFLOW	1	1
const	NAME_INTERVAL	1	1
const	NCURSES_VERSION	1	1
const	NCURSES_VERSION_PATCH	1	1
const	NEW_SESSION_TEMPLATE	1	1
const	NEW_WINDOW_TEMPLATE	1	1
const	NODE_ARRAY	1	1
const	NODE_BOOLEAN	1	1
const	NODE_NUMBER	1	1
const	NODE_OBJECT	1	1
const	NODE_STRING	1	1
const	NONE	2	2
const	NOT_EQUAL	1	1
const	NQ	1	1
const	NULL	1	1
const	NULL_0	3	1
const	OCRNL	1	1
const	OFF	1	1
const	OK	1	1
const	ONLCR	2	1
const	ONLRET	1	1
const	OPOST	2	1
const	OPTIONS_TABLE_CHOICE	1	1
const	OPTIONS_TABLE_COLOUR	1	1
const	OPTIONS_TABLE_COMMAND	1	1
const	OPTIONS_TABLE_FLAG	1	1
const	OPTIONS_TABLE_IS_ARRAY	3	1
const	OPTIONS_TABLE_IS_COLOUR	3	1
const	OPTIONS_TABLE_IS_HOOK	5	1
const	OPTIONS_TABLE_IS_STYLE	3	1
const	OPTIONS_TABLE_KEY	1	1
const	OPTIONS_TABLE_NONE	3	1
const	OPTIONS_TABLE_NUMBER	1	1
const	OPTIONS_TABLE_PANE	3	1
const	OPTIONS_TABLE_SERVER	4	1
const	OPTIONS_TABLE_SESSION	4	1
const	OPTIONS_TABLE_STATUS_FORMAT1	1	1
const	OPTIONS_TABLE_STATUS_FORMAT2	1	1
const	OPTIONS_TABLE_STATUS_FORMAT3	1	1
const	OPTIONS_TABLE_STRING	1	1
const	OPTIONS_TABLE_WINDOW	5	1
const	O_APPEND	2	1
const	O_CREAT	3	1
const	O_NONBLOCK	2	1
const	O_RDONLY	1	1
const	O_RDWR	1	1
const	O_TRUNC	2	1
const	O_WRONLY	4	1
const	PADDED_BORDERS	1	1
const	PANE_ACTIVITY	2	1
const	PANE_BORDER_ARROWS	1	1
const	PANE_BORDER_BOTH	1	1
const	PANE_BORDER_COLOUR	2	1
const	PANE_CAPTUREALLKEYS	2	1
const	PANE_CHANGED	5	1
const	PANE_CLOSEONCANCEL	2	1
const	PANE_CLOSEONCLICK	2	1
const	PANE_CMDRUNNING	2	1
const	PANE_DESTROYED	1	1
const	PANE_DROP	1	1
const	PANE_EMPTY	2	1
const	PANE_EXITED	4	1
const	PANE_FLOATOVERZOOM	3	1
const	PANE_FOCUSED	1	1
const	PANE_INPUTOFF	4	1
const	PANE_LINES_DOUBLE	1	1
const	PANE_LINES_HEAVY	1	1
const	PANE_LINES_NONE	1	1
const	PANE_LINES_NUMBER	1	1
const	PANE_LINES_ROUNDED	1	1
const	PANE_LINES_SIMPLE	1	1
const	PANE_LINES_SINGLE	1	1
const	PANE_LINES_SPACES	1	1
const	PANE_MAXIMUM	3	1
const	PANE_MINIMUM	9	1
const	PANE_NEWSTATUS	1	1
const	PANE_REDRAW	18	1
const	PANE_REDRAWSCROLLBAR	5	1
const	PANE_SCROLLBARS_ALWAYS	3	1
const	PANE_SCROLLBARS_AUTOHIDE	2	1
const	PANE_SCROLLBARS_CHARACTER	1	1
const	PANE_SCROLLBARS_DEFAULT_PADDING	1	1
const	PANE_SCROLLBARS_DEFAULT_WIDTH	1	1
const	PANE_SCROLLBARS_LEFT	6	1
const	PANE_SCROLLBARS_MODAL	2	1
const	PANE_SCROLLBARS_OFF	1	1
const	PANE_SCROLLBARS_RIGHT	3	1
const	PANE_STATUSDRAWN	3	1
const	PANE_STATUSREADY	5	1
const	PANE_STATUS_BOTTOM	7	2
const	PANE_STATUS_BOTTOM_FLOATING	1	1
const	PANE_STATUS_OFF	5	1
const	PANE_STATUS_TOP	7	2
const	PANE_STATUS_TOP_FLOATING	1	1
const	PANE_STYLECHANGED	11	1
const	PANE_THEMECHANGED	11	1
const	PANE_UNSEENCHANGES	4	1
const	PANE_VISITED	1	1
const	PANE_ZOOMED	2	1
const	PARSE_DEPTH_MAX	1	1
const	PATH_MAX	1	1
const	PEER_BAD	1	1
const	PF_LOCAL	5	1
const	PF_UNIX	5	1
const	PF_UNSPEC	3	1
const	PM_STR	1	1
const	POLLIN	1	1
const	POPUP_CLOSEANYKEY	2	1
const	POPUP_CLOSEEXIT	2	1
const	POPUP_CLOSEEXITZERO	2	1
const	PROGRESS_BAR_ERROR	1	1
const	PROGRESS_BAR_HIDDEN	1	1
const	PROGRESS_BAR_INDETERMINATE	1	1
const	PROGRESS_BAR_NORMAL	1	1
const	PROGRESS_BAR_PAUSED	1	1
const	PROMPT_ACCEPT	5	1
const	PROMPT_BSPACE_EXIT	2	1
const	PROMPT_CLOSE	9	1
const	PROMPT_COMMANDMODE	1	1
const	PROMPT_CONTINUE	9	1
const	PROMPT_EDITARROWS	2	1
const	PROMPT_INCREMENTAL	4	1
const	PROMPT_ISMODE	3	1
const	PROMPT_ISPANE	2	1
const	PROMPT_KEY	2	1
const	PROMPT_KEY_CLOSE	1	1
const	PROMPT_KEY_HANDLED	1	1
const	PROMPT_KEY_MOVE	1	1
const	PROMPT_KEY_NOT_HANDLED	1	1
const	PROMPT_NOFORMAT	5	1
const	PROMPT_NOFREEZE	3	1
const	PROMPT_NTYPES	3	1
const	PROMPT_NUMERIC	2	1
const	PROMPT_QUOTENEXT	1	1
const	PROMPT_SINGLE	7	1
const	PROMPT_TYPE_COMMAND	1	1
const	PROMPT_TYPE_INVALID	1	1
const	PROMPT_TYPE_SEARCH	1	1
const	PROTOCOL_VERSION	2	1
const	PR_SET_NAME	1	1
const	RADIXCHAR	1	1
const	RB_BLACK	18	1
const	RB_INF	5	1
const	RB_NEGINF	33	1
const	RB_RED	18	1
const	RECENTRE_BOTTOM	1	1
const	RECENTRE_MIDDLE	1	1
const	RECENTRE_TOP	1	1
const	REDRAW_ALL	1	1
const	REDRAW_BORDER_D	1	1
const	REDRAW_BORDER_IS_ARROW	1	1
const	REDRAW_BORDER_L	1	1
const	REDRAW_BORDER_R	1	1
const	REDRAW_BORDER_U	1	1
const	REDRAW_DEFAULT_SET	1	1
const	REDRAW_EMPTY	1	1
const	REDRAW_END_ISOLATE	1	1
const	REDRAW_ISOLATES	1	1
const	REDRAW_MENU	1	1
const	REDRAW_OUTSIDE	1	1
const	REDRAW_OVERLAY	1	1
const	REDRAW_PANE	1	1
const	REDRAW_PANE_BORDER	1	1
const	REDRAW_PANE_SCROLLBAR	1	1
const	REDRAW_PANE_STATUS	1	1
const	REDRAW_SCROLLBAR_LEFT	1	1
const	REDRAW_SCROLLBAR_OVERLAY	1	1
const	REDRAW_SCROLLBAR_RIGHT	1	1
const	REDRAW_SPAN_BORDER	1	1
const	REDRAW_SPAN_EMPTY	1	1
const	REDRAW_SPAN_MENU	1	1
const	REDRAW_SPAN_OUTSIDE	1	1
const	REDRAW_SPAN_PANE	1	1
const	REDRAW_SPAN_SCROLLBAR	1	1
const	REDRAW_SPAN_STATUS	1	1
const	REDRAW_SPAN_TYPES	1	1
const	REDRAW_START_ISOLATE	1	1
const	REDRAW_STATUS	1	1
const	REDRAW_STATUS_TOP	1	1
const	REG_EXTENDED	3	1
const	REG_ICASE	3	1
const	REG_NOSUB	1	1
const	REG_NOTBOL	1	1
const	RIGHT	2	2
const	SA_RESTART	2	1
const	SCM_CREDENTIALS	1	1
const	SCM_PIDFD	1	1
const	SCM_RIGHTS	1	1
const	SCM_SECURITY	1	1
const	SCREEN_CURSOR_BAR	1	1
const	SCREEN_CURSOR_BLOCK	1	1
const	SCREEN_CURSOR_DEFAULT	1	1
const	SCREEN_CURSOR_UNDERLINE	1	1
const	SCREEN_WRITE_CHECKED_IF_OBSCURED	1	1
const	SCREEN_WRITE_OBSCURED	1	1
const	SCREEN_WRITE_SYNC	1	1
const	SD_BUS_ERROR_NULL	1	1
const	SD_LISTEN_FDS_START	1	1
const	SEEK_END	1	1
const	SEEK_SET	1	1
const	SEL_CHAR	1	1
const	SEL_LINE	1	1
const	SEL_WORD	1	1
const	SERVER_ACL_IS_GROUP	2	1
const	SERVER_ACL_READONLY	1	1
const	SESSION_ALERTED	1	1
const	SHOW_HOOKS_MONITOR_TEMPLATE	1	1
const	SHOW_MESSAGES_TEMPLATE	1	1
const	SHOW_OPTIONS_TEMPLATE	1	1
const	SHRT_MAX	2	1
const	SHUT_RD	1	1
const	SHUT_RDWR	1	1
const	SHUT_WR	1	1
const	SIGCHLD	6	2
const	SIGCONT	4	2
const	SIGHUP	4	1
const	SIGINT	2	2
const	SIGPIPE	1	1
const	SIGQUIT	1	1
const	SIGTERM	5	2
const	SIGTSTP	2	1
const	SIGTTIN	3	1
const	SIGTTOU	3	1
const	SIGUSR1	2	2
const	SIGUSR2	2	2
const	SIGWINCH	2	2
const	SIG_BLOCK	4	1
const	SIG_DFL	2	1
const	SIG_SETMASK	4	1
const	SIMPLE_BORDERS	2	1
const	SINGLE_QUOTES	1	1
const	SIZE	1	1
const	SIZE_MAX	9	1
const	SOCK_CLOEXEC	6	1
const	SOCK_DCCP	6	1
const	SOCK_DGRAM	6	1
const	SOCK_NONBLOCK	6	1
const	SOCK_PACKET	6	1
const	SOCK_RAW	6	1
const	SOCK_RDM	6	1
const	SOCK_SEQPACKET	6	1
const	SOCK_STREAM	6	1
const	SOL_SOCKET	2	1
const	SORT_ACTIVITY	1	1
const	SORT_CREATION	1	1
const	SORT_END	1	1
const	SORT_INDEX	1	1
const	SORT_MODIFIER	1	1
const	SORT_NAME	1	1
const	SORT_ORDER	1	1
const	SORT_SIZE	1	1
const	SORT_Z	1	1
const	SO_PEERCRED	1	1
const	SPAWN_BEFORE	4	1
const	SPAWN_DETACHED	3	1
const	SPAWN_EMPTY	5	1
const	SPAWN_FLOATING	3	1
const	SPAWN_FLOATOVERZOOM	3	1
const	SPAWN_FULLSIZE	4	1
const	SPAWN_HORIZONTAL	3	1
const	SPAWN_KILL	4	1
const	SPAWN_MODAL	2	1
const	SPAWN_NONOTIFY	1	1
const	SPAWN_RESPAWN	3	1
const	SPAWN_SPLIT	2	1
const	SPAWN_ZOOM	3	1
const	SPLIT_WINDOW_TEMPLATE	1	1
const	SQ	1	1
const	START	1	1
const	STDERR_FILENO	6	1
const	STDIN_FILENO	6	1
const	STDOUT_FILENO	5	1
const	STYLE_ALIGN_ABSOLUTE_CENTRE	1	1
const	STYLE_ALIGN_CENTRE	1	1
const	STYLE_ALIGN_DEFAULT	1	1
const	STYLE_ALIGN_LEFT	1	1
const	STYLE_ALIGN_RIGHT	1	1
const	STYLE_DEFAULT_BASE	1	1
const	STYLE_DEFAULT_POP	1	1
const	STYLE_DEFAULT_PUSH	1	1
const	STYLE_DEFAULT_SET	1	1
const	STYLE_LIST_FOCUS	1	1
const	STYLE_LIST_LEFT_MARKER	1	1
const	STYLE_LIST_OFF	1	1
const	STYLE_LIST_ON	1	1
const	STYLE_LIST_RIGHT_MARKER	1	1
const	STYLE_PAD_DEFAULT	1	1
const	STYLE_RANGE_CONTROL	1	1
const	STYLE_RANGE_LEFT	1	1
const	STYLE_RANGE_NONE	1	1
const	STYLE_RANGE_PANE	1	1
const	STYLE_RANGE_RIGHT	1	1
const	STYLE_RANGE_SESSION	1	1
const	STYLE_RANGE_USER	1	1
const	STYLE_RANGE_WINDOW	1	1
const	STYLE_WIDTH_DEFAULT	1	1
const	SUBTRACT	1	1
const	S_CTRL	1	1
const	S_GROUND	1	1
const	S_IRGRP	1	1
const	S_IROTH	1	1
const	S_IRUSR	1	1
const	S_IRWXG	1	1
const	S_IRWXO	1	1
const	S_IRWXU	2	1
const	S_IXGRP	1	1
const	S_IXOTH	1	1
const	S_IXUSR	1	1
const	S_META	1	1
const	S_META1	1	1
const	S_OCTAL2	1	1
const	S_OCTAL3	1	1
const	S_START	1	1
const	TCOFLUSH	1	1
const	TCSAFLUSH	1	1
const	TCSANOW	3	1
const	TERM_256COLOURS	4	1
const	TERM_DECFRA	3	1
const	TERM_DECSLRM	3	1
const	TERM_INVALIDMS	2	1
const	TERM_NOAM	2	1
const	TERM_RGBCOLOURS	5	1
const	TERM_SIXEL	2	1
const	TERM_VT100LIKE	2	1
const	TEXT	1	1
const	THEME_DARK	1	1
const	THEME_LIGHT	1	1
const	THEME_UNKNOWN	1	1
const	THOUSEP	1	1
const	TIOCGSID	1	1
const	TIOCGWINSZ	1	1
const	TIOCSWINSZ	2	1
const	TMUX_CONF	1	1
const	TMUX_LOCK_CMD	1	1
const	TMUX_MOUSE	1	1
const	TMUX_SOCK_PERM	1	1
const	TMUX_TERM	1	1
const	TMUX_VERSION	1	1
const	TOKEN	1	1
const	TOK_CLOSEARRAY	1	1
const	TOK_CLOSEOBJECT	1	1
const	TOK_COLON	1	1
const	TOK_COMMA	1	1
const	TOK_EOF	1	1
const	TOK_OPENARRAY	1	1
const	TOK_OPENOBJECT	1	1
const	TOK_QUOTE	1	1
const	TOK_VALUE	1	1
const	TOOLARGE	1	1
const	TOOSMALL	1	1
const	TOP	2	2
const	TOTAL	1	1
const	TTYCODE_FLAG	1	1
const	TTYCODE_NONE	1	1
const	TTYCODE_NUMBER	1	1
const	TTYCODE_STRING	1	1
const	TTYC_ACSC	1	1
const	TTYC_AM	1	1
const	TTYC_AX	1	1
const	TTYC_BCE	1	1
const	TTYC_BEL	1	1
const	TTYC_BIDI	1	1
const	TTYC_BLINK	1	1
const	TTYC_BOLD	1	1
const	TTYC_CIVIS	1	1
const	TTYC_CLEAR	1	1
const	TTYC_CLMG	1	1
const	TTYC_CMG	1	1
const	TTYC_CNORM	1	1
const	TTYC_COLORS	1	1
const	TTYC_CR	1	1
const	TTYC_CS	1	1
const	TTYC_CSR	1	1
const	TTYC_CUB	1	1
const	TTYC_CUB1	1	1
const	TTYC_CUD	1	1
const	TTYC_CUD1	1	1
const	TTYC_CUF	1	1
const	TTYC_CUF1	1	1
const	TTYC_CUP	1	1
const	TTYC_CUU	1	1
const	TTYC_CUU1	1	1
const	TTYC_CVVIS	1	1
const	TTYC_DCH	1	1
const	TTYC_DCH1	1	1
const	TTYC_DIM	1	1
const	TTYC_DL	1	1
const	TTYC_DL1	1	1
const	TTYC_DSBP	1	1
const	TTYC_DSEKS	1	1
const	TTYC_DSFCS	1	1
const	TTYC_DSMG	1	1
const	TTYC_E3	1	1
const	TTYC_ECH	1	1
const	TTYC_ED	1	1
const	TTYC_EL	1	1
const	TTYC_EL1	1	1
const	TTYC_ENACS	1	1
const	TTYC_ENBP	1	1
const	TTYC_ENEKS	1	1
const	TTYC_ENFCS	1	1
const	TTYC_ENMG	1	1
const	TTYC_FSL	1	1
const	TTYC_HLS	1	1
const	TTYC_HOME	1	1
const	TTYC_HPA	1	1
const	TTYC_ICH	1	1
const	TTYC_ICH1	1	1
const	TTYC_IL	1	1
const	TTYC_IL1	1	1
const	TTYC_IND	1	1
const	TTYC_INDN	1	1
const	TTYC_INVIS	1	1
const	TTYC_KCBT	1	1
const	TTYC_KCUB1	1	1
const	TTYC_KCUD1	1	1
const	TTYC_KCUF1	1	1
const	TTYC_KCUU1	1	1
const	TTYC_KDC2	1	1
const	TTYC_KDC3	1	1
const	TTYC_KDC4	1	1
const	TTYC_KDC5	1	1
const	TTYC_KDC6	1	1
const	TTYC_KDC7	1	1
const	TTYC_KDCH1	1	1
const	TTYC_KDN2	1	1
const	TTYC_KDN3	1	1
const	TTYC_KDN4	1	1
const	TTYC_KDN5	1	1
const	TTYC_KDN6	1	1
const	TTYC_KDN7	1	1
const	TTYC_KEND	1	1
const	TTYC_KEND2	1	1
const	TTYC_KEND3	1	1
const	TTYC_KEND4	1	1
const	TTYC_KEND5	1	1
const	TTYC_KEND6	1	1
const	TTYC_KEND7	1	1
const	TTYC_KF1	1	1
const	TTYC_KF10	1	1
const	TTYC_KF11	1	1
const	TTYC_KF12	1	1
const	TTYC_KF13	1	1
const	TTYC_KF14	1	1
const	TTYC_KF15	1	1
const	TTYC_KF16	1	1
const	TTYC_KF17	1	1
const	TTYC_KF18	1	1
const	TTYC_KF19	1	1
const	TTYC_KF2	1	1
const	TTYC_KF20	1	1
const	TTYC_KF21	1	1
const	TTYC_KF22	1	1
const	TTYC_KF23	1	1
const	TTYC_KF24	1	1
const	TTYC_KF25	1	1
const	TTYC_KF26	1	1
const	TTYC_KF27	1	1
const	TTYC_KF28	1	1
const	TTYC_KF29	1	1
const	TTYC_KF3	1	1
const	TTYC_KF30	1	1
const	TTYC_KF31	1	1
const	TTYC_KF32	1	1
const	TTYC_KF33	1	1
const	TTYC_KF34	1	1
const	TTYC_KF35	1	1
const	TTYC_KF36	1	1
const	TTYC_KF37	1	1
const	TTYC_KF38	1	1
const	TTYC_KF39	1	1
const	TTYC_KF4	1	1
const	TTYC_KF40	1	1
const	TTYC_KF41	1	1
const	TTYC_KF42	1	1
const	TTYC_KF43	1	1
const	TTYC_KF44	1	1
const	TTYC_KF45	1	1
const	TTYC_KF46	1	1
const	TTYC_KF47	1	1
const	TTYC_KF48	1	1
const	TTYC_KF49	1	1
const	TTYC_KF5	1	1
const	TTYC_KF50	1	1
const	TTYC_KF51	1	1
const	TTYC_KF52	1	1
const	TTYC_KF53	1	1
const	TTYC_KF54	1	1
const	TTYC_KF55	1	1
const	TTYC_KF56	1	1
const	TTYC_KF57	1	1
const	TTYC_KF58	1	1
const	TTYC_KF59	1	1
const	TTYC_KF6	1	1
const	TTYC_KF60	1	1
const	TTYC_KF61	1	1
const	TTYC_KF62	1	1
const	TTYC_KF63	1	1
const	TTYC_KF7	1	1
const	TTYC_KF8	1	1
const	TTYC_KF9	1	1
const	TTYC_KHOM2	1	1
const	TTYC_KHOM3	1	1
const	TTYC_KHOM4	1	1
const	TTYC_KHOM5	1	1
const	TTYC_KHOM6	1	1
const	TTYC_KHOM7	1	1
const	TTYC_KHOME	1	1
const	TTYC_KIC2	1	1
const	TTYC_KIC3	1	1
const	TTYC_KIC4	1	1
const	TTYC_KIC5	1	1
const	TTYC_KIC6	1	1
const	TTYC_KIC7	1	1
const	TTYC_KICH1	1	1
const	TTYC_KIND	1	1
const	TTYC_KLFT2	1	1
const	TTYC_KLFT3	1	1
const	TTYC_KLFT4	1	1
const	TTYC_KLFT5	1	1
const	TTYC_KLFT6	1	1
const	TTYC_KLFT7	1	1
const	TTYC_KMOUS	1	1
const	TTYC_KNP	1	1
const	TTYC_KNXT2	1	1
const	TTYC_KNXT3	1	1
const	TTYC_KNXT4	1	1
const	TTYC_KNXT5	1	1
const	TTYC_KNXT6	1	1
const	TTYC_KNXT7	1	1
const	TTYC_KPP	1	1
const	TTYC_KPRV2	1	1
const	TTYC_KPRV3	1	1
const	TTYC_KPRV4	1	1
const	TTYC_KPRV5	1	1
const	TTYC_KPRV6	1	1
const	TTYC_KPRV7	1	1
const	TTYC_KRI	1	1
const	TTYC_KRIT2	1	1
const	TTYC_KRIT3	1	1
const	TTYC_KRIT4	1	1
const	TTYC_KRIT5	1	1
const	TTYC_KRIT6	1	1
const	TTYC_KRIT7	1	1
const	TTYC_KUP2	1	1
const	TTYC_KUP3	1	1
const	TTYC_KUP4	1	1
const	TTYC_KUP5	1	1
const	TTYC_KUP6	1	1
const	TTYC_KUP7	1	1
const	TTYC_MS	1	1
const	TTYC_NOBR	1	1
const	TTYC_OL	1	1
const	TTYC_OP	1	1
const	TTYC_RECT	1	1
const	TTYC_REV	1	1
const	TTYC_RGB	1	1
const	TTYC_RI	1	1
const	TTYC_RIN	1	1
const	TTYC_RMACS	1	1
const	TTYC_RMCUP	1	1
const	TTYC_RMKX	1	1
const	TTYC_SE	1	1
const	TTYC_SETAB	1	1
const	TTYC_SETAF	1	1
const	TTYC_SETAL	1	1
const	TTYC_SETRGBB	1	1
const	TTYC_SETRGBF	1	1
const	TTYC_SETULC	1	1
const	TTYC_SETULC1	1	1
const	TTYC_SGR0	1	1
const	TTYC_SITM	1	1
const	TTYC_SMACS	1	1
const	TTYC_SMCUP	1	1
const	TTYC_SMKX	1	1
const	TTYC_SMOL	1	1
const	TTYC_SMSO	1	1
const	TTYC_SMUL	1	1
const	TTYC_SMULX	1	1
const	TTYC_SMXX	1	1
const	TTYC_SPB	1	1
const	TTYC_SS	1	1
const	TTYC_SWD	1	1
const	TTYC_SXL	1	1
const	TTYC_SYNC	1	1
const	TTYC_TC	1	1
const	TTYC_TSL	1	1
const	TTYC_U8	1	1
const	TTYC_VPA	1	1
const	TTYC_XT	1	1
const	TTY_ALL_REQUEST_FLAGS	2	1
const	TTY_BLOCK	2	1
const	TTY_BLOCK_INTERVAL	1	1
const	TTY_BRACKETPASTE	1	1
const	TTY_CTX_CELL_INVALIDATE	2	1
const	TTY_CTX_INVISIBLE_PANES	2	1
const	TTY_CTX_OVERLAY_SYNC	2	1
const	TTY_CTX_PANE_OBSCURED	2	1
const	TTY_CTX_SYNC	2	1
const	TTY_CTX_WINDOW_BIGGER	3	1
const	TTY_CTX_WRAPPED	2	1
const	TTY_DRAW_LINE_DONE	1	1
const	TTY_DRAW_LINE_EMPTY	1	1
const	TTY_DRAW_LINE_FIRST	1	1
const	TTY_DRAW_LINE_FLUSH	1	1
const	TTY_DRAW_LINE_NEW1	1	1
const	TTY_DRAW_LINE_NEW2	1	1
const	TTY_DRAW_LINE_SAME	1	1
const	TTY_FREEZE	3	1
const	TTY_HAVEDA	2	1
const	TTY_HAVEDA2	2	1
const	TTY_HAVESYNC	2	1
const	TTY_HAVEXDA	2	1
const	TTY_NOBLOCK	1	1
const	TTY_NOCURSOR	4	1
const	TTY_OPENED	4	1
const	TTY_OSC52QUERY	2	1
const	TTY_QUERY_TIMEOUT	1	1
const	TTY_REQUEST_LIMIT	1	1
const	TTY_STARTED	3	1
const	TTY_SYNCING	1	1
const	TTY_TIMER	2	1
const	TTY_WAITBG	2	1
const	TTY_WAITFG	2	1
const	TTY_WINSIZEQUERY	2	1
const	T_FMT	1	1
const	T_FMT_AMPM	1	1
const	UCHAR_MAX	2	1
const	UINT16_MAX	1	1
const	UINT32_MAX	2	1
const	UINT64_MAX	1	1
const	UINT8_MAX	1	1
const	UINT_MAX	20	1
const	ULLONG_MAX	1	1
const	UNVIS_END	1	1
const	UNVIS_NOCHAR	1	1
const	UNVIS_SYNBAD	1	1
const	UNVIS_VALID	1	1
const	UNVIS_VALIDPUSH	1	1
const	USHRT_MAX	2	1
const	UTF8PROC_CATEGORY_CC	1	1
const	UTF8PROC_CATEGORY_CF	1	1
const	UTF8PROC_CATEGORY_CN	1	1
const	UTF8PROC_CATEGORY_CO	1	1
const	UTF8PROC_CATEGORY_CS	1	1
const	UTF8PROC_CATEGORY_LL	1	1
const	UTF8PROC_CATEGORY_LM	1	1
const	UTF8PROC_CATEGORY_LO	1	1
const	UTF8PROC_CATEGORY_LT	1	1
const	UTF8PROC_CATEGORY_LU	1	1
const	UTF8PROC_CATEGORY_MC	1	1
const	UTF8PROC_CATEGORY_ME	1	1
const	UTF8PROC_CATEGORY_MN	1	1
const	UTF8PROC_CATEGORY_ND	1	1
const	UTF8PROC_CATEGORY_NL	1	1
const	UTF8PROC_CATEGORY_NO	1	1
const	UTF8PROC_CATEGORY_PC	1	1
const	UTF8PROC_CATEGORY_PD	1	1
const	UTF8PROC_CATEGORY_PE	1	1
const	UTF8PROC_CATEGORY_PF	1	1
const	UTF8PROC_CATEGORY_PI	1	1
const	UTF8PROC_CATEGORY_PO	1	1
const	UTF8PROC_CATEGORY_PS	1	1
const	UTF8PROC_CATEGORY_SC	1	1
const	UTF8PROC_CATEGORY_SK	1	1
const	UTF8PROC_CATEGORY_SM	1	1
const	UTF8PROC_CATEGORY_SO	1	1
const	UTF8PROC_CATEGORY_ZL	1	1
const	UTF8PROC_CATEGORY_ZP	1	1
const	UTF8PROC_CATEGORY_ZS	1	1
const	UTF8_DONE	1	1
const	UTF8_ERROR	1	1
const	UTF8_MORE	1	1
const	UTF8_SIZE	2	1
const	VERASE	2	1
const	VISUAL_BOTH	1	1
const	VISUAL_OFF	2	1
const	VIS_ALL	1	1
const	VIS_CSTYLE	10	1
const	VIS_DQ	3	1
const	VIS_GLOB	1	1
const	VIS_NL	7	1
const	VIS_NOSLASH	3	1
const	VIS_OCTAL	10	1
const	VIS_SAFE	2	1
const	VIS_SP	1	1
const	VIS_TAB	8	1
const	VMIN	2	1
const	VTIME	2	1
const	WAIT_ANY	2	1
const	WCHAR_MAX	1	1
const	WHITESPACE	2	1
const	WINDOW_ACTIVITY	3	1
const	WINDOW_ALERTFLAGS	3	1
const	WINDOW_BELL	4	1
const	WINDOW_BUFFER_DEFAULT_COMMAND	1	1
const	WINDOW_BUFFER_DEFAULT_FORMAT	1	1
const	WINDOW_BUFFER_DEFAULT_KEY_FORMAT	1	1
const	WINDOW_CLIENT_DEFAULT_COMMAND	1	1
const	WINDOW_CLIENT_DEFAULT_FORMAT	1	1
const	WINDOW_CLIENT_DEFAULT_KEY_FORMAT	1	1
const	WINDOW_COPY_CMD_CANCEL	1	1
const	WINDOW_COPY_CMD_CLEAR_ALWAYS	1	1
const	WINDOW_COPY_CMD_CLEAR_EMACS_ONLY	1	1
const	WINDOW_COPY_CMD_CLEAR_NEVER	1	1
const	WINDOW_COPY_CMD_FLAG_READONLY	1	1
const	WINDOW_COPY_CMD_MOVE	1	1
const	WINDOW_COPY_CMD_NOTHING	1	1
const	WINDOW_COPY_CMD_REDRAW	1	1
const	WINDOW_COPY_DRAG_REPEAT_TIME	1	1
const	WINDOW_COPY_JUMPBACKWARD	1	1
const	WINDOW_COPY_JUMPFORWARD	1	1
const	WINDOW_COPY_JUMPTOBACKWARD	1	1
const	WINDOW_COPY_JUMPTOFORWARD	1	1
const	WINDOW_COPY_LINE_NUMBERS_ABSOLUTE	1	1
const	WINDOW_COPY_LINE_NUMBERS_DEFAULT	1	1
const	WINDOW_COPY_LINE_NUMBERS_HYBRID	1	1
const	WINDOW_COPY_LINE_NUMBERS_OFF	1	1
const	WINDOW_COPY_LINE_NUMBERS_RELATIVE	1	1
const	WINDOW_COPY_OFF	1	1
const	WINDOW_COPY_REFRESH_INTERVAL	1	1
const	WINDOW_COPY_REL_POS_ABOVE	1	1
const	WINDOW_COPY_REL_POS_BELOW	1	1
const	WINDOW_COPY_REL_POS_ON_SCREEN	1	1
const	WINDOW_COPY_SEARCHDOWN	1	1
const	WINDOW_COPY_SEARCHUP	1	1
const	WINDOW_COPY_SEARCH_ALL_TIMEOUT	1	1
const	WINDOW_COPY_SEARCH_MAX_LINE	1	1
const	WINDOW_COPY_SEARCH_TIMEOUT	1	1
const	WINDOW_CUSTOMIZE_DEFAULT_FORMAT	1	1
const	WINDOW_CUSTOMIZE_EDIT_ENVIRONMENT	1	1
const	WINDOW_CUSTOMIZE_EDIT_KEY_COMMAND	1	1
const	WINDOW_CUSTOMIZE_EDIT_KEY_NOTE	1	1
const	WINDOW_CUSTOMIZE_EDIT_OPTION	1	1
const	WINDOW_CUSTOMIZE_GLOBAL_ENVIRONMENT	1	1
const	WINDOW_CUSTOMIZE_GLOBAL_SESSION	1	1
const	WINDOW_CUSTOMIZE_GLOBAL_WINDOW	1	1
const	WINDOW_CUSTOMIZE_HOOKS	1	1
const	WINDOW_CUSTOMIZE_ITEM_ENVIRONMENT	1	1
const	WINDOW_CUSTOMIZE_ITEM_KEY	1	1
const	WINDOW_CUSTOMIZE_ITEM_OPTION	1	1
const	WINDOW_CUSTOMIZE_KEY	1	1
const	WINDOW_CUSTOMIZE_NONE	1	1
const	WINDOW_CUSTOMIZE_OPTIONS	1	1
const	WINDOW_CUSTOMIZE_PANE	1	1
const	WINDOW_CUSTOMIZE_RESET	1	1
const	WINDOW_CUSTOMIZE_SERVER	1	1
const	WINDOW_CUSTOMIZE_SESSION	1	1
const	WINDOW_CUSTOMIZE_SESSION_ENVIRONMENT	1	1
const	WINDOW_CUSTOMIZE_UNSET	1	1
const	WINDOW_CUSTOMIZE_WINDOW	1	1
const	WINDOW_MAXIMUM	4	1
const	WINDOW_MINIMUM	3	1
const	WINDOW_MODE_FILL_WINDOW	1	1
const	WINDOW_MODE_HIDE_PANE_STATUS	2	1
const	WINDOW_MODE_HIDE_SCROLLBARS	2	1
const	WINDOW_MODE_NO_STACK	2	1
const	WINDOW_PANES_BORDER_D	1	1
const	WINDOW_PANES_BORDER_L	1	1
const	WINDOW_PANES_BORDER_R	1	1
const	WINDOW_PANES_BORDER_U	1	1
const	WINDOW_PANE_COPY_MODE	1	1
const	WINDOW_PANE_NO_MODE	3	1
const	WINDOW_PANE_VIEW_MODE	1	1
const	WINDOW_RESIZE	2	1
const	WINDOW_SILENCE	3	1
const	WINDOW_SIZE_LARGEST	2	1
const	WINDOW_SIZE_LATEST	3	1
const	WINDOW_SIZE_MANUAL	3	1
const	WINDOW_SIZE_SMALLEST	1	1
const	WINDOW_SWITCH_DEFAULT_COMMAND	1	1
const	WINDOW_SWITCH_DEFAULT_FORMAT	1	1
const	WINDOW_SWITCH_TYPE_SESSION	1	1
const	WINDOW_SWITCH_TYPE_WINDOW	1	1
const	WINDOW_TREE_DEFAULT_COMMAND	1	1
const	WINDOW_TREE_DEFAULT_FORMAT	1	1
const	WINDOW_TREE_DEFAULT_KEY_FORMAT	1	1
const	WINDOW_TREE_NONE	1	1
const	WINDOW_TREE_PANE	1	1
const	WINDOW_TREE_SESSION	1	1
const	WINDOW_TREE_WINDOW	1	1
const	WINDOW_WASZOOMED	1	1
const	WINDOW_ZOOMED	10	1
const	WINLINK_ACTIVITY	8	1
const	WINLINK_ALERTFLAGS	7	1
const	WINLINK_BELL	8	1
const	WINLINK_SILENCE	8	1
const	WINLINK_VISITED	2	1
const	WNOHANG	2	1
const	WUNTRACED	1	1
const	X_OK	2	1
const	YYEMPTY	1	1
const	YYEOF	1	1
const	YYFINAL	1	1
const	YYINITDEPTH	1	1
const	YYLAST	1	1
const	YYMAXDEPTH	1	1
const	YYMAXUTOK	1	1
const	YYNTOKENS	1	1
const	YYPACT_NINF	1	1
const	YYSTACK_GAP_MAXIMUM	1	1
const	YYSYMBOL_12_n_	1	1
const	YYSYMBOL_13_	1	1
const	YYSYMBOL_14_	1	1
const	YYSYMBOL_15_	1	1
const	YYSYMBOL_ELIF	1	1
const	YYSYMBOL_ELSE	1	1
const	YYSYMBOL_ENDIF	1	1
const	YYSYMBOL_EQUALS	1	1
const	YYSYMBOL_ERROR	1	1
const	YYSYMBOL_FORMAT	1	1
const	YYSYMBOL_HIDDEN	1	1
const	YYSYMBOL_IF	1	1
const	YYSYMBOL_TOKEN	1	1
const	YYSYMBOL_YYACCEPT	1	1
const	YYSYMBOL_YYEMPTY	1	1
const	YYSYMBOL_YYEOF	1	1
const	YYSYMBOL_YYUNDEF	1	1
const	YYSYMBOL_YYerror	1	1
const	YYSYMBOL_argument	1	1
const	YYSYMBOL_argument_statements	1	1
const	YYSYMBOL_arguments	1	1
const	YYSYMBOL_assignment	1	1
const	YYSYMBOL_command	1	1
const	YYSYMBOL_commands	1	1
const	YYSYMBOL_condition	1	1
const	YYSYMBOL_condition1	1	1
const	YYSYMBOL_elif	1	1
const	YYSYMBOL_elif1	1	1
const	YYSYMBOL_expanded	1	1
const	YYSYMBOL_format	1	1
const	YYSYMBOL_hidden_assignment	1	1
const	YYSYMBOL_if_close	1	1
const	YYSYMBOL_if_elif	1	1
const	YYSYMBOL_if_else	1	1
const	YYSYMBOL_if_open	1	1
const	YYSYMBOL_lines	1	1
const	YYSYMBOL_optional_assignment	1	1
const	YYSYMBOL_statement	1	1
const	YYSYMBOL_statements	1	1
const	YYUNDEF	1	1
const	YYerror	1	1
const	_DATE_FMT	1	1
const	_IOLBF	1	1
const	_ISalnum	13	1
const	_ISalpha	13	1
const	_ISblank	13	1
const	_IScntrl	13	1
const	_ISdigit	13	1
const	_ISgraph	13	1
const	_ISlower	13	1
const	_ISprint	13	1
const	_ISpunct	13	1
const	_ISspace	13	1
const	_ISupper	13	1
const	_ISxdigit	13	1
const	_NL_ABALTMON_1	1	1
const	_NL_ABALTMON_10	1	1
const	_NL_ABALTMON_11	1	1
const	_NL_ABALTMON_12	1	1
const	_NL_ABALTMON_2	1	1
const	_NL_ABALTMON_3	1	1
const	_NL_ABALTMON_4	1	1
const	_NL_ABALTMON_5	1	1
const	_NL_ABALTMON_6	1	1
const	_NL_ABALTMON_7	1	1
const	_NL_ABALTMON_8	1	1
const	_NL_ABALTMON_9	1	1
const	_NL_ADDRESS_CODESET	1	1
const	_NL_ADDRESS_COUNTRY_AB2	1	1
const	_NL_ADDRESS_COUNTRY_AB3	1	1
const	_NL_ADDRESS_COUNTRY_CAR	1	1
const	_NL_ADDRESS_COUNTRY_ISBN	1	1
const	_NL_ADDRESS_COUNTRY_NAME	1	1
const	_NL_ADDRESS_COUNTRY_NUM	1	1
const	_NL_ADDRESS_COUNTRY_POST	1	1
const	_NL_ADDRESS_LANG_AB	1	1
const	_NL_ADDRESS_LANG_LIB	1	1
const	_NL_ADDRESS_LANG_NAME	1	1
const	_NL_ADDRESS_LANG_TERM	1	1
const	_NL_ADDRESS_POSTAL_FMT	1	1
const	_NL_COLLATE_CODESET	1	1
const	_NL_COLLATE_COLLSEQMB	1	1
const	_NL_COLLATE_COLLSEQWC	1	1
const	_NL_COLLATE_EXTRAMB	1	1
const	_NL_COLLATE_EXTRAWC	1	1
const	_NL_COLLATE_GAP1	1	1
const	_NL_COLLATE_GAP2	1	1
const	_NL_COLLATE_GAP3	1	1
const	_NL_COLLATE_INDIRECTMB	1	1
const	_NL_COLLATE_INDIRECTWC	1	1
const	_NL_COLLATE_NRULES	1	1
const	_NL_COLLATE_RULESETS	1	1
const	_NL_COLLATE_SYMB_EXTRAMB	1	1
const	_NL_COLLATE_SYMB_HASH_SIZEMB	1	1
const	_NL_COLLATE_SYMB_TABLEMB	1	1
const	_NL_COLLATE_TABLEMB	1	1
const	_NL_COLLATE_TABLEWC	1	1
const	_NL_COLLATE_WEIGHTMB	1	1
const	_NL_COLLATE_WEIGHTWC	1	1
const	_NL_CTYPE_CLASS	1	1
const	_NL_CTYPE_CLASS32	1	1
const	_NL_CTYPE_CLASS_NAMES	1	1
const	_NL_CTYPE_CLASS_OFFSET	1	1
const	_NL_CTYPE_CODESET_NAME	1	1
const	_NL_CTYPE_EXTRA_MAP_1	1	1
const	_NL_CTYPE_EXTRA_MAP_10	1	1
const	_NL_CTYPE_EXTRA_MAP_11	1	1
const	_NL_CTYPE_EXTRA_MAP_12	1	1
const	_NL_CTYPE_EXTRA_MAP_13	1	1
const	_NL_CTYPE_EXTRA_MAP_14	1	1
const	_NL_CTYPE_EXTRA_MAP_2	1	1
const	_NL_CTYPE_EXTRA_MAP_3	1	1
const	_NL_CTYPE_EXTRA_MAP_4	1	1
const	_NL_CTYPE_EXTRA_MAP_5	1	1
const	_NL_CTYPE_EXTRA_MAP_6	1	1
const	_NL_CTYPE_EXTRA_MAP_7	1	1
const	_NL_CTYPE_EXTRA_MAP_8	1	1
const	_NL_CTYPE_EXTRA_MAP_9	1	1
const	_NL_CTYPE_GAP1	1	1
const	_NL_CTYPE_GAP2	1	1
const	_NL_CTYPE_GAP3	1	1
const	_NL_CTYPE_GAP4	1	1
const	_NL_CTYPE_GAP5	1	1
const	_NL_CTYPE_GAP6	1	1
const	_NL_CTYPE_INDIGITS0_MB	1	1
const	_NL_CTYPE_INDIGITS0_WC	1	1
const	_NL_CTYPE_INDIGITS1_MB	1	1
const	_NL_CTYPE_INDIGITS1_WC	1	1
const	_NL_CTYPE_INDIGITS2_MB	1	1
const	_NL_CTYPE_INDIGITS2_WC	1	1
const	_NL_CTYPE_INDIGITS3_MB	1	1
const	_NL_CTYPE_INDIGITS3_WC	1	1
const	_NL_CTYPE_INDIGITS4_MB	1	1
const	_NL_CTYPE_INDIGITS4_WC	1	1
const	_NL_CTYPE_INDIGITS5_MB	1	1
const	_NL_CTYPE_INDIGITS5_WC	1	1
const	_NL_CTYPE_INDIGITS6_MB	1	1
const	_NL_CTYPE_INDIGITS6_WC	1	1
const	_NL_CTYPE_INDIGITS7_MB	1	1
const	_NL_CTYPE_INDIGITS7_WC	1	1
const	_NL_CTYPE_INDIGITS8_MB	1	1
const	_NL_CTYPE_INDIGITS8_WC	1	1
const	_NL_CTYPE_INDIGITS9_MB	1	1
const	_NL_CTYPE_INDIGITS9_WC	1	1
const	_NL_CTYPE_INDIGITS_MB_LEN	1	1
const	_NL_CTYPE_INDIGITS_WC_LEN	1	1
const	_NL_CTYPE_MAP_NAMES	1	1
const	_NL_CTYPE_MAP_OFFSET	1	1
const	_NL_CTYPE_MAP_TO_NONASCII	1	1
const	_NL_CTYPE_MB_CUR_MAX	1	1
const	_NL_CTYPE_NONASCII_CASE	1	1
const	_NL_CTYPE_OUTDIGIT0_MB	1	1
const	_NL_CTYPE_OUTDIGIT0_WC	1	1
const	_NL_CTYPE_OUTDIGIT1_MB	1	1
const	_NL_CTYPE_OUTDIGIT1_WC	1	1
const	_NL_CTYPE_OUTDIGIT2_MB	1	1
const	_NL_CTYPE_OUTDIGIT2_WC	1	1
const	_NL_CTYPE_OUTDIGIT3_MB	1	1
const	_NL_CTYPE_OUTDIGIT3_WC	1	1
const	_NL_CTYPE_OUTDIGIT4_MB	1	1
const	_NL_CTYPE_OUTDIGIT4_WC	1	1
const	_NL_CTYPE_OUTDIGIT5_MB	1	1
const	_NL_CTYPE_OUTDIGIT5_WC	1	1
const	_NL_CTYPE_OUTDIGIT6_MB	1	1
const	_NL_CTYPE_OUTDIGIT6_WC	1	1
const	_NL_CTYPE_OUTDIGIT7_MB	1	1
const	_NL_CTYPE_OUTDIGIT7_WC	1	1
const	_NL_CTYPE_OUTDIGIT8_MB	1	1
const	_NL_CTYPE_OUTDIGIT8_WC	1	1
const	_NL_CTYPE_OUTDIGIT9_MB	1	1
const	_NL_CTYPE_OUTDIGIT9_WC	1	1
const	_NL_CTYPE_TOLOWER	1	1
const	_NL_CTYPE_TOLOWER32	1	1
const	_NL_CTYPE_TOUPPER	1	1
const	_NL_CTYPE_TOUPPER32	1	1
const	_NL_CTYPE_TRANSLIT_DEFAULT_MISSING	1	1
const	_NL_CTYPE_TRANSLIT_DEFAULT_MISSING_LEN	1	1
const	_NL_CTYPE_TRANSLIT_FROM_IDX	1	1
const	_NL_CTYPE_TRANSLIT_FROM_TBL	1	1
const	_NL_CTYPE_TRANSLIT_IGNORE	1	1
const	_NL_CTYPE_TRANSLIT_IGNORE_LEN	1	1
const	_NL_CTYPE_TRANSLIT_TAB_SIZE	1	1
const	_NL_CTYPE_TRANSLIT_TO_IDX	1	1
const	_NL_CTYPE_TRANSLIT_TO_TBL	1	1
const	_NL_CTYPE_WIDTH	1	1
const	_NL_IDENTIFICATION_ABBREVIATION	1	1
const	_NL_IDENTIFICATION_ADDRESS	1	1
const	_NL_IDENTIFICATION_APPLICATION	1	1
const	_NL_IDENTIFICATION_AUDIENCE	1	1
const	_NL_IDENTIFICATION_CATEGORY	1	1
const	_NL_IDENTIFICATION_CODESET	1	1
const	_NL_IDENTIFICATION_CONTACT	1	1
const	_NL_IDENTIFICATION_DATE	1	1
const	_NL_IDENTIFICATION_EMAIL	1	1
const	_NL_IDENTIFICATION_FAX	1	1
const	_NL_IDENTIFICATION_LANGUAGE	1	1
const	_NL_IDENTIFICATION_REVISION	1	1
const	_NL_IDENTIFICATION_SOURCE	1	1
const	_NL_IDENTIFICATION_TEL	1	1
const	_NL_IDENTIFICATION_TERRITORY	1	1
const	_NL_IDENTIFICATION_TITLE	1	1
const	_NL_MEASUREMENT_CODESET	1	1
const	_NL_MEASUREMENT_MEASUREMENT	1	1
const	_NL_MESSAGES_CODESET	1	1
const	_NL_MONETARY_CODESET	1	1
const	_NL_MONETARY_CONVERSION_RATE	1	1
const	_NL_MONETARY_CRNCYSTR	1	1
const	_NL_MONETARY_DECIMAL_POINT_WC	1	1
const	_NL_MONETARY_DUO_CURRENCY_SYMBOL	1	1
const	_NL_MONETARY_DUO_FRAC_DIGITS	1	1
const	_NL_MONETARY_DUO_INT_CURR_SYMBOL	1	1
const	_NL_MONETARY_DUO_INT_FRAC_DIGITS	1	1
const	_NL_MONETARY_DUO_INT_N_CS_PRECEDES	1	1
const	_NL_MONETARY_DUO_INT_N_SEP_BY_SPACE	1	1
const	_NL_MONETARY_DUO_INT_N_SIGN_POSN	1	1
const	_NL_MONETARY_DUO_INT_P_CS_PRECEDES	1	1
const	_NL_MONETARY_DUO_INT_P_SEP_BY_SPACE	1	1
const	_NL_MONETARY_DUO_INT_P_SIGN_POSN	1	1
const	_NL_MONETARY_DUO_N_CS_PRECEDES	1	1
const	_NL_MONETARY_DUO_N_SEP_BY_SPACE	1	1
const	_NL_MONETARY_DUO_N_SIGN_POSN	1	1
const	_NL_MONETARY_DUO_P_CS_PRECEDES	1	1
const	_NL_MONETARY_DUO_P_SEP_BY_SPACE	1	1
const	_NL_MONETARY_DUO_P_SIGN_POSN	1	1
const	_NL_MONETARY_DUO_VALID_FROM	1	1
const	_NL_MONETARY_DUO_VALID_TO	1	1
const	_NL_MONETARY_THOUSANDS_SEP_WC	1	1
const	_NL_MONETARY_UNO_VALID_FROM	1	1
const	_NL_MONETARY_UNO_VALID_TO	1	1
const	_NL_NAME_CODESET	1	1
const	_NL_NAME_NAME_FMT	1	1
const	_NL_NAME_NAME_GEN	1	1
const	_NL_NAME_NAME_MISS	1	1
const	_NL_NAME_NAME_MR	1	1
const	_NL_NAME_NAME_MRS	1	1
const	_NL_NAME_NAME_MS	1	1
const	_NL_NUM	1	1
const	_NL_NUMERIC_CODESET	1	1
const	_NL_NUMERIC_DECIMAL_POINT_WC	1	1
const	_NL_NUMERIC_THOUSANDS_SEP_WC	1	1
const	_NL_NUM_LC_ADDRESS	1	1
const	_NL_NUM_LC_COLLATE	1	1
const	_NL_NUM_LC_CTYPE	1	1
const	_NL_NUM_LC_IDENTIFICATION	1	1
const	_NL_NUM_LC_MEASUREMENT	1	1
const	_NL_NUM_LC_MESSAGES	1	1
const	_NL_NUM_LC_MONETARY	1	1
const	_NL_NUM_LC_NAME	1	1
const	_NL_NUM_LC_NUMERIC	1	1
const	_NL_NUM_LC_PAPER	1	1
const	_NL_NUM_LC_TELEPHONE	1	1
const	_NL_NUM_LC_TIME	1	1
const	_NL_PAPER_CODESET	1	1
const	_NL_PAPER_HEIGHT	1	1
const	_NL_PAPER_WIDTH	1	1
const	_NL_TELEPHONE_CODESET	1	1
const	_NL_TELEPHONE_INT_PREFIX	1	1
const	_NL_TELEPHONE_INT_SELECT	1	1
const	_NL_TELEPHONE_TEL_DOM_FMT	1	1
const	_NL_TELEPHONE_TEL_INT_FMT	1	1
const	_NL_TIME_CAL_DIRECTION	1	1
const	_NL_TIME_CODESET	1	1
const	_NL_TIME_ERA_ENTRIES	1	1
const	_NL_TIME_ERA_NUM_ENTRIES	1	1
const	_NL_TIME_FIRST_WEEKDAY	1	1
const	_NL_TIME_FIRST_WORKDAY	1	1
const	_NL_TIME_TIMEZONE	1	1
const	_NL_TIME_WEEK_1STDAY	1	1
const	_NL_TIME_WEEK_1STWEEK	1	1
const	_NL_TIME_WEEK_NDAYS	1	1
const	_NL_WABALTMON_1	1	1
const	_NL_WABALTMON_10	1	1
const	_NL_WABALTMON_11	1	1
const	_NL_WABALTMON_12	1	1
const	_NL_WABALTMON_2	1	1
const	_NL_WABALTMON_3	1	1
const	_NL_WABALTMON_4	1	1
const	_NL_WABALTMON_5	1	1
const	_NL_WABALTMON_6	1	1
const	_NL_WABALTMON_7	1	1
const	_NL_WABALTMON_8	1	1
const	_NL_WABALTMON_9	1	1
const	_NL_WABDAY_1	1	1
const	_NL_WABDAY_2	1	1
const	_NL_WABDAY_3	1	1
const	_NL_WABDAY_4	1	1
const	_NL_WABDAY_5	1	1
const	_NL_WABDAY_6	1	1
const	_NL_WABDAY_7	1	1
const	_NL_WABMON_1	1	1
const	_NL_WABMON_10	1	1
const	_NL_WABMON_11	1	1
const	_NL_WABMON_12	1	1
const	_NL_WABMON_2	1	1
const	_NL_WABMON_3	1	1
const	_NL_WABMON_4	1	1
const	_NL_WABMON_5	1	1
const	_NL_WABMON_6	1	1
const	_NL_WABMON_7	1	1
const	_NL_WABMON_8	1	1
const	_NL_WABMON_9	1	1
const	_NL_WALTMON_1	1	1
const	_NL_WALTMON_10	1	1
const	_NL_WALTMON_11	1	1
const	_NL_WALTMON_12	1	1
const	_NL_WALTMON_2	1	1
const	_NL_WALTMON_3	1	1
const	_NL_WALTMON_4	1	1
const	_NL_WALTMON_5	1	1
const	_NL_WALTMON_6	1	1
const	_NL_WALTMON_7	1	1
const	_NL_WALTMON_8	1	1
const	_NL_WALTMON_9	1	1
const	_NL_WALT_DIGITS	1	1
const	_NL_WAM_STR	1	1
const	_NL_WDAY_1	1	1
const	_NL_WDAY_2	1	1
const	_NL_WDAY_3	1	1
const	_NL_WDAY_4	1	1
const	_NL_WDAY_5	1	1
const	_NL_WDAY_6	1	1
const	_NL_WDAY_7	1	1
const	_NL_WD_FMT	1	1
const	_NL_WD_T_FMT	1	1
const	_NL_WERA_D_FMT	1	1
const	_NL_WERA_D_T_FMT	1	1
const	_NL_WERA_T_FMT	1	1
const	_NL_WERA_YEAR	1	1
const	_NL_WMON_1	1	1
const	_NL_WMON_10	1	1
const	_NL_WMON_11	1	1
const	_NL_WMON_12	1	1
const	_NL_WMON_2	1	1
const	_NL_WMON_3	1	1
const	_NL_WMON_4	1	1
const	_NL_WMON_5	1	1
const	_NL_WMON_6	1	1
const	_NL_WMON_7	1	1
const	_NL_WMON_8	1	1
const	_NL_WMON_9	1	1
const	_NL_WPM_STR	1	1
const	_NL_WT_FMT	1	1
const	_NL_WT_FMT_AMPM	1	1
const	_NL_W_DATE_FMT	1	1
const	_PATH_BSHELL	7	1
const	_PATH_DEFPATH	1	1
const	_PATH_DEV	1	1
const	_PATH_DEVNULL	2	1
const	_PATH_TMP	1	1
const	_PATH_TTY	1	1
const	_PATH_VI	1	1
const	_POSIX_VDISABLE	1	1
const	__ALTMON_1	1	1
const	__ALTMON_10	1	1
const	__ALTMON_11	1	1
const	__ALTMON_12	1	1
const	__ALTMON_2	1	1
const	__ALTMON_3	1	1
const	__ALTMON_4	1	1
const	__ALTMON_5	1	1
const	__ALTMON_6	1	1
const	__ALTMON_7	1	1
const	__ALTMON_8	1	1
const	__ALTMON_9	1	1
const	__CURRENCY_SYMBOL	1	1
const	__DECIMAL_POINT	1	1
const	__ERA_YEAR	1	1
const	__FRAC_DIGITS	1	1
const	__GROUPING	1	1
const	__INT_CURR_SYMBOL	1	1
const	__INT_FRAC_DIGITS	1	1
const	__INT_MAX__	31	1
const	__INT_N_CS_PRECEDES	1	1
const	__INT_N_SEP_BY_SPACE	1	1
const	__INT_N_SIGN_POSN	1	1
const	__INT_P_CS_PRECEDES	1	1
const	__INT_P_SEP_BY_SPACE	1	1
const	__INT_P_SIGN_POSN	1	1
const	__IOV_MAX	1	1
const	__LC_CTYPE	1	1
const	__LC_TIME	1	1
const	__LONG_LONG_MAX__	2	1
const	__MON_DECIMAL_POINT	1	1
const	__MON_GROUPING	1	1
const	__MON_THOUSANDS_SEP	1	1
const	__NEGATIVE_SIGN	1	1
const	__NOEXPR	1	1
const	__NOSTR	1	1
const	__N_CS_PRECEDES	1	1
const	__N_SEP_BY_SPACE	1	1
const	__N_SIGN_POSN	1	1
const	__POSITIVE_SIGN	1	1
const	__P_CS_PRECEDES	1	1
const	__P_SEP_BY_SPACE	1	1
const	__P_SIGN_POSN	1	1
const	__SCHAR_MAX__	2	1
const	__SHRT_MAX__	3	1
const	__S_IEXEC	2	1
const	__S_IFMT	1	1
const	__S_IREAD	2	1
const	__S_IWRITE	2	1
const	__THOUSANDS_SEP	1	1
const	__WCHAR_MAX	1	1
const	__WCHAR_MAX__	1	1
const	__YESEXPR	1	1
const	__YESSTR	1	1
const	no_argument	1	1
const	optional_argument	1	1
const	required_argument	1	1
struct	C2RustUnnamed	5	5
struct	C2RustUnnamed_0	14	9
struct	C2RustUnnamed_1	8	8
struct	C2RustUnnamed_10	104	2
struct	C2RustUnnamed_11	116	3
struct	C2RustUnnamed_12	17	3
struct	C2RustUnnamed_13	106	4
struct	C2RustUnnamed_14	118	4
struct	C2RustUnnamed_15	118	3
struct	C2RustUnnamed_16	119	5
struct	C2RustUnnamed_17	119	4
struct	C2RustUnnamed_18	119	5
struct	C2RustUnnamed_19	120	5
struct	C2RustUnnamed_2	3	3
struct	C2RustUnnamed_20	119	4
struct	C2RustUnnamed_21	120	5
struct	C2RustUnnamed_22	120	6
struct	C2RustUnnamed_23	120	6
struct	C2RustUnnamed_24	120	5
struct	C2RustUnnamed_25	119	3
struct	C2RustUnnamed_26	120	5
struct	C2RustUnnamed_27	120	5
struct	C2RustUnnamed_28	119	5
struct	C2RustUnnamed_29	20	6
struct	C2RustUnnamed_3	1	1
struct	C2RustUnnamed_30	106	7
struct	C2RustUnnamed_31	120	7
struct	C2RustUnnamed_32	117	5
struct	C2RustUnnamed_33	19	5
struct	C2RustUnnamed_34	104	6
struct	C2RustUnnamed_35	52	22
struct	C2RustUnnamed_36	39	15
struct	C2RustUnnamed_37	33	14
struct	C2RustUnnamed_38	12	11
struct	C2RustUnnamed_39	13	12
struct	C2RustUnnamed_4	1	1
struct	C2RustUnnamed_40	11	9
struct	C2RustUnnamed_41	8	7
struct	C2RustUnnamed_42	4	4
struct	C2RustUnnamed_43	6	6
struct	C2RustUnnamed_44	3	3
struct	C2RustUnnamed_45	1	1
struct	C2RustUnnamed_46	1	1
struct	C2RustUnnamed_47	2	2
struct	C2RustUnnamed_48	1	1
struct	C2RustUnnamed_5	2	2
struct	C2RustUnnamed_6	2	2
struct	C2RustUnnamed_7	2	2
struct	C2RustUnnamed_8	2	2
struct	C2RustUnnamed_9	1	1
struct	_IO_FILE	10	1
struct	__sigset_t	6	1
struct	__va_list_tag	21	1
struct	args	1	1
struct	args_command_state	1	1
struct	args_entry	1	1
struct	args_parse	66	1
struct	args_tree	1	1
struct	args_value	16	6
struct	args_values	1	1
struct	bufferevent	1	1
struct	client	120	5
struct	client_file	120	5
struct	client_files	120	1
struct	clients	21	1
struct	cmd	1	1
struct	cmd_command_prompt_cdata	1	1
struct	cmd_command_prompt_prompt	1	1
struct	cmd_confirm_before_data	1	1
struct	cmd_entry	65	1
struct	cmd_entry_flag	65	1
struct	cmd_find_state	120	1
struct	cmd_if_shell_data	1	1
struct	cmd_list	122	1
struct	cmd_load_buffer_data	1	1
struct	cmd_parse_argument	1	1
struct	cmd_parse_arguments	1	1
struct	cmd_parse_command	1	1
struct	cmd_parse_commands	1	1
struct	cmd_parse_input	14	1
struct	cmd_parse_result	10	1
struct	cmd_parse_scope	1	1
struct	cmd_parse_state	1	1
struct	cmd_run_shell_data	1	1
struct	cmd_source_file_data	1	1
struct	cmdq_item	1	1
struct	cmdq_item_list	1	1
struct	cmdq_list	1	1
struct	cmdq_state	1	1
struct	cmds	1	1
struct	cmsghdr	1	1
struct	colour_palette	1	1
struct	control_block	1	1
struct	control_line	1	1
struct	control_pane	1	1
struct	control_panes	1	1
struct	control_state	1	1
struct	control_window	1	1
struct	control_windows	1	1
struct	environ	1	1
struct	environ_entry	10	7
struct	errval	1	1
struct	event	1	1
struct	event_callback	1	1
struct	event_callback_entry	1	1
struct	event_io	1	1
struct	event_io_entry	1	1
struct	event_payload	1	1
struct	event_payload_item	1	1
struct	event_payload_tree	1	1
struct	event_signal	1	1
struct	event_signal_entry	1	1
struct	event_timeout_entry	1	1
struct	event_watermark	1	1
struct	events_sink	1	1
struct	events_sinks	1	1
struct	format_entry	1	1
struct	format_entry_tree	1	1
struct	format_expand_state	1	1
struct	format_job	1	1
struct	format_job_tree	1	1
struct	format_modifier	1	1
struct	format_range	1	1
struct	format_ranges	1	1
struct	format_table_entry	1	1
struct	format_tree	1	1
struct	fuzzy_char	1	1
struct	fuzzy_term	1	1
struct	glob_t	2	1
struct	grid	1	1
struct	grid_cell	1	1
struct	grid_cell_entry	1	1
struct	grid_cell_entry_data	1	1
struct	grid_extd_entry	1	1
struct	grid_line	1	1
struct	grid_reader	2	1
struct	group	2	1
struct	hooks_data	1	1
struct	hooks_event	1	1
struct	hooks_events	1	1
struct	hooks_monitor	1	1
struct	hyperlinks	1	1
struct	hyperlinks_by_inner_tree	1	1
struct	hyperlinks_by_uri_tree	1	1
struct	hyperlinks_list	1	1
struct	hyperlinks_uri	1	1
struct	ibuf	6	5
struct	ibufqueue	1	1
struct	imsg	5	1
struct	imsg_hdr	6	1
struct	imsgbuf	2	1
struct	in6_addr	3	1
struct	in_addr	3	1
struct	input_cell	1	1
struct	input_ctx	1	1
struct	input_key_entry	1	1
struct	input_key_tree	1	1
struct	input_param	1	1
struct	input_request	1	1
struct	input_request_clipboard_data	2	1
struct	input_request_palette_data	2	1
struct	input_requests	120	1
struct	input_state	1	1
struct	input_table_entry	1	1
struct	input_transition	1	1
struct	iovec	2	1
struct	job	1	1
struct	joblist	1	1
struct	json_fields	1	1
struct	json_members	1	1
struct	json_node	1	1
struct	json_parse_ctx	1	1
struct	json_token	1	1
struct	json_tokens	1	1
struct	key_binding	121	8
struct	key_bindings	121	1
struct	key_event	120	1
struct	key_table	121	8
struct	key_tables	1	1
struct	layout_cell	120	6
struct	layout_cells	120	1
struct	layout_geometry	120	1
struct	layout_parse_cell_ctx	1	1
struct	layout_parse_ctx	1	1
struct	layout_string	1	1
struct	menu	4	1
struct	menu_data	1	1
struct	menu_item	8	1
struct	message_entry	2	2
struct	message_list	2	1
struct	mode_tree_data	1	1
struct	mode_tree_item	1	1
struct	mode_tree_line	1	1
struct	mode_tree_list	1	1
struct	mode_tree_menu	1	1
struct	mode_tree_prompt	1	1
struct	monitor_change	3	1
struct	monitor_item	1	1
struct	monitor_items	1	1
struct	monitor_pane	1	1
struct	monitor_panes	1	1
struct	monitor_set	1	1
struct	monitor_window	1	1
struct	monitor_windows	1	1
struct	mouse_event	120	1
struct	msg_command	2	1
struct	msg_read_cancel	1	1
struct	msg_read_data	1	1
struct	msg_read_done	1	1
struct	msg_read_open	1	1
struct	msg_write_close	1	1
struct	msg_write_data	1	1
struct	msg_write_done	1	1
struct	msg_write_open	1	1
struct	msg_write_ready	1	1
struct	msgbuf	1	1
struct	msghdr	1	1
struct	option	1	1
struct	options	1	1
struct	options_array	12	1
struct	options_array_item	1	1
struct	options_entry	1	1
struct	options_name_map	2	1
struct	options_table_entry	11	1
struct	options_tree	1	1
struct	osc133_data	1	1
struct	passwd	6	1
struct	paste_buffer	11	6
struct	paste_name_tree	1	1
struct	paste_time_tree	1	1
struct	pollfd	1	1
struct	popup_data	1	1
struct	progress_bar	1	1
struct	prompt	1	1
struct	prompt_create_data	5	1
struct	prompt_draw_data	5	1
struct	prompt_layout	1	1
struct	re_pattern_buffer	4	1
struct	redraw_build_cell	1	1
struct	redraw_build_ctx	1	1
struct	redraw_draw_ctx	1	1
struct	redraw_line	1	1
struct	redraw_scene	1	1
struct	redraw_span	1	1
struct	redraw_span_data	1	1
struct	redraw_spans	1	1
struct	regmatch_t	4	1
struct	screen	122	1
struct	screen_sel	1	1
struct	screen_title_entry	1	1
struct	screen_titles	1	1
struct	screen_write_citem	1	1
struct	screen_write_cline	1	1
struct	screen_write_ctx	19	1
struct	sd_bus_error	1	1
struct	server_acl_entries	1	1
struct	server_acl_entry	1	1
struct	session	120	5
struct	session_group	7	4
struct	session_groups	2	1
struct	sessions	14	1
struct	sigaction	2	2
struct	siginfo_t	2	2
struct	sockaddr	3	1
struct	sockaddr_in	3	1
struct	sockaddr_in6	3	1
struct	sockaddr_storage	1	1
struct	sockaddr_un	3	1
struct	sort_criteria	17	1
struct	spawn_context	6	1
struct	spawn_editor_state	1	1
struct	stat	2	1
struct	status_line	120	1
struct	status_prompt_data	1	1
struct	style	1	1
struct	style_line_entry	1	1
struct	style_range	1	1
struct	style_range_entry	1	1
struct	style_ranges	1	1
struct	systemd_job_watch	1	1
struct	term	1	1
struct	termios	1	1
struct	termtype	1	1
struct	timespec	3	1
struct	timeval	1	1
struct	tm	2	1
struct	tmuxpeer	1	1
struct	tmuxproc	1	1
struct	tty	120	1
struct	tty_acs_entry	1	1
struct	tty_acs_reverse_entry	1	1
struct	tty_code	1	1
struct	tty_ctx	20	5
struct	tty_default_key_code	1	1
struct	tty_default_key_raw	1	1
struct	tty_default_key_xterm	1	1
struct	tty_feature	1	1
struct	tty_key	1	1
struct	tty_style_ctx	21	1
struct	tty_term	120	6
struct	tty_term_code_entry	1	1
struct	tty_terms	2	1
struct	ucred	1	1
struct	utf8_data	1	1
struct	utf8_data_tree	1	1
struct	utf8_index_tree	1	1
struct	utf8_item	1	1
struct	utf8_width_cache	1	1
struct	utf8_width_item	1	1
struct	utsname	1	1
struct	visible_range	120	1
struct	visible_ranges	120	1
struct	wait_channel	1	1
struct	wait_channels	1	1
struct	wait_event_item	1	1
struct	wait_item	1	1
struct	window	120	5
struct	window_buffer_editdata	1	1
struct	window_buffer_itemdata	1	1
struct	window_buffer_modedata	1	1
struct	window_client_itemdata	1	1
struct	window_client_modedata	1	1
struct	window_clock_mode_data	1	1
struct	window_copy_cmd_state	1	1
struct	window_copy_mode_data	1	1
struct	window_customize_editdata	1	1
struct	window_customize_itemdata	1	1
struct	window_customize_modedata	1	1
struct	window_mode	120	1
struct	window_mode_entry	120	6
struct	window_pane	120	6
struct	window_pane_input_data	1	1
struct	window_pane_offset	120	1
struct	window_pane_prompt	1	1
struct	window_pane_resize	120	8
struct	window_pane_resizes	120	1
struct	window_pane_tree	5	1
struct	window_panes	120	1
struct	window_panes_area	1	1
struct	window_panes_modedata	1	1
struct	window_panes_zindex	5	1
struct	window_switch_itemdata	1	1
struct	window_switch_modedata	1	1
struct	window_tree_itemdata	1	1
struct	window_tree_modedata	1	1
struct	windows	7	1
struct	winlink	120	5
struct	winlink_stack	120	1
struct	winlinks	120	1
struct	winsize	5	1
type	C2RustUnnamed	18	2
type	C2RustUnnamed_0	1	1
type	C2RustUnnamed_1	1	1
type	C2RustUnnamed_14	1	1
type	C2RustUnnamed_33	1	1
type	C2RustUnnamed_35	5	2
type	C2RustUnnamed_36	4	2
type	C2RustUnnamed_37	2	2
type	C2RustUnnamed_38	12	2
type	C2RustUnnamed_39	3	2
type	C2RustUnnamed_40	1	1
type	C2RustUnnamed_42	1	1
type	C2RustUnnamed_43	1	1
type	C2RustUnnamed_44	3	1
type	C2RustUnnamed_45	1	1
type	C2RustUnnamed_48	1	1
type	C2RustUnnamed_49	1	1
type	C2RustUnnamed_50	1	1
type	FILE	10	1
type	TERMINAL	1	1
type	TERMTYPE	1	1
type	_IO_codecvt	10	1
type	_IO_lock_t	10	1
type	_IO_marker	10	1
type	_IO_wide_data	10	1
type	__blkcnt_t	2	1
type	__blksize_t	2	1
type	__builtin_va_list	21	1
type	__caddr_t	1	1
type	__clock_t	2	1
type	__clockid_t	2	1
type	__compar_fn_t	7	1
type	__dev_t	2	1
type	__gid_t	9	1
type	__gnuc_va_list	7	1
type	__id_t	2	1
type	__ino_t	2	1
type	__int32_t	12	1
type	__int64_t	2	1
type	__mode_t	2	1
type	__nlink_t	2	1
type	__off64_t	10	1
type	__off_t	10	1
type	__pid_t	1	1
type	__re_long_size_t	4	1
type	__sighandler_t	2	1
type	__sigval_t	2	1
type	__size_t	2	1
type	__socket_type	6	1
type	__socklen_t	5	1
type	__ssize_t	1	1
type	__suseconds_t	1	1
type	__syscall_slong_t	3	1
type	__time_t	1	1
type	__u_char	1	1
type	__u_int	1	1
type	__u_short	1	1
type	__uid_t	12	1
type	__uint16_t	4	1
type	__uint32_t	11	1
type	__uint64_t	1	1
type	__uint8_t	1	1
type	__useconds_t	1	1
type	args	122	1
type	args_command_state	4	1
type	args_entry	1	1
type	args_parse_cb	66	1
type	args_parse_type	1	1
type	args_type	1	1
type	bitstr_t	1	1
type	box_lines	1	1
type	bufferevent_data_cb	1	1
type	bufferevent_event_cb	1	1
type	bufferevent_ops	1	1
type	caddr_t	1	1
type	cc_t	1	1
type	client_exit_reason	1	1
type	client_exit_type	1	1
type	client_file_cb	120	1
type	client_theme	1	1
type	clockid_t	2	1
type	cmd	66	1
type	cmd_find_type	1	1
type	cmd_parse_argument_type	1	1
type	cmd_parse_status	1	1
type	cmd_retval	1	1
type	cmdq_cb	9	1
type	cmdq_item	122	1
type	cmdq_list	119	1
type	cmdq_state	14	1
type	cmdq_type	1	1
type	cmds	121	1
type	colour_theme	2	1
type	control_state	119	1
type	dirent	2	1
type	environ	120	1
type	evbuffer	1	1
type	evbuffer_eol_style	3	1
type	event_base	1	1
type	event_log_cb	1	1
type	event_payload	17	1
type	event_payload_free_cb	3	1
type	event_payload_item	1	1
type	event_payload_print_cb	3	1
type	event_payload_type	1	1
type	events_cb	4	1
type	events_sink	3	1
type	format_cb	2	1
type	format_job_tree	119	1
type	format_table_type	1	1
type	format_tree	119	1
type	format_type	1	1
type	gid_t	3	1
type	hanguljamo_class	1	1
type	hanguljamo_state	2	1
type	hanguljamo_subclass	1	1
type	hyperlinks	122	1
type	ibufqueue	1	1
type	id_t	2	1
type	in_addr_t	3	1
type	in_port_t	3	1
type	input_csi_type	1	1
type	input_ctx	119	1
type	input_end_type	1	1
type	input_esc_type	1	1
type	input_request	119	1
type	input_request_type	2	1
type	int32_t	1	1
type	int64_t	2	1
type	job	5	1
type	job_complete_cb	6	1
type	job_free_cb	6	1
type	job_update_cb	6	1
type	json_node	2	1
type	json_node_type	1	1
type	json_token_type	1	1
type	key_code	1	1
type	key_code_mouse_location	1	1
type	key_code_type	1	1
type	layout_type	1	1
type	menu_choice_cb	3	1
type	menu_data	119	1
type	mode_t	1	1
type	mode_tree_build_cb	5	1
type	mode_tree_data	4	1
type	mode_tree_draw_cb	5	1
type	mode_tree_each_cb	5	1
type	mode_tree_height_cb	5	1
type	mode_tree_help_cb	5	1
type	mode_tree_item	4	1
type	mode_tree_key_cb	5	1
type	mode_tree_menu_cb	5	1
type	mode_tree_preview	1	1
type	mode_tree_prompt_input_cb	3	1
type	mode_tree_search_cb	5	1
type	mode_tree_search_dir	1	1
type	mode_tree_sort_cb	5	1
type	mode_tree_swap_cb	5	1
type	monitor_cb	3	1
type	monitor_set	2	1
type	monitor_type	6	1
type	msgbuf	2	1
type	msgtype	1	1
type	nfds_t	1	1
type	nl_item	1	1
type	off_t	1	1
type	options	123	1
type	options_array_item	13	1
type	options_entry	26	1
type	options_table_type	1	1
type	overlay_check_cb	120	1
type	overlay_draw_cb	120	1
type	overlay_free_cb	120	1
type	overlay_key_cb	120	1
type	overlay_mode_cb	120	1
type	overlay_resize_cb	120	1
type	pane_lines	1	1
type	pid_t	1	1
type	popup_close_cb	2	1
type	progress_bar_state	1	1
type	prompt	119	1
type	prompt_free_cb	9	1
type	prompt_input_cb	5	1
type	prompt_key_result	1	1
type	prompt_result	9	1
type	prompt_type	1	1
type	ptrdiff_t	1	1
type	re_dfa_t	4	1
type	redraw_scene	119	1
type	redraw_span	1	1
type	redraw_span_type	1	1
type	reg_syntax_t	4	1
type	regex_t	4	1
type	regoff_t	4	1
type	sa_family_t	3	1
type	screen_cursor_style	1	1
type	screen_sel	121	1
type	screen_titles	121	1
type	screen_write_citem	18	1
type	screen_write_cline	121	1
type	screen_write_init_ctx_cb	19	1
type	sd_bus	1	1
type	sd_bus_message	1	1
type	sd_bus_message_handler_t	1	1
type	sd_bus_slot	1	1
type	sd_id128_t	1	1
type	sigset_t	6	1
type	size_t	1	1
type	sockaddr_at	3	1
type	sockaddr_ax25	3	1
type	sockaddr_dl	3	1
type	sockaddr_eon	3	1
type	sockaddr_inarp	3	1
type	sockaddr_ipx	3	1
type	sockaddr_iso	3	1
type	sockaddr_ns	3	1
type	sockaddr_x25	3	1
type	socklen_t	5	1
type	sort_order	1	1
type	spawn_editor_state	119	1
type	spawn_finish_edit_cb	3	1
type	speed_t	1	1
type	ssize_t	28	1
type	stat	2	1
type	status_prompt_input_cb	4	1
type	style_align	1	1
type	style_default_type	1	1
type	style_list	1	1
type	style_range_type	1	1
type	tcflag_t	1	1
type	time_t	1	1
type	tmuxpeer	120	1
type	tmuxproc	6	1
type	tty_code	119	1
type	tty_code_code	1	1
type	tty_code_type	1	1
type	tty_ctx_redraw_cb	20	1
type	tty_ctx_set_client_cb	20	1
type	tty_draw_line_state	1	1
type	tty_key	119	1
type	u_char	1	1
type	u_int	1	1
type	u_short	1	1
type	uid_t	8	1
type	uint16_t	4	1
type	uint32_t	11	1
type	uint64_t	1	1
type	uint8_t	1	1
type	uintmax_t	1	1
type	uintptr_t	1	1
type	utf8_char	1	1
type	utf8_state	1	1
type	utf8proc_bool	1	1
type	utf8proc_category_t	1	1
type	utf8proc_int32_t	1	1
type	utf8proc_ssize_t	1	1
type	utf8proc_uint8_t	1	1
type	va_list	21	2
type	wchar_t	7	1
type	window_copy_cmd_action	1	1
type	window_copy_cmd_clear	1	1
type	window_copy_line_numbers	1	1
type	window_customize_change	1	1
type	window_customize_edit_type	1	1
type	window_customize_item_type	1	1
type	window_customize_option_type	1	1
type	window_customize_scope	1	1
type	window_pane_prompt	119	1
type	window_switch_type	1	1
type	window_tree_type	1	1
type	yy_state_fast_t	1	1
type	yy_state_t	1	1
type	yysymbol_kind_t	1	1
type	yytype_int8	1	1
union	C2RustUnnamed	10	3
union	C2RustUnnamed_0	1	1
union	C2RustUnnamed_10	1	1
union	C2RustUnnamed_12	102	2
union	C2RustUnnamed_13	13	1
union	C2RustUnnamed_15	1	1
union	C2RustUnnamed_2	2	2
union	C2RustUnnamed_20	1	1
union	C2RustUnnamed_25	1	1
union	C2RustUnnamed_3	2	2
union	C2RustUnnamed_32	1	1
union	C2RustUnnamed_34	1	1
union	C2RustUnnamed_35	18	3
union	C2RustUnnamed_36	9	3
union	C2RustUnnamed_37	2	1
union	C2RustUnnamed_38	4	2
union	C2RustUnnamed_39	2	1
union	C2RustUnnamed_4	1	1
union	C2RustUnnamed_42	1	1
union	C2RustUnnamed_49	1	1
union	C2RustUnnamed_9	1	1
union	YYSTYPE	1	1
union	__CONST_SOCKADDR_ARG	2	1
union	__SOCKADDR_ARG	2	1
union	event_callback_union	1	1
union	event_io_or_signal	1	1
union	event_timeout_pos	1	1
union	grid_cell_entry_storage	1	1
union	options_value	12	1
union	sd_id128	1	1
union	sigval	2	1
union	termios_input_speed	1	1
union	termios_output_speed	1	1
union	yyalloc	1	1
