consumer	symbol	provider	subsystem
src/alerts.rs	events_fire_winlink	crate::src::events	model
src/alerts.rs	options_get_number	crate::src::options	model
src/alerts.rs	tty_putcode	crate::src::tty	terminal
src/alerts.rs	clients	crate::src::server	server
src/alerts.rs	server_status_session	crate::src::server_fn	server
src/alerts.rs	status_message_set	crate::src::status	model
src/alerts.rs	windows	crate::src::window	model
src/alerts.rs	windows_RB_NEXT	crate::src::window	model
src/alerts.rs	windows_RB_MINMAX	crate::src::window	model
src/alerts.rs	winlinks_RB_NEXT	crate::src::window	model
src/alerts.rs	winlinks_RB_MINMAX	crate::src::window	model
src/alerts.rs	window_add_ref	crate::src::window	model
src/alerts.rs	window_remove_ref	crate::src::window	model
src/alerts.rs	log_debug	crate::src::log	support
src/arguments.rs	strtonum	crate::src::compat::strtonum	support
src/arguments.rs	xcalloc	crate::src::xmalloc	support
src/arguments.rs	xrealloc	crate::src::xmalloc	support
src/arguments.rs	xrecallocarray	crate::src::xmalloc	support
src/arguments.rs	xstrdup	crate::src::xmalloc	support
src/arguments.rs	xasprintf	crate::src::xmalloc	support
src/arguments.rs	xvasprintf	crate::src::xmalloc	support
src/arguments.rs	format_single_from_target	crate::src::format	model
src/arguments.rs	cmd_find_copy_state	crate::src::cmd_find	commands
src/arguments.rs	cmd_log_argv	crate::src::cmd	commands
src/arguments.rs	cmd_append_argv	crate::src::cmd	commands
src/arguments.rs	cmd_get_entry	crate::src::cmd	commands
src/arguments.rs	cmd_get_args	crate::src::cmd	commands
src/arguments.rs	cmd_get_source	crate::src::cmd	commands
src/arguments.rs	cmd_list_copy	crate::src::cmd	commands
src/arguments.rs	cmd_list_free	crate::src::cmd	commands
src/arguments.rs	cmd_list_print	crate::src::cmd	commands
src/arguments.rs	cmd_list_first	crate::src::cmd	commands
src/arguments.rs	cmd_template_replace	crate::src::cmd	commands
src/arguments.rs	cmd_parse_from_string	crate::src::cmd_parse	commands
src/arguments.rs	cmdq_get_target_client	crate::src::cmd_queue	commands
src/arguments.rs	cmdq_get_target	crate::src::cmd_queue	commands
src/arguments.rs	cmdq_error	crate::src::cmd_queue	commands
src/arguments.rs	server_client_unref	crate::src::server_client	server
src/arguments.rs	utf8_stravis	crate::src::utf8	support
src/arguments.rs	log_debug	crate::src::log	support
src/arguments.rs	fatalx	crate::src::log	support
src/attributes.rs	xsnprintf	crate::src::xmalloc	support
src/cfg.rs	xreallocarray	crate::src::xmalloc	support
src/cfg.rs	xvasprintf	crate::src::xmalloc	support
src/cfg.rs	cmd_list_free	crate::src::cmd	commands
src/cfg.rs	cmd_parse_from_file	crate::src::cmd_parse	commands
src/cfg.rs	cmd_parse_from_buffer	crate::src::cmd_parse	commands
src/cfg.rs	cmdq_new_state	crate::src::cmd_queue	commands
src/cfg.rs	cmdq_copy_state	crate::src::cmd_queue	commands
src/cfg.rs	cmdq_free_state	crate::src::cmd_queue	commands
src/cfg.rs	cmdq_add_format	crate::src::cmd_queue	commands
src/cfg.rs	cmdq_get_client	crate::src::cmd_queue	commands
src/cfg.rs	cmdq_get_state	crate::src::cmd_queue	commands
src/cfg.rs	cmdq_get_command	crate::src::cmd_queue	commands
src/cfg.rs	cmdq_get_callback1	crate::src::cmd_queue	commands
src/cfg.rs	cmdq_insert_after	crate::src::cmd_queue	commands
src/cfg.rs	cmdq_append	crate::src::cmd_queue	commands
src/cfg.rs	cmdq_continue	crate::src::cmd_queue	commands
src/cfg.rs	cmdq_print	crate::src::cmd_queue	commands
src/cfg.rs	clients	crate::src::server	server
src/cfg.rs	prompt_load_history	crate::src::prompt_history	model
src/cfg.rs	window_pane_set_mode	crate::src::window	model
src/cfg.rs	window_view_mode	crate::src::window_copy	terminal
src/cfg.rs	window_copy_add	crate::src::window_copy	terminal
src/cfg.rs	control_notify_write	crate::src::control	server
src/cfg.rs	sessions	crate::src::session	model
src/cfg.rs	sessions_RB_MINMAX	crate::src::session	model
src/cfg.rs	log_debug	crate::src::log	support
src/client.rs	systemd_activated	crate::src::compat::systemd	support
src/client.rs	xmalloc	crate::src::xmalloc	support
src/client.rs	xstrdup	crate::src::xmalloc	support
src/client.rs	xasprintf	crate::src::xmalloc	support
src/client.rs	xsnprintf	crate::src::xmalloc	support
src/client.rs	global_options	crate::src::tmux	server
src/client.rs	global_s_options	crate::src::tmux	server
src/client.rs	global_w_options	crate::src::tmux	server
src/client.rs	global_environ	crate::src::tmux	server
src/client.rs	socket_path	crate::src::tmux	server
src/client.rs	shell_command	crate::src::tmux	server
src/client.rs	ptm_fd	crate::src::tmux	server
src/client.rs	setblocking	crate::src::tmux	server
src/client.rs	shell_argv0	crate::src::tmux	server
src/client.rs	find_cwd	crate::src::tmux	server
src/client.rs	find_home	crate::src::tmux	server
src/client.rs	proc_send	crate::src::proc	server
src/client.rs	proc_start	crate::src::proc	server
src/client.rs	proc_loop	crate::src::proc	server
src/client.rs	proc_exit	crate::src::proc	server
src/client.rs	proc_set_signals	crate::src::proc	server
src/client.rs	proc_clear_signals	crate::src::proc	server
src/client.rs	proc_add_peer	crate::src::proc	server
src/client.rs	proc_flush_peer	crate::src::proc	server
src/client.rs	options_free	crate::src::options	model
src/client.rs	environ_free	crate::src::environ	model
src/client.rs	tty_term_read_list	crate::src::tty_term	terminal
src/client.rs	tty_term_free_list	crate::src::tty_term	terminal
src/client.rs	args_from_vector	crate::src::arguments	commands
src/client.rs	args_free_values	crate::src::arguments	commands
src/client.rs	cmd_pack_argv	crate::src::cmd	commands
src/client.rs	cmd_list_free	crate::src::cmd	commands
src/client.rs	cmd_list_any_have	crate::src::cmd	commands
src/client.rs	cmd_parse_from_arguments	crate::src::cmd_parse	commands
src/client.rs	file_write_left	crate::src::file	server
src/client.rs	file_write_open	crate::src::file	server
src/client.rs	file_write_data	crate::src::file	server
src/client.rs	file_write_close	crate::src::file	server
src/client.rs	file_read_open	crate::src::file	server
src/client.rs	file_read_cancel	crate::src::file	server
src/client.rs	server_start	crate::src::server	server
src/client.rs	control_wait_exit	crate::src::control	server
src/client.rs	log_debug	crate::src::log	support
src/client.rs	fatal	crate::src::log	support
src/client.rs	fatalx	crate::src::log	support
src/cmd.rs	xmalloc	crate::src::xmalloc	support
src/cmd.rs	xcalloc	crate::src::xmalloc	support
src/cmd.rs	xrealloc	crate::src::xmalloc	support
src/cmd.rs	xreallocarray	crate::src::xmalloc	support
src/cmd.rs	xstrdup	crate::src::xmalloc	support
src/cmd.rs	xasprintf	crate::src::xmalloc	support
src/cmd.rs	xvasprintf	crate::src::xmalloc	support
src/cmd.rs	global_options	crate::src::tmux	server
src/cmd.rs	options_get_only	crate::src::options	model
src/cmd.rs	options_array_first	crate::src::options	model
src/cmd.rs	options_array_next	crate::src::options	model
src/cmd.rs	options_array_item_value	crate::src::options	model
src/cmd.rs	args_parse	crate::src::arguments	commands
src/cmd.rs	args_copy	crate::src::arguments	commands
src/cmd.rs	args_free	crate::src::arguments	commands
src/cmd.rs	args_print	crate::src::arguments	commands
src/cmd.rs	args_escape	crate::src::arguments	commands
src/cmd.rs	winlink_find_by_window	crate::src::window	model
src/cmd.rs	window_find_by_id	crate::src::window	model
src/cmd.rs	window_has_pane	crate::src::window	model
src/cmd.rs	window_pane_find_by_id	crate::src::window	model
src/cmd.rs	session_find_by_id	crate::src::session	model
src/cmd.rs	log_debug	crate::src::log	support
src/cmd.rs	fatalx	crate::src::log	support
src/cmd.rs	cmd_attach_session_entry	crate::src::cmd_attach_session	commands
src/cmd.rs	cmd_bind_key_entry	crate::src::cmd_bind_key	commands
src/cmd.rs	cmd_break_pane_entry	crate::src::cmd_break_pane	commands
src/cmd.rs	cmd_capture_pane_entry	crate::src::cmd_capture_pane	commands
src/cmd.rs	cmd_choose_buffer_entry	crate::src::cmd_choose_tree	commands
src/cmd.rs	cmd_choose_client_entry	crate::src::cmd_choose_tree	commands
src/cmd.rs	cmd_choose_tree_entry	crate::src::cmd_choose_tree	commands
src/cmd.rs	cmd_clear_history_entry	crate::src::cmd_capture_pane	commands
src/cmd.rs	cmd_clear_prompt_history_entry	crate::src::cmd_show_prompt_history	commands
src/cmd.rs	cmd_clock_mode_entry	crate::src::cmd_copy_mode	commands
src/cmd.rs	cmd_command_prompt_entry	crate::src::cmd_command_prompt	commands
src/cmd.rs	cmd_confirm_before_entry	crate::src::cmd_confirm_before	commands
src/cmd.rs	cmd_copy_mode_entry	crate::src::cmd_copy_mode	commands
src/cmd.rs	cmd_customize_mode_entry	crate::src::cmd_choose_tree	commands
src/cmd.rs	cmd_delete_buffer_entry	crate::src::cmd_set_buffer	commands
src/cmd.rs	cmd_detach_client_entry	crate::src::cmd_detach_client	commands
src/cmd.rs	cmd_display_menu_entry	crate::src::cmd_display_menu	commands
src/cmd.rs	cmd_display_message_entry	crate::src::cmd_display_message	commands
src/cmd.rs	cmd_display_popup_entry	crate::src::cmd_display_menu	commands
src/cmd.rs	cmd_display_panes_entry	crate::src::cmd_choose_tree	commands
src/cmd.rs	cmd_find_window_entry	crate::src::cmd_find_window	commands
src/cmd.rs	cmd_has_session_entry	crate::src::cmd_new_session	commands
src/cmd.rs	cmd_if_shell_entry	crate::src::cmd_if_shell	commands
src/cmd.rs	cmd_join_pane_entry	crate::src::cmd_join_pane	commands
src/cmd.rs	cmd_kill_pane_entry	crate::src::cmd_kill_pane	commands
src/cmd.rs	cmd_kill_server_entry	crate::src::cmd_kill_server	commands
src/cmd.rs	cmd_kill_session_entry	crate::src::cmd_kill_session	commands
src/cmd.rs	cmd_kill_window_entry	crate::src::cmd_kill_window	commands
src/cmd.rs	cmd_last_pane_entry	crate::src::cmd_select_pane	commands
src/cmd.rs	cmd_last_window_entry	crate::src::cmd_select_window	commands
src/cmd.rs	cmd_link_window_entry	crate::src::cmd_move_window	commands
src/cmd.rs	cmd_list_buffers_entry	crate::src::cmd_list_buffers	commands
src/cmd.rs	cmd_list_clients_entry	crate::src::cmd_list_clients	commands
src/cmd.rs	cmd_list_commands_entry	crate::src::cmd_list_commands	commands
src/cmd.rs	cmd_list_keys_entry	crate::src::cmd_list_keys	commands
src/cmd.rs	cmd_list_panes_entry	crate::src::cmd_list_panes	commands
src/cmd.rs	cmd_list_sessions_entry	crate::src::cmd_list_sessions	commands
src/cmd.rs	cmd_list_windows_entry	crate::src::cmd_list_windows	commands
src/cmd.rs	cmd_load_buffer_entry	crate::src::cmd_load_buffer	commands
src/cmd.rs	cmd_lock_client_entry	crate::src::cmd_lock_server	commands
src/cmd.rs	cmd_lock_server_entry	crate::src::cmd_lock_server	commands
src/cmd.rs	cmd_lock_session_entry	crate::src::cmd_lock_server	commands
src/cmd.rs	cmd_move_pane_entry	crate::src::cmd_join_pane	commands
src/cmd.rs	cmd_move_window_entry	crate::src::cmd_move_window	commands
src/cmd.rs	cmd_new_pane_entry	crate::src::cmd_split_window	commands
src/cmd.rs	cmd_new_session_entry	crate::src::cmd_new_session	commands
src/cmd.rs	cmd_new_window_entry	crate::src::cmd_new_window	commands
src/cmd.rs	cmd_next_layout_entry	crate::src::cmd_select_layout	commands
src/cmd.rs	cmd_next_window_entry	crate::src::cmd_select_window	commands
src/cmd.rs	cmd_paste_buffer_entry	crate::src::cmd_paste_buffer	commands
src/cmd.rs	cmd_pipe_pane_entry	crate::src::cmd_pipe_pane	commands
src/cmd.rs	cmd_previous_layout_entry	crate::src::cmd_select_layout	commands
src/cmd.rs	cmd_previous_window_entry	crate::src::cmd_select_window	commands
src/cmd.rs	cmd_refresh_client_entry	crate::src::cmd_refresh_client	commands
src/cmd.rs	cmd_rename_session_entry	crate::src::cmd_rename_session	commands
src/cmd.rs	cmd_rename_window_entry	crate::src::cmd_rename_window	commands
src/cmd.rs	cmd_resize_pane_entry	crate::src::cmd_resize_pane	commands
src/cmd.rs	cmd_resize_window_entry	crate::src::cmd_resize_window	commands
src/cmd.rs	cmd_respawn_pane_entry	crate::src::cmd_respawn_pane	commands
src/cmd.rs	cmd_respawn_window_entry	crate::src::cmd_respawn_window	commands
src/cmd.rs	cmd_rotate_window_entry	crate::src::cmd_rotate_window	commands
src/cmd.rs	cmd_run_shell_entry	crate::src::cmd_run_shell	commands
src/cmd.rs	cmd_save_buffer_entry	crate::src::cmd_save_buffer	commands
src/cmd.rs	cmd_select_layout_entry	crate::src::cmd_select_layout	commands
src/cmd.rs	cmd_select_pane_entry	crate::src::cmd_select_pane	commands
src/cmd.rs	cmd_select_window_entry	crate::src::cmd_select_window	commands
src/cmd.rs	cmd_send_keys_entry	crate::src::cmd_send_keys	commands
src/cmd.rs	cmd_send_prefix_entry	crate::src::cmd_send_keys	commands
src/cmd.rs	cmd_server_access_entry	crate::src::cmd_server_access	commands
src/cmd.rs	cmd_set_buffer_entry	crate::src::cmd_set_buffer	commands
src/cmd.rs	cmd_set_environment_entry	crate::src::cmd_set_environment	commands
src/cmd.rs	cmd_set_hook_entry	crate::src::cmd_set_option	commands
src/cmd.rs	cmd_set_option_entry	crate::src::cmd_set_option	commands
src/cmd.rs	cmd_set_window_option_entry	crate::src::cmd_set_option	commands
src/cmd.rs	cmd_show_buffer_entry	crate::src::cmd_save_buffer	commands
src/cmd.rs	cmd_show_environment_entry	crate::src::cmd_show_environment	commands
src/cmd.rs	cmd_show_hooks_entry	crate::src::cmd_show_options	commands
src/cmd.rs	cmd_show_messages_entry	crate::src::cmd_show_messages	commands
src/cmd.rs	cmd_show_options_entry	crate::src::cmd_show_options	commands
src/cmd.rs	cmd_show_prompt_history_entry	crate::src::cmd_show_prompt_history	commands
src/cmd.rs	cmd_show_window_options_entry	crate::src::cmd_show_options	commands
src/cmd.rs	cmd_source_file_entry	crate::src::cmd_source_file	commands
src/cmd.rs	cmd_split_window_entry	crate::src::cmd_split_window	commands
src/cmd.rs	cmd_start_server_entry	crate::src::cmd_kill_server	commands
src/cmd.rs	cmd_suspend_client_entry	crate::src::cmd_detach_client	commands
src/cmd.rs	cmd_swap_pane_entry	crate::src::cmd_swap_pane	commands
src/cmd.rs	cmd_swap_window_entry	crate::src::cmd_swap_window	commands
src/cmd.rs	cmd_switch_client_entry	crate::src::cmd_switch_client	commands
src/cmd.rs	cmd_switch_mode_entry	crate::src::cmd_choose_tree	commands
src/cmd.rs	cmd_unbind_key_entry	crate::src::cmd_unbind_key	commands
src/cmd.rs	cmd_unlink_window_entry	crate::src::cmd_kill_window	commands
src/cmd.rs	cmd_wait_for_entry	crate::src::cmd_wait_for	commands
src/cmd_attach_session.rs	proc_send	crate::src::proc	server
src/cmd_attach_session.rs	proc_get_peer_uid	crate::src::proc	server
src/cmd_attach_session.rs	cfg_finished	crate::src::cfg	commands
src/cmd_attach_session.rs	cfg_show_causes	crate::src::cfg	commands
src/cmd_attach_session.rs	format_single	crate::src::format	model
src/cmd_attach_session.rs	events_fire_client	crate::src::events	model
src/cmd_attach_session.rs	environ_update	crate::src::environ	model
src/cmd_attach_session.rs	args_has	crate::src::arguments	commands
src/cmd_attach_session.rs	args_get	crate::src::arguments	commands
src/cmd_attach_session.rs	cmd_find_target	crate::src::cmd_find	commands
src/cmd_attach_session.rs	cmd_find_from_winlink	crate::src::cmd_find	commands
src/cmd_attach_session.rs	cmd_find_from_winlink_pane	crate::src::cmd_find	commands
src/cmd_attach_session.rs	cmd_get_args	crate::src::cmd	commands
src/cmd_attach_session.rs	cmdq_get_client	crate::src::cmd_queue	commands
src/cmd_attach_session.rs	cmdq_get_current	crate::src::cmd_queue	commands
src/cmd_attach_session.rs	cmdq_get_flags	crate::src::cmd_queue	commands
src/cmd_attach_session.rs	cmdq_error	crate::src::cmd_queue	commands
src/cmd_attach_session.rs	clients	crate::src::server	server
src/cmd_attach_session.rs	server_client_set_key_table	crate::src::server_client	server
src/cmd_attach_session.rs	server_client_check_nested	crate::src::server_client	server
src/cmd_attach_session.rs	server_client_open	crate::src::server_client	server
src/cmd_attach_session.rs	server_client_set_session	crate::src::server_client	server
src/cmd_attach_session.rs	server_client_detach	crate::src::server_client	server
src/cmd_attach_session.rs	server_client_set_flags	crate::src::server_client	server
src/cmd_attach_session.rs	window_set_active_pane	crate::src::window	model
src/cmd_attach_session.rs	sessions	crate::src::session	model
src/cmd_attach_session.rs	session_set_current	crate::src::session	model
src/cmd_bind_key.rs	args_has	crate::src::arguments	commands
src/cmd_bind_key.rs	args_get	crate::src::arguments	commands
src/cmd_bind_key.rs	args_count	crate::src::arguments	commands
src/cmd_bind_key.rs	args_values	crate::src::arguments	commands
src/cmd_bind_key.rs	args_value	crate::src::arguments	commands
src/cmd_bind_key.rs	args_string	crate::src::arguments	commands
src/cmd_bind_key.rs	cmd_get_args	crate::src::cmd	commands
src/cmd_bind_key.rs	cmd_parse_from_string	crate::src::cmd_parse	commands
src/cmd_bind_key.rs	cmd_parse_from_arguments	crate::src::cmd_parse	commands
src/cmd_bind_key.rs	cmdq_error	crate::src::cmd_queue	commands
src/cmd_bind_key.rs	key_bindings_add	crate::src::key_bindings	model
src/cmd_bind_key.rs	key_string_lookup_string	crate::src::key_string	model
src/cmd_break_pane.rs	clean_name	crate::src::tmux	server
src/cmd_break_pane.rs	check_name	crate::src::tmux	server
src/cmd_break_pane.rs	format_single	crate::src::format	model
src/cmd_break_pane.rs	events_fire_window	crate::src::events	model
src/cmd_break_pane.rs	options_set_parent	crate::src::options	model
src/cmd_break_pane.rs	options_get_number	crate::src::options	model
src/cmd_break_pane.rs	options_set_number	crate::src::options	model
src/cmd_break_pane.rs	args_has	crate::src::arguments	commands
src/cmd_break_pane.rs	args_get	crate::src::arguments	commands
src/cmd_break_pane.rs	cmd_find_from_session	crate::src::cmd_find	commands
src/cmd_break_pane.rs	cmd_get_args	crate::src::cmd	commands
src/cmd_break_pane.rs	cmdq_get_target_client	crate::src::cmd_queue	commands
src/cmd_break_pane.rs	cmdq_get_target	crate::src::cmd_queue	commands
src/cmd_break_pane.rs	cmdq_get_source	crate::src::cmd_queue	commands
src/cmd_break_pane.rs	cmdq_get_current	crate::src::cmd_queue	commands
src/cmd_break_pane.rs	cmdq_print	crate::src::cmd_queue	commands
src/cmd_break_pane.rs	cmdq_error	crate::src::cmd_queue	commands
src/cmd_break_pane.rs	server_client_remove_pane	crate::src::server_client	server
src/cmd_break_pane.rs	server_redraw_session	crate::src::server_fn	server
src/cmd_break_pane.rs	server_status_session_group	crate::src::server_fn	server
src/cmd_break_pane.rs	server_redraw_window	crate::src::server_fn	server
src/cmd_break_pane.rs	server_link_window	crate::src::server_fn	server
src/cmd_break_pane.rs	server_unlink_window	crate::src::server_fn	server
src/cmd_break_pane.rs	server_unzoom_window	crate::src::server_fn	server
src/cmd_break_pane.rs	colour_palette_from_option	crate::src::colour	support
src/cmd_break_pane.rs	winlink_find_by_index	crate::src::window	model
src/cmd_break_pane.rs	winlink_find_by_window	crate::src::window	model
src/cmd_break_pane.rs	window_create	crate::src::window	model
src/cmd_break_pane.rs	window_set_active_pane	crate::src::window	model
src/cmd_break_pane.rs	window_fire_pane_moved	crate::src::window	model
src/cmd_break_pane.rs	window_lost_pane	crate::src::window	model
src/cmd_break_pane.rs	window_count_panes	crate::src::window	model
src/cmd_break_pane.rs	window_set_name	crate::src::window	model
src/cmd_break_pane.rs	window_add_ref	crate::src::window	model
src/cmd_break_pane.rs	window_remove_ref	crate::src::window	model
src/cmd_break_pane.rs	winlink_shuffle_up	crate::src::window	model
src/cmd_break_pane.rs	window_get_pane_lines	crate::src::window	model
src/cmd_break_pane.rs	window_pane_is_floating	crate::src::window	model
src/cmd_break_pane.rs	window_set_fill_cells	crate::src::window_border	terminal
src/cmd_break_pane.rs	layout_set_size	crate::src::layout	terminal
src/cmd_break_pane.rs	layout_fix_offsets	crate::src::layout	terminal
src/cmd_break_pane.rs	layout_fix_panes	crate::src::layout	terminal
src/cmd_break_pane.rs	layout_init	crate::src::layout	terminal
src/cmd_break_pane.rs	layout_close_pane	crate::src::layout	terminal
src/cmd_break_pane.rs	layout_floating_args_parse	crate::src::layout	terminal
src/cmd_break_pane.rs	layout_remove_tile	crate::src::layout	terminal
src/cmd_break_pane.rs	default_window_name	crate::src::names	model
src/cmd_break_pane.rs	session_attach	crate::src::session	model
src/cmd_break_pane.rs	session_select	crate::src::session	model
src/cmd_capture_pane.rs	xrealloc	crate::src::xmalloc	support
src/cmd_capture_pane.rs	xreallocarray	crate::src::xmalloc	support
src/cmd_capture_pane.rs	xstrdup	crate::src::xmalloc	support
src/cmd_capture_pane.rs	xasprintf	crate::src::xmalloc	support
src/cmd_capture_pane.rs	paste_set	crate::src::paste	model
src/cmd_capture_pane.rs	args_has	crate::src::arguments	commands
src/cmd_capture_pane.rs	args_get	crate::src::arguments	commands
src/cmd_capture_pane.rs	args_strtonum_and_expand	crate::src::arguments	commands
src/cmd_capture_pane.rs	cmd_get_entry	crate::src::cmd	commands
src/cmd_capture_pane.rs	cmd_get_args	crate::src::cmd	commands
src/cmd_capture_pane.rs	cmdq_get_client	crate::src::cmd_queue	commands
src/cmd_capture_pane.rs	cmdq_get_target	crate::src::cmd_queue	commands
src/cmd_capture_pane.rs	cmdq_error	crate::src::cmd_queue	commands
src/cmd_capture_pane.rs	file_can_print	crate::src::file	server
src/cmd_capture_pane.rs	file_print	crate::src::file	server
src/cmd_capture_pane.rs	file_print_buffer	crate::src::file	server
src/cmd_capture_pane.rs	server_redraw_window	crate::src::server_fn	server
src/cmd_capture_pane.rs	input_pending	crate::src::input	terminal
src/cmd_capture_pane.rs	colour_tostring	crate::src::colour	support
src/cmd_capture_pane.rs	grid_line_flags_string	crate::src::grid	terminal
src/cmd_capture_pane.rs	grid_cell_flags_string	crate::src::grid	terminal
src/cmd_capture_pane.rs	grid_cell_attr_string	crate::src::grid	terminal
src/cmd_capture_pane.rs	grid_line_time	crate::src::grid	terminal
src/cmd_capture_pane.rs	grid_clear_history	crate::src::grid	terminal
src/cmd_capture_pane.rs	grid_peek_line	crate::src::grid	terminal
src/cmd_capture_pane.rs	grid_get_cell	crate::src::grid	terminal
src/cmd_capture_pane.rs	grid_get_line	crate::src::grid	terminal
src/cmd_capture_pane.rs	grid_string_cells	crate::src::grid	terminal
src/cmd_capture_pane.rs	screen_reset_hyperlinks	crate::src::screen	terminal
src/cmd_capture_pane.rs	window_pane_reset_mode_all	crate::src::window	model
src/cmd_capture_pane.rs	control_write	crate::src::control	server
src/cmd_capture_pane.rs	utf8_stravis	crate::src::utf8	support
src/cmd_capture_pane.rs	hyperlinks_get	crate::src::hyperlinks	terminal
src/cmd_choose_tree.rs	paste_is_empty	crate::src::paste	model
src/cmd_choose_tree.rs	sort_order_from_string	crate::src::sort	model
src/cmd_choose_tree.rs	args_has	crate::src::arguments	commands
src/cmd_choose_tree.rs	args_get	crate::src::arguments	commands
src/cmd_choose_tree.rs	cmd_get_entry	crate::src::cmd	commands
src/cmd_choose_tree.rs	cmd_get_args	crate::src::cmd	commands
src/cmd_choose_tree.rs	cmdq_get_target	crate::src::cmd_queue	commands
src/cmd_choose_tree.rs	cmdq_error	crate::src::cmd_queue	commands
src/cmd_choose_tree.rs	server_client_how_many	crate::src::server_client	server
src/cmd_choose_tree.rs	window_pane_set_mode	crate::src::window	model
src/cmd_choose_tree.rs	window_buffer_mode	crate::src::window_buffer	terminal
src/cmd_choose_tree.rs	window_tree_mode	crate::src::window_tree	terminal
src/cmd_choose_tree.rs	window_switch_mode	crate::src::window_switch	terminal
src/cmd_choose_tree.rs	window_panes_mode	crate::src::window_panes	terminal
src/cmd_choose_tree.rs	window_client_mode	crate::src::window_client	terminal
src/cmd_choose_tree.rs	window_customize_mode	crate::src::window_customize	terminal
src/cmd_command_prompt.rs	xcalloc	crate::src::xmalloc	support
src/cmd_command_prompt.rs	xreallocarray	crate::src::xmalloc	support
src/cmd_command_prompt.rs	xstrdup	crate::src::xmalloc	support
src/cmd_command_prompt.rs	xasprintf	crate::src::xmalloc	support
src/cmd_command_prompt.rs	args_has	crate::src::arguments	commands
src/cmd_command_prompt.rs	args_get	crate::src::arguments	commands
src/cmd_command_prompt.rs	args_count	crate::src::arguments	commands
src/cmd_command_prompt.rs	args_make_commands_prepare	crate::src::arguments	commands
src/cmd_command_prompt.rs	args_make_commands	crate::src::arguments	commands
src/cmd_command_prompt.rs	args_make_commands_free	crate::src::arguments	commands
src/cmd_command_prompt.rs	args_make_commands_get_command	crate::src::arguments	commands
src/cmd_command_prompt.rs	cmd_append_argv	crate::src::cmd	commands
src/cmd_command_prompt.rs	cmd_copy_argv	crate::src::cmd	commands
src/cmd_command_prompt.rs	cmd_free_argv	crate::src::cmd	commands
src/cmd_command_prompt.rs	cmd_get_args	crate::src::cmd	commands
src/cmd_command_prompt.rs	cmd_list_free	crate::src::cmd	commands
src/cmd_command_prompt.rs	cmdq_get_target_client	crate::src::cmd_queue	commands
src/cmd_command_prompt.rs	cmdq_get_state	crate::src::cmd_queue	commands
src/cmd_command_prompt.rs	cmdq_get_target	crate::src::cmd_queue	commands
src/cmd_command_prompt.rs	cmdq_get_command	crate::src::cmd_queue	commands
src/cmd_command_prompt.rs	cmdq_get_error	crate::src::cmd_queue	commands
src/cmd_command_prompt.rs	cmdq_insert_after	crate::src::cmd_queue	commands
src/cmd_command_prompt.rs	cmdq_append	crate::src::cmd_queue	commands
src/cmd_command_prompt.rs	cmdq_continue	crate::src::cmd_queue	commands
src/cmd_command_prompt.rs	cmdq_error	crate::src::cmd_queue	commands
src/cmd_command_prompt.rs	status_prompt_set	crate::src::status	model
src/cmd_command_prompt.rs	status_prompt_update	crate::src::status	model
src/cmd_command_prompt.rs	prompt_type	crate::src::prompt	model
src/cmd_command_prompt.rs	window_pane_set_prompt	crate::src::window	model
src/cmd_command_prompt.rs	window_pane_has_prompt	crate::src::window	model
src/cmd_command_prompt.rs	window_pane_update_prompt	crate::src::window	model
src/cmd_confirm_before.rs	xcalloc	crate::src::xmalloc	support
src/cmd_confirm_before.rs	xasprintf	crate::src::xmalloc	support
src/cmd_confirm_before.rs	args_has	crate::src::arguments	commands
src/cmd_confirm_before.rs	args_get	crate::src::arguments	commands
src/cmd_confirm_before.rs	args_make_commands_now	crate::src::arguments	commands
src/cmd_confirm_before.rs	cmd_get_entry	crate::src::cmd	commands
src/cmd_confirm_before.rs	cmd_get_args	crate::src::cmd	commands
src/cmd_confirm_before.rs	cmd_list_free	crate::src::cmd	commands
src/cmd_confirm_before.rs	cmd_list_first	crate::src::cmd	commands
src/cmd_confirm_before.rs	cmdq_get_client	crate::src::cmd_queue	commands
src/cmd_confirm_before.rs	cmdq_get_target_client	crate::src::cmd_queue	commands
src/cmd_confirm_before.rs	cmdq_get_state	crate::src::cmd_queue	commands
src/cmd_confirm_before.rs	cmdq_get_target	crate::src::cmd_queue	commands
src/cmd_confirm_before.rs	cmdq_get_command	crate::src::cmd_queue	commands
src/cmd_confirm_before.rs	cmdq_insert_after	crate::src::cmd_queue	commands
src/cmd_confirm_before.rs	cmdq_append	crate::src::cmd_queue	commands
src/cmd_confirm_before.rs	cmdq_continue	crate::src::cmd_queue	commands
src/cmd_confirm_before.rs	cmdq_error	crate::src::cmd_queue	commands
src/cmd_confirm_before.rs	status_prompt_set	crate::src::status	model
src/cmd_copy_mode.rs	tty_window_offset	crate::src::tty	terminal
src/cmd_copy_mode.rs	args_has	crate::src::arguments	commands
src/cmd_copy_mode.rs	cmd_get_entry	crate::src::cmd	commands
src/cmd_copy_mode.rs	cmd_get_args	crate::src::cmd	commands
src/cmd_copy_mode.rs	cmd_mouse_pane	crate::src::cmd	commands
src/cmd_copy_mode.rs	cmdq_get_client	crate::src::cmd_queue	commands
src/cmd_copy_mode.rs	cmdq_get_target	crate::src::cmd_queue	commands
src/cmd_copy_mode.rs	cmdq_get_source	crate::src::cmd_queue	commands
src/cmd_copy_mode.rs	cmdq_get_event	crate::src::cmd_queue	commands
src/cmd_copy_mode.rs	window_pane_set_mode	crate::src::window	model
src/cmd_copy_mode.rs	window_pane_reset_mode_all	crate::src::window	model
src/cmd_copy_mode.rs	window_clock_mode	crate::src::window_clock	terminal
src/cmd_copy_mode.rs	window_copy_mode	crate::src::window_copy	terminal
src/cmd_copy_mode.rs	window_copy_scroll	crate::src::window_copy	terminal
src/cmd_copy_mode.rs	window_copy_pageup	crate::src::window_copy	terminal
src/cmd_copy_mode.rs	window_copy_pagedown	crate::src::window_copy	terminal
src/cmd_copy_mode.rs	window_copy_start_drag	crate::src::window_copy	terminal
src/cmd_copy_mode.rs	window_copy_set_line_numbers	crate::src::window_copy	terminal
src/cmd_detach_client.rs	args_has	crate::src::arguments	commands
src/cmd_detach_client.rs	args_get	crate::src::arguments	commands
src/cmd_detach_client.rs	cmd_get_entry	crate::src::cmd	commands
src/cmd_detach_client.rs	cmd_get_args	crate::src::cmd	commands
src/cmd_detach_client.rs	cmdq_get_client	crate::src::cmd_queue	commands
src/cmd_detach_client.rs	cmdq_get_target_client	crate::src::cmd_queue	commands
src/cmd_detach_client.rs	cmdq_get_source	crate::src::cmd_queue	commands
src/cmd_detach_client.rs	cmdq_error	crate::src::cmd_queue	commands
src/cmd_detach_client.rs	clients	crate::src::server	server
src/cmd_detach_client.rs	server_client_suspend	crate::src::server_client	server
src/cmd_detach_client.rs	server_client_detach	crate::src::server_client	server
src/cmd_detach_client.rs	server_client_exec	crate::src::server_client	server
src/cmd_display_menu.rs	xstrdup	crate::src::xmalloc	support
src/cmd_display_menu.rs	checkshell	crate::src::tmux	server
src/cmd_display_menu.rs	format_free	crate::src::format	model
src/cmd_display_menu.rs	format_add	crate::src::format	model
src/cmd_display_menu.rs	format_expand	crate::src::format	model
src/cmd_display_menu.rs	format_single_from_target	crate::src::format	model
src/cmd_display_menu.rs	format_create_from_target	crate::src::format	model
src/cmd_display_menu.rs	options_table_entry	crate::src::options	model
src/cmd_display_menu.rs	options_get	crate::src::options	model
src/cmd_display_menu.rs	options_get_string	crate::src::options	model
src/cmd_display_menu.rs	options_get_number	crate::src::options	model
src/cmd_display_menu.rs	options_find_choice	crate::src::options	model
src/cmd_display_menu.rs	environ_create	crate::src::environ	model
src/cmd_display_menu.rs	environ_free	crate::src::environ	model
src/cmd_display_menu.rs	environ_put	crate::src::environ	model
src/cmd_display_menu.rs	tty_window_offset	crate::src::tty	terminal
src/cmd_display_menu.rs	args_to_vector	crate::src::arguments	commands
src/cmd_display_menu.rs	args_has	crate::src::arguments	commands
src/cmd_display_menu.rs	args_get	crate::src::arguments	commands
src/cmd_display_menu.rs	args_count	crate::src::arguments	commands
src/cmd_display_menu.rs	args_string	crate::src::arguments	commands
src/cmd_display_menu.rs	args_first_value	crate::src::arguments	commands
src/cmd_display_menu.rs	args_next_value	crate::src::arguments	commands
src/cmd_display_menu.rs	args_strtonum	crate::src::arguments	commands
src/cmd_display_menu.rs	args_percentage	crate::src::arguments	commands
src/cmd_display_menu.rs	cmd_append_argv	crate::src::cmd	commands
src/cmd_display_menu.rs	cmd_free_argv	crate::src::cmd	commands
src/cmd_display_menu.rs	cmd_get_args	crate::src::cmd	commands
src/cmd_display_menu.rs	cmdq_get_target_client	crate::src::cmd_queue	commands
src/cmd_display_menu.rs	cmdq_get_target	crate::src::cmd_queue	commands
src/cmd_display_menu.rs	cmdq_get_event	crate::src::cmd_queue	commands
src/cmd_display_menu.rs	cmdq_error	crate::src::cmd_queue	commands
src/cmd_display_menu.rs	key_string_lookup_string	crate::src::key_string	model
src/cmd_display_menu.rs	server_client_clear_overlay	crate::src::server_client	server
src/cmd_display_menu.rs	server_client_get_cwd	crate::src::server_client	server
src/cmd_display_menu.rs	status_at_line	crate::src::status	model
src/cmd_display_menu.rs	status_line_size	crate::src::status	model
src/cmd_display_menu.rs	log_debug	crate::src::log	support
src/cmd_display_menu.rs	menu_create	crate::src::menu	model
src/cmd_display_menu.rs	menu_add_item	crate::src::menu	model
src/cmd_display_menu.rs	menu_free	crate::src::menu	model
src/cmd_display_menu.rs	menu_display	crate::src::menu	model
src/cmd_display_menu.rs	popup_display	crate::src::popup	model
src/cmd_display_menu.rs	popup_present	crate::src::popup	model
src/cmd_display_menu.rs	popup_modify	crate::src::popup	model
src/cmd_display_message.rs	xstrdup	crate::src::xmalloc	support
src/cmd_display_message.rs	format_create	crate::src::format	model
src/cmd_display_message.rs	format_free	crate::src::format	model
src/cmd_display_message.rs	format_each	crate::src::format	model
src/cmd_display_message.rs	format_expand_time	crate::src::format	model
src/cmd_display_message.rs	format_defaults	crate::src::format	model
src/cmd_display_message.rs	args_has	crate::src::arguments	commands
src/cmd_display_message.rs	args_get	crate::src::arguments	commands
src/cmd_display_message.rs	args_count	crate::src::arguments	commands
src/cmd_display_message.rs	args_string	crate::src::arguments	commands
src/cmd_display_message.rs	args_strtonum	crate::src::arguments	commands
src/cmd_display_message.rs	cmd_find_best_client	crate::src::cmd_find	commands
src/cmd_display_message.rs	cmd_get_args	crate::src::cmd	commands
src/cmd_display_message.rs	cmdq_get_client	crate::src::cmd_queue	commands
src/cmd_display_message.rs	cmdq_get_target_client	crate::src::cmd_queue	commands
src/cmd_display_message.rs	cmdq_get_target	crate::src::cmd_queue	commands
src/cmd_display_message.rs	cmdq_print	crate::src::cmd_queue	commands
src/cmd_display_message.rs	cmdq_error	crate::src::cmd_queue	commands
src/cmd_display_message.rs	server_client_print	crate::src::server_client	server
src/cmd_display_message.rs	status_message_set	crate::src::status	model
src/cmd_display_message.rs	window_pane_start_input	crate::src::window	model
src/cmd_display_message.rs	fatalx	crate::src::log	support
src/cmd_display_message.rs	json_parse	crate::src::json	model
src/cmd_display_message.rs	json_destroy_node	crate::src::json	model
src/cmd_display_message.rs	json_to_string	crate::src::json	model
src/cmd_find.rs	strtonum	crate::src::compat::strtonum	support
src/cmd_find.rs	xreallocarray	crate::src::xmalloc	support
src/cmd_find.rs	xstrdup	crate::src::xmalloc	support
src/cmd_find.rs	environ_find	crate::src::environ	model
src/cmd_find.rs	cmd_mouse_window	crate::src::cmd	commands
src/cmd_find.rs	cmd_mouse_pane	crate::src::cmd	commands
src/cmd_find.rs	cmdq_get_client	crate::src::cmd_queue	commands
src/cmd_find.rs	cmdq_get_event	crate::src::cmd_queue	commands
src/cmd_find.rs	cmdq_get_current	crate::src::cmd_queue	commands
src/cmd_find.rs	cmdq_error	crate::src::cmd_queue	commands
src/cmd_find.rs	clients	crate::src::server	server
src/cmd_find.rs	marked_pane	crate::src::server	server
src/cmd_find.rs	server_check_marked	crate::src::server	server
src/cmd_find.rs	all_window_panes	crate::src::window	model
src/cmd_find.rs	winlinks_RB_NEXT	crate::src::window	model
src/cmd_find.rs	winlinks_RB_MINMAX	crate::src::window	model
src/cmd_find.rs	window_pane_tree_RB_MINMAX	crate::src::window	model
src/cmd_find.rs	window_pane_tree_RB_NEXT	crate::src::window	model
src/cmd_find.rs	winlink_find_by_index	crate::src::window	model
src/cmd_find.rs	winlink_next_by_number	crate::src::window	model
src/cmd_find.rs	winlink_previous_by_number	crate::src::window	model
src/cmd_find.rs	window_find_by_id_str	crate::src::window	model
src/cmd_find.rs	window_find_string	crate::src::window	model
src/cmd_find.rs	window_has_pane	crate::src::window	model
src/cmd_find.rs	window_pane_at_index	crate::src::window	model
src/cmd_find.rs	window_pane_next_by_number	crate::src::window	model
src/cmd_find.rs	window_pane_previous_by_number	crate::src::window	model
src/cmd_find.rs	window_pane_find_by_id_str	crate::src::window	model
src/cmd_find.rs	window_pane_find_up	crate::src::window	model
src/cmd_find.rs	window_pane_find_down	crate::src::window	model
src/cmd_find.rs	window_pane_find_left	crate::src::window	model
src/cmd_find.rs	window_pane_find_right	crate::src::window	model
src/cmd_find.rs	sessions	crate::src::session	model
src/cmd_find.rs	sessions_RB_NEXT	crate::src::session	model
src/cmd_find.rs	sessions_RB_MINMAX	crate::src::session	model
src/cmd_find.rs	session_alive	crate::src::session	model
src/cmd_find.rs	session_find	crate::src::session	model
src/cmd_find.rs	session_find_by_id_str	crate::src::session	model
src/cmd_find.rs	session_has	crate::src::session	model
src/cmd_find.rs	log_debug	crate::src::log	support
src/cmd_find.rs	fatalx	crate::src::log	support
src/cmd_find_window.rs	xcalloc	crate::src::xmalloc	support
src/cmd_find_window.rs	xasprintf	crate::src::xmalloc	support
src/cmd_find_window.rs	args_set	crate::src::arguments	commands
src/cmd_find_window.rs	args_create	crate::src::arguments	commands
src/cmd_find_window.rs	args_free	crate::src::arguments	commands
src/cmd_find_window.rs	args_has	crate::src::arguments	commands
src/cmd_find_window.rs	args_string	crate::src::arguments	commands
src/cmd_find_window.rs	cmd_get_args	crate::src::cmd	commands
src/cmd_find_window.rs	cmdq_get_target	crate::src::cmd_queue	commands
src/cmd_find_window.rs	window_pane_set_mode	crate::src::window	model
src/cmd_find_window.rs	window_tree_mode	crate::src::window_tree	terminal
src/cmd_if_shell.rs	xcalloc	crate::src::xmalloc	support
src/cmd_if_shell.rs	format_single_from_target	crate::src::format	model
src/cmd_if_shell.rs	job_run	crate::src::job	server
src/cmd_if_shell.rs	job_get_status	crate::src::job	server
src/cmd_if_shell.rs	job_get_data	crate::src::job	server
src/cmd_if_shell.rs	args_has	crate::src::arguments	commands
src/cmd_if_shell.rs	args_count	crate::src::arguments	commands
src/cmd_if_shell.rs	args_string	crate::src::arguments	commands
src/cmd_if_shell.rs	args_make_commands_now	crate::src::arguments	commands
src/cmd_if_shell.rs	args_make_commands_prepare	crate::src::arguments	commands
src/cmd_if_shell.rs	args_make_commands	crate::src::arguments	commands
src/cmd_if_shell.rs	args_make_commands_free	crate::src::arguments	commands
src/cmd_if_shell.rs	cmd_get_args	crate::src::cmd	commands
src/cmd_if_shell.rs	cmd_list_free	crate::src::cmd	commands
src/cmd_if_shell.rs	cmdq_get_client	crate::src::cmd_queue	commands
src/cmd_if_shell.rs	cmdq_get_target_client	crate::src::cmd_queue	commands
src/cmd_if_shell.rs	cmdq_get_state	crate::src::cmd_queue	commands
src/cmd_if_shell.rs	cmdq_get_target	crate::src::cmd_queue	commands
src/cmd_if_shell.rs	cmdq_get_command	crate::src::cmd_queue	commands
src/cmd_if_shell.rs	cmdq_insert_after	crate::src::cmd_queue	commands
src/cmd_if_shell.rs	cmdq_append	crate::src::cmd_queue	commands
src/cmd_if_shell.rs	cmdq_continue	crate::src::cmd_queue	commands
src/cmd_if_shell.rs	cmdq_error	crate::src::cmd_queue	commands
src/cmd_if_shell.rs	server_client_unref	crate::src::server_client	server
src/cmd_if_shell.rs	server_client_get_cwd	crate::src::server_client	server
src/cmd_if_shell.rs	status_message_set	crate::src::status	model
src/cmd_join_pane.rs	strtonum	crate::src::compat::strtonum	support
src/cmd_join_pane.rs	events_fire_window	crate::src::events	model
src/cmd_join_pane.rs	options_set_parent	crate::src::options	model
src/cmd_join_pane.rs	args_has	crate::src::arguments	commands
src/cmd_join_pane.rs	args_get	crate::src::arguments	commands
src/cmd_join_pane.rs	args_percentage_and_expand	crate::src::arguments	commands
src/cmd_join_pane.rs	cmd_find_from_session	crate::src::cmd_find	commands
src/cmd_join_pane.rs	cmd_get_entry	crate::src::cmd	commands
src/cmd_join_pane.rs	cmd_get_args	crate::src::cmd	commands
src/cmd_join_pane.rs	cmd_mouse_pane	crate::src::cmd	commands
src/cmd_join_pane.rs	cmdq_get_client	crate::src::cmd_queue	commands
src/cmd_join_pane.rs	cmdq_get_target	crate::src::cmd_queue	commands
src/cmd_join_pane.rs	cmdq_get_source	crate::src::cmd_queue	commands
src/cmd_join_pane.rs	cmdq_get_event	crate::src::cmd_queue	commands
src/cmd_join_pane.rs	cmdq_get_current	crate::src::cmd_queue	commands
src/cmd_join_pane.rs	cmdq_error	crate::src::cmd_queue	commands
src/cmd_join_pane.rs	server_client_remove_pane	crate::src::server_client	server
src/cmd_join_pane.rs	server_redraw_session	crate::src::server_fn	server
src/cmd_join_pane.rs	server_status_session	crate::src::server_fn	server
src/cmd_join_pane.rs	server_redraw_window	crate::src::server_fn	server
src/cmd_join_pane.rs	server_redraw_window_borders	crate::src::server_fn	server
src/cmd_join_pane.rs	server_kill_window	crate::src::server_fn	server
src/cmd_join_pane.rs	server_unzoom_window	crate::src::server_fn	server
src/cmd_join_pane.rs	recalculate_sizes	crate::src::resize	model
src/cmd_join_pane.rs	colour_palette_from_option	crate::src::colour	support
src/cmd_join_pane.rs	redraw_invalidate_scene	crate::src::screen_redraw	terminal
src/cmd_join_pane.rs	window_set_active_pane	crate::src::window	model
src/cmd_join_pane.rs	window_fire_pane_moved	crate::src::window	model
src/cmd_join_pane.rs	window_redraw_active_switch	crate::src::window	model
src/cmd_join_pane.rs	window_lost_pane	crate::src::window	model
src/cmd_join_pane.rs	window_count_panes	crate::src::window	model
src/cmd_join_pane.rs	window_pane_get_pane_lines	crate::src::window	model
src/cmd_join_pane.rs	window_pane_is_floating	crate::src::window	model
src/cmd_join_pane.rs	layout_fix_offsets	crate::src::layout	terminal
src/cmd_join_pane.rs	layout_fix_panes	crate::src::layout	terminal
src/cmd_join_pane.rs	layout_assign_pane	crate::src::layout	terminal
src/cmd_join_pane.rs	layout_close_pane	crate::src::layout	terminal
src/cmd_join_pane.rs	layout_get_tiled_cell	crate::src::layout	terminal
src/cmd_join_pane.rs	layout_insert_tile	crate::src::layout	terminal
src/cmd_join_pane.rs	session_select	crate::src::session	model
src/cmd_kill_pane.rs	format_true	crate::src::format	model
src/cmd_kill_pane.rs	format_create	crate::src::format	model
src/cmd_kill_pane.rs	format_free	crate::src::format	model
src/cmd_kill_pane.rs	format_expand	crate::src::format	model
src/cmd_kill_pane.rs	format_defaults	crate::src::format	model
src/cmd_kill_pane.rs	args_has	crate::src::arguments	commands
src/cmd_kill_pane.rs	args_get	crate::src::arguments	commands
src/cmd_kill_pane.rs	cmd_get_args	crate::src::cmd	commands
src/cmd_kill_pane.rs	cmdq_get_client	crate::src::cmd_queue	commands
src/cmd_kill_pane.rs	cmdq_get_target	crate::src::cmd_queue	commands
src/cmd_kill_pane.rs	cmdq_error	crate::src::cmd_queue	commands
src/cmd_kill_pane.rs	server_client_remove_pane	crate::src::server_client	server
src/cmd_kill_pane.rs	server_redraw_window	crate::src::server_fn	server
src/cmd_kill_pane.rs	server_kill_pane	crate::src::server_fn	server
src/cmd_kill_pane.rs	server_unzoom_window	crate::src::server_fn	server
src/cmd_kill_pane.rs	window_remove_pane	crate::src::window	model
src/cmd_kill_pane.rs	layout_close_pane	crate::src::layout	terminal
src/cmd_kill_server.rs	cmd_get_entry	crate::src::cmd	commands
src/cmd_kill_session.rs	format_true	crate::src::format	model
src/cmd_kill_session.rs	format_create	crate::src::format	model
src/cmd_kill_session.rs	format_free	crate::src::format	model
src/cmd_kill_session.rs	format_expand	crate::src::format	model
src/cmd_kill_session.rs	format_defaults	crate::src::format	model
src/cmd_kill_session.rs	args_has	crate::src::arguments	commands
src/cmd_kill_session.rs	args_get	crate::src::arguments	commands
src/cmd_kill_session.rs	cmd_get_args	crate::src::cmd	commands
src/cmd_kill_session.rs	cmdq_get_client	crate::src::cmd_queue	commands
src/cmd_kill_session.rs	cmdq_get_target	crate::src::cmd_queue	commands
src/cmd_kill_session.rs	cmdq_error	crate::src::cmd_queue	commands
src/cmd_kill_session.rs	server_redraw_session	crate::src::server_fn	server
src/cmd_kill_session.rs	server_destroy_session	crate::src::server_fn	server
src/cmd_kill_session.rs	winlinks_RB_MINMAX	crate::src::window	model
src/cmd_kill_session.rs	winlinks_RB_NEXT	crate::src::window	model
src/cmd_kill_session.rs	sessions	crate::src::session	model
src/cmd_kill_session.rs	sessions_RB_MINMAX	crate::src::session	model
src/cmd_kill_session.rs	sessions_RB_NEXT	crate::src::session	model
src/cmd_kill_session.rs	session_destroy	crate::src::session	model
src/cmd_kill_session.rs	session_group_contains	crate::src::session	model
src/cmd_kill_window.rs	format_true	crate::src::format	model
src/cmd_kill_window.rs	format_create	crate::src::format	model
src/cmd_kill_window.rs	format_free	crate::src::format	model
src/cmd_kill_window.rs	format_expand	crate::src::format	model
src/cmd_kill_window.rs	format_defaults	crate::src::format	model
src/cmd_kill_window.rs	args_has	crate::src::arguments	commands
src/cmd_kill_window.rs	args_get	crate::src::arguments	commands
src/cmd_kill_window.rs	cmd_get_entry	crate::src::cmd	commands
src/cmd_kill_window.rs	cmd_get_args	crate::src::cmd	commands
src/cmd_kill_window.rs	cmdq_get_client	crate::src::cmd_queue	commands
src/cmd_kill_window.rs	cmdq_get_target	crate::src::cmd_queue	commands
src/cmd_kill_window.rs	cmdq_error	crate::src::cmd_queue	commands
src/cmd_kill_window.rs	server_kill_window	crate::src::server_fn	server
src/cmd_kill_window.rs	server_renumber_all	crate::src::server_fn	server
src/cmd_kill_window.rs	server_unlink_window	crate::src::server_fn	server
src/cmd_kill_window.rs	recalculate_sizes	crate::src::resize	model
src/cmd_kill_window.rs	winlinks_RB_NEXT	crate::src::window	model
src/cmd_kill_window.rs	winlinks_RB_MINMAX	crate::src::window	model
src/cmd_kill_window.rs	winlinks_RB_PREV	crate::src::window	model
src/cmd_kill_window.rs	session_is_linked	crate::src::session	model
src/cmd_list_buffers.rs	sort_order_from_string	crate::src::sort	model
src/cmd_list_buffers.rs	sort_get_buffers	crate::src::sort	model
src/cmd_list_buffers.rs	format_true	crate::src::format	model
src/cmd_list_buffers.rs	format_create	crate::src::format	model
src/cmd_list_buffers.rs	format_free	crate::src::format	model
src/cmd_list_buffers.rs	format_expand	crate::src::format	model
src/cmd_list_buffers.rs	format_defaults_paste_buffer	crate::src::format	model
src/cmd_list_buffers.rs	args_has	crate::src::arguments	commands
src/cmd_list_buffers.rs	args_get	crate::src::arguments	commands
src/cmd_list_buffers.rs	cmd_get_args	crate::src::cmd	commands
src/cmd_list_buffers.rs	cmdq_get_client	crate::src::cmd_queue	commands
src/cmd_list_buffers.rs	cmdq_print	crate::src::cmd_queue	commands
src/cmd_list_buffers.rs	cmdq_error	crate::src::cmd_queue	commands
src/cmd_list_clients.rs	sort_order_from_string	crate::src::sort	model
src/cmd_list_clients.rs	sort_get_clients	crate::src::sort	model
src/cmd_list_clients.rs	format_true	crate::src::format	model
src/cmd_list_clients.rs	format_create	crate::src::format	model
src/cmd_list_clients.rs	format_free	crate::src::format	model
src/cmd_list_clients.rs	format_add	crate::src::format	model
src/cmd_list_clients.rs	format_expand	crate::src::format	model
src/cmd_list_clients.rs	format_defaults	crate::src::format	model
src/cmd_list_clients.rs	args_has	crate::src::arguments	commands
src/cmd_list_clients.rs	args_get	crate::src::arguments	commands
src/cmd_list_clients.rs	cmd_get_args	crate::src::cmd	commands
src/cmd_list_clients.rs	cmdq_get_client	crate::src::cmd_queue	commands
src/cmd_list_clients.rs	cmdq_get_target	crate::src::cmd_queue	commands
src/cmd_list_clients.rs	cmdq_print	crate::src::cmd_queue	commands
src/cmd_list_clients.rs	cmdq_error	crate::src::cmd_queue	commands
src/cmd_list_commands.rs	format_create	crate::src::format	model
src/cmd_list_commands.rs	format_free	crate::src::format	model
src/cmd_list_commands.rs	format_add	crate::src::format	model
src/cmd_list_commands.rs	format_expand	crate::src::format	model
src/cmd_list_commands.rs	format_defaults	crate::src::format	model
src/cmd_list_commands.rs	args_get	crate::src::arguments	commands
src/cmd_list_commands.rs	args_string	crate::src::arguments	commands
src/cmd_list_commands.rs	cmd_table	crate::src::cmd	commands
src/cmd_list_commands.rs	cmd_find	crate::src::cmd	commands
src/cmd_list_commands.rs	cmd_get_args	crate::src::cmd	commands
src/cmd_list_commands.rs	cmdq_get_client	crate::src::cmd_queue	commands
src/cmd_list_commands.rs	cmdq_print	crate::src::cmd_queue	commands
src/cmd_list_commands.rs	cmdq_error	crate::src::cmd_queue	commands
src/cmd_list_keys.rs	xreallocarray	crate::src::xmalloc	support
src/cmd_list_keys.rs	xstrdup	crate::src::xmalloc	support
src/cmd_list_keys.rs	global_s_options	crate::src::tmux	server
src/cmd_list_keys.rs	sort_order_from_string	crate::src::sort	model
src/cmd_list_keys.rs	sort_get_key_bindings	crate::src::sort	model
src/cmd_list_keys.rs	sort_get_key_bindings_table	crate::src::sort	model
src/cmd_list_keys.rs	format_create	crate::src::format	model
src/cmd_list_keys.rs	format_free	crate::src::format	model
src/cmd_list_keys.rs	format_add	crate::src::format	model
src/cmd_list_keys.rs	format_expand	crate::src::format	model
src/cmd_list_keys.rs	format_defaults	crate::src::format	model
src/cmd_list_keys.rs	options_get_number	crate::src::options	model
src/cmd_list_keys.rs	args_has	crate::src::arguments	commands
src/cmd_list_keys.rs	args_get	crate::src::arguments	commands
src/cmd_list_keys.rs	args_string	crate::src::arguments	commands
src/cmd_list_keys.rs	cmd_get_args	crate::src::cmd	commands
src/cmd_list_keys.rs	cmd_list_print	crate::src::cmd	commands
src/cmd_list_keys.rs	cmdq_get_client	crate::src::cmd_queue	commands
src/cmd_list_keys.rs	cmdq_get_target_client	crate::src::cmd_queue	commands
src/cmd_list_keys.rs	cmdq_print	crate::src::cmd_queue	commands
src/cmd_list_keys.rs	cmdq_error	crate::src::cmd_queue	commands
src/cmd_list_keys.rs	key_bindings_get_table	crate::src::key_bindings	model
src/cmd_list_keys.rs	key_bindings_has_repeat	crate::src::key_bindings	model
src/cmd_list_keys.rs	key_string_lookup_string	crate::src::key_string	model
src/cmd_list_keys.rs	key_string_lookup_key	crate::src::key_string	model
src/cmd_list_keys.rs	status_message_set	crate::src::status	model
src/cmd_list_keys.rs	utf8_cstrwidth	crate::src::utf8	support
src/cmd_list_panes.rs	sort_order_from_string	crate::src::sort	model
src/cmd_list_panes.rs	sort_get_panes_window	crate::src::sort	model
src/cmd_list_panes.rs	format_true	crate::src::format	model
src/cmd_list_panes.rs	format_create	crate::src::format	model
src/cmd_list_panes.rs	format_free	crate::src::format	model
src/cmd_list_panes.rs	format_add	crate::src::format	model
src/cmd_list_panes.rs	format_expand	crate::src::format	model
src/cmd_list_panes.rs	format_defaults	crate::src::format	model
src/cmd_list_panes.rs	args_has	crate::src::arguments	commands
src/cmd_list_panes.rs	args_get	crate::src::arguments	commands
src/cmd_list_panes.rs	cmd_get_args	crate::src::cmd	commands
src/cmd_list_panes.rs	cmdq_get_client	crate::src::cmd_queue	commands
src/cmd_list_panes.rs	cmdq_get_target	crate::src::cmd_queue	commands
src/cmd_list_panes.rs	cmdq_print	crate::src::cmd_queue	commands
src/cmd_list_panes.rs	cmdq_error	crate::src::cmd_queue	commands
src/cmd_list_panes.rs	winlinks_RB_NEXT	crate::src::window	model
src/cmd_list_panes.rs	winlinks_RB_MINMAX	crate::src::window	model
src/cmd_list_panes.rs	sessions	crate::src::session	model
src/cmd_list_panes.rs	sessions_RB_NEXT	crate::src::session	model
src/cmd_list_panes.rs	sessions_RB_MINMAX	crate::src::session	model
src/cmd_list_sessions.rs	sort_order_from_string	crate::src::sort	model
src/cmd_list_sessions.rs	sort_get_sessions	crate::src::sort	model
src/cmd_list_sessions.rs	format_true	crate::src::format	model
src/cmd_list_sessions.rs	format_create	crate::src::format	model
src/cmd_list_sessions.rs	format_free	crate::src::format	model
src/cmd_list_sessions.rs	format_add	crate::src::format	model
src/cmd_list_sessions.rs	format_expand	crate::src::format	model
src/cmd_list_sessions.rs	format_defaults	crate::src::format	model
src/cmd_list_sessions.rs	args_has	crate::src::arguments	commands
src/cmd_list_sessions.rs	args_get	crate::src::arguments	commands
src/cmd_list_sessions.rs	cmd_get_args	crate::src::cmd	commands
src/cmd_list_sessions.rs	cmdq_get_client	crate::src::cmd_queue	commands
src/cmd_list_sessions.rs	cmdq_print	crate::src::cmd_queue	commands
src/cmd_list_sessions.rs	cmdq_error	crate::src::cmd_queue	commands
src/cmd_list_windows.rs	sort_order_from_string	crate::src::sort	model
src/cmd_list_windows.rs	sort_get_winlinks	crate::src::sort	model
src/cmd_list_windows.rs	sort_get_winlinks_session	crate::src::sort	model
src/cmd_list_windows.rs	format_true	crate::src::format	model
src/cmd_list_windows.rs	format_create	crate::src::format	model
src/cmd_list_windows.rs	format_free	crate::src::format	model
src/cmd_list_windows.rs	format_add	crate::src::format	model
src/cmd_list_windows.rs	format_expand	crate::src::format	model
src/cmd_list_windows.rs	format_defaults	crate::src::format	model
src/cmd_list_windows.rs	args_has	crate::src::arguments	commands
src/cmd_list_windows.rs	args_get	crate::src::arguments	commands
src/cmd_list_windows.rs	cmd_get_args	crate::src::cmd	commands
src/cmd_list_windows.rs	cmdq_get_client	crate::src::cmd_queue	commands
src/cmd_list_windows.rs	cmdq_get_target	crate::src::cmd_queue	commands
src/cmd_list_windows.rs	cmdq_print	crate::src::cmd_queue	commands
src/cmd_list_windows.rs	cmdq_error	crate::src::cmd_queue	commands
src/cmd_load_buffer.rs	xmalloc	crate::src::xmalloc	support
src/cmd_load_buffer.rs	xcalloc	crate::src::xmalloc	support
src/cmd_load_buffer.rs	xstrdup	crate::src::xmalloc	support
src/cmd_load_buffer.rs	paste_set	crate::src::paste	model
src/cmd_load_buffer.rs	format_single_from_target	crate::src::format	model
src/cmd_load_buffer.rs	tty_set_selection	crate::src::tty	terminal
src/cmd_load_buffer.rs	args_has	crate::src::arguments	commands
src/cmd_load_buffer.rs	args_get	crate::src::arguments	commands
src/cmd_load_buffer.rs	args_string	crate::src::arguments	commands
src/cmd_load_buffer.rs	cmd_get_args	crate::src::cmd	commands
src/cmd_load_buffer.rs	cmdq_get_client	crate::src::cmd_queue	commands
src/cmd_load_buffer.rs	cmdq_get_target_client	crate::src::cmd_queue	commands
src/cmd_load_buffer.rs	cmdq_continue	crate::src::cmd_queue	commands
src/cmd_load_buffer.rs	cmdq_error	crate::src::cmd_queue	commands
src/cmd_load_buffer.rs	file_read	crate::src::file	server
src/cmd_load_buffer.rs	server_client_unref	crate::src::server_client	server
src/cmd_lock_server.rs	cmd_get_entry	crate::src::cmd	commands
src/cmd_lock_server.rs	cmdq_get_target_client	crate::src::cmd_queue	commands
src/cmd_lock_server.rs	cmdq_get_target	crate::src::cmd_queue	commands
src/cmd_lock_server.rs	server_lock	crate::src::server_fn	server
src/cmd_lock_server.rs	server_lock_session	crate::src::server_fn	server
src/cmd_lock_server.rs	server_lock_client	crate::src::server_fn	server
src/cmd_lock_server.rs	recalculate_sizes	crate::src::resize	model
src/cmd_move_window.rs	options_get_number	crate::src::options	model
src/cmd_move_window.rs	args_has	crate::src::arguments	commands
src/cmd_move_window.rs	args_get	crate::src::arguments	commands
src/cmd_move_window.rs	cmd_find_target	crate::src::cmd_find	commands
src/cmd_move_window.rs	cmd_get_entry	crate::src::cmd	commands
src/cmd_move_window.rs	cmd_get_args	crate::src::cmd	commands
src/cmd_move_window.rs	cmdq_get_source	crate::src::cmd_queue	commands
src/cmd_move_window.rs	cmdq_error	crate::src::cmd_queue	commands
src/cmd_move_window.rs	server_status_session	crate::src::server_fn	server
src/cmd_move_window.rs	server_link_window	crate::src::server_fn	server
src/cmd_move_window.rs	server_unlink_window	crate::src::server_fn	server
src/cmd_move_window.rs	recalculate_sizes	crate::src::resize	model
src/cmd_move_window.rs	winlink_shuffle_up	crate::src::window	model
src/cmd_move_window.rs	session_renumber_windows	crate::src::session	model
src/cmd_new_session.rs	strtonum	crate::src::compat::strtonum	support
src/cmd_new_session.rs	xstrdup	crate::src::xmalloc	support
src/cmd_new_session.rs	global_s_options	crate::src::tmux	server
src/cmd_new_session.rs	clean_name	crate::src::tmux	server
src/cmd_new_session.rs	check_name	crate::src::tmux	server
src/cmd_new_session.rs	proc_send	crate::src::proc	server
src/cmd_new_session.rs	cfg_finished	crate::src::cfg	commands
src/cmd_new_session.rs	cfg_show_causes	crate::src::cfg	commands
src/cmd_new_session.rs	format_single	crate::src::format	model
src/cmd_new_session.rs	events_fire_session	crate::src::events	model
src/cmd_new_session.rs	options_create	crate::src::options	model
src/cmd_new_session.rs	options_get_string	crate::src::options	model
src/cmd_new_session.rs	options_get_number	crate::src::options	model
src/cmd_new_session.rs	options_set_string	crate::src::options	model
src/cmd_new_session.rs	environ_create	crate::src::environ	model
src/cmd_new_session.rs	environ_put	crate::src::environ	model
src/cmd_new_session.rs	environ_update	crate::src::environ	model
src/cmd_new_session.rs	args_to_vector	crate::src::arguments	commands
src/cmd_new_session.rs	args_has	crate::src::arguments	commands
src/cmd_new_session.rs	args_get	crate::src::arguments	commands
src/cmd_new_session.rs	args_count	crate::src::arguments	commands
src/cmd_new_session.rs	args_first_value	crate::src::arguments	commands
src/cmd_new_session.rs	args_next_value	crate::src::arguments	commands
src/cmd_new_session.rs	cmd_find_from_session	crate::src::cmd_find	commands
src/cmd_new_session.rs	cmd_free_argv	crate::src::cmd	commands
src/cmd_new_session.rs	cmd_get_entry	crate::src::cmd	commands
src/cmd_new_session.rs	cmd_get_args	crate::src::cmd	commands
src/cmd_new_session.rs	cmd_attach_session	crate::src::cmd_attach_session	commands
src/cmd_new_session.rs	cmdq_get_client	crate::src::cmd_queue	commands
src/cmd_new_session.rs	cmdq_get_target	crate::src::cmd_queue	commands
src/cmd_new_session.rs	cmdq_get_current	crate::src::cmd_queue	commands
src/cmd_new_session.rs	cmdq_get_flags	crate::src::cmd_queue	commands
src/cmd_new_session.rs	cmdq_insert_hook	crate::src::cmd_queue	commands
src/cmd_new_session.rs	cmdq_print	crate::src::cmd_queue	commands
src/cmd_new_session.rs	cmdq_error	crate::src::cmd_queue	commands
src/cmd_new_session.rs	server_client_set_key_table	crate::src::server_client	server
src/cmd_new_session.rs	server_client_check_nested	crate::src::server_client	server
src/cmd_new_session.rs	server_client_open	crate::src::server_client	server
src/cmd_new_session.rs	server_client_set_session	crate::src::server_client	server
src/cmd_new_session.rs	server_client_get_cwd	crate::src::server_client	server
src/cmd_new_session.rs	server_client_set_flags	crate::src::server_client	server
src/cmd_new_session.rs	winlinks_RB_MINMAX	crate::src::window	model
src/cmd_new_session.rs	session_find	crate::src::session	model
src/cmd_new_session.rs	session_create	crate::src::session	model
src/cmd_new_session.rs	session_destroy	crate::src::session	model
src/cmd_new_session.rs	session_select	crate::src::session	model
src/cmd_new_session.rs	session_group_contains	crate::src::session	model
src/cmd_new_session.rs	session_group_find	crate::src::session	model
src/cmd_new_session.rs	session_group_new	crate::src::session	model
src/cmd_new_session.rs	session_group_add	crate::src::session	model
src/cmd_new_session.rs	session_group_synchronize_to	crate::src::session	model
src/cmd_new_session.rs	fatal	crate::src::log	support
src/cmd_new_session.rs	spawn_window	crate::src::spawn	server
src/cmd_new_window.rs	clean_name	crate::src::tmux	server
src/cmd_new_window.rs	check_name	crate::src::tmux	server
src/cmd_new_window.rs	format_single	crate::src::format	model
src/cmd_new_window.rs	environ_create	crate::src::environ	model
src/cmd_new_window.rs	environ_free	crate::src::environ	model
src/cmd_new_window.rs	environ_put	crate::src::environ	model
src/cmd_new_window.rs	args_to_vector	crate::src::arguments	commands
src/cmd_new_window.rs	args_has	crate::src::arguments	commands
src/cmd_new_window.rs	args_get	crate::src::arguments	commands
src/cmd_new_window.rs	args_count	crate::src::arguments	commands
src/cmd_new_window.rs	args_string	crate::src::arguments	commands
src/cmd_new_window.rs	args_first_value	crate::src::arguments	commands
src/cmd_new_window.rs	args_next_value	crate::src::arguments	commands
src/cmd_new_window.rs	cmd_find_from_winlink	crate::src::cmd_find	commands
src/cmd_new_window.rs	cmd_free_argv	crate::src::cmd	commands
src/cmd_new_window.rs	cmd_get_args	crate::src::cmd	commands
src/cmd_new_window.rs	cmdq_get_client	crate::src::cmd_queue	commands
src/cmd_new_window.rs	cmdq_get_target_client	crate::src::cmd_queue	commands
src/cmd_new_window.rs	cmdq_get_target	crate::src::cmd_queue	commands
src/cmd_new_window.rs	cmdq_get_current	crate::src::cmd_queue	commands
src/cmd_new_window.rs	cmdq_insert_hook	crate::src::cmd_queue	commands
src/cmd_new_window.rs	cmdq_print	crate::src::cmd_queue	commands
src/cmd_new_window.rs	cmdq_error	crate::src::cmd_queue	commands
src/cmd_new_window.rs	server_redraw_session	crate::src::server_fn	server
src/cmd_new_window.rs	server_redraw_session_group	crate::src::server_fn	server
src/cmd_new_window.rs	server_status_session_group	crate::src::server_fn	server
src/cmd_new_window.rs	recalculate_sizes	crate::src::resize	model
src/cmd_new_window.rs	winlinks_RB_MINMAX	crate::src::window	model
src/cmd_new_window.rs	winlinks_RB_NEXT	crate::src::window	model
src/cmd_new_window.rs	winlink_find_by_index	crate::src::window	model
src/cmd_new_window.rs	winlink_shuffle_up	crate::src::window	model
src/cmd_new_window.rs	session_set_current	crate::src::session	model
src/cmd_new_window.rs	spawn_window	crate::src::spawn	server
src/cmd_parse.rs	xmalloc	crate::src::xmalloc	support
src/cmd_parse.rs	xcalloc	crate::src::xmalloc	support
src/cmd_parse.rs	xrealloc	crate::src::xmalloc	support
src/cmd_parse.rs	xrecallocarray	crate::src::xmalloc	support
src/cmd_parse.rs	xstrdup	crate::src::xmalloc	support
src/cmd_parse.rs	xasprintf	crate::src::xmalloc	support
src/cmd_parse.rs	xvasprintf	crate::src::xmalloc	support
src/cmd_parse.rs	global_environ	crate::src::tmux	server
src/cmd_parse.rs	format_true	crate::src::format	model
src/cmd_parse.rs	format_create	crate::src::format	model
src/cmd_parse.rs	format_free	crate::src::format	model
src/cmd_parse.rs	format_expand	crate::src::format	model
src/cmd_parse.rs	format_defaults	crate::src::format	model
src/cmd_parse.rs	environ_find	crate::src::environ	model
src/cmd_parse.rs	environ_put	crate::src::environ	model
src/cmd_parse.rs	args_free_value	crate::src::arguments	commands
src/cmd_parse.rs	cmd_find_valid_state	crate::src::cmd_find	commands
src/cmd_parse.rs	cmd_find_from_client	crate::src::cmd_find	commands
src/cmd_parse.rs	cmd_get_alias	crate::src::cmd	commands
src/cmd_parse.rs	cmd_parse	crate::src::cmd	commands
src/cmd_parse.rs	cmd_list_new	crate::src::cmd	commands
src/cmd_parse.rs	cmd_list_append	crate::src::cmd	commands
src/cmd_parse.rs	cmd_list_append_all	crate::src::cmd	commands
src/cmd_parse.rs	cmd_list_move	crate::src::cmd	commands
src/cmd_parse.rs	cmd_list_free	crate::src::cmd	commands
src/cmd_parse.rs	cmd_list_print	crate::src::cmd	commands
src/cmd_parse.rs	cmdq_get_command	crate::src::cmd_queue	commands
src/cmd_parse.rs	cmdq_insert_after	crate::src::cmd_queue	commands
src/cmd_parse.rs	cmdq_append	crate::src::cmd_queue	commands
src/cmd_parse.rs	cmdq_print	crate::src::cmd_queue	commands
src/cmd_parse.rs	log_debug	crate::src::log	support
src/cmd_parse.rs	fatalx	crate::src::log	support
src/cmd_paste_buffer.rs	paste_buffer_data	crate::src::paste	model
src/cmd_paste_buffer.rs	paste_get_top	crate::src::paste	model
src/cmd_paste_buffer.rs	paste_get_name	crate::src::paste	model
src/cmd_paste_buffer.rs	paste_free	crate::src::paste	model
src/cmd_paste_buffer.rs	args_has	crate::src::arguments	commands
src/cmd_paste_buffer.rs	args_get	crate::src::arguments	commands
src/cmd_paste_buffer.rs	cmd_get_args	crate::src::cmd	commands
src/cmd_paste_buffer.rs	cmdq_get_target	crate::src::cmd_queue	commands
src/cmd_paste_buffer.rs	cmdq_error	crate::src::cmd_queue	commands
src/cmd_paste_buffer.rs	window_pane_exited	crate::src::window	model
src/cmd_paste_buffer.rs	utf8_stravisx	crate::src::utf8	support
src/cmd_pipe_pane.rs	setblocking	crate::src::tmux	server
src/cmd_pipe_pane.rs	proc_clear_signals	crate::src::proc	server
src/cmd_pipe_pane.rs	format_create	crate::src::format	model
src/cmd_pipe_pane.rs	format_free	crate::src::format	model
src/cmd_pipe_pane.rs	format_expand_time	crate::src::format	model
src/cmd_pipe_pane.rs	format_defaults	crate::src::format	model
src/cmd_pipe_pane.rs	args_has	crate::src::arguments	commands
src/cmd_pipe_pane.rs	args_count	crate::src::arguments	commands
src/cmd_pipe_pane.rs	args_string	crate::src::arguments	commands
src/cmd_pipe_pane.rs	cmd_get_args	crate::src::cmd	commands
src/cmd_pipe_pane.rs	cmdq_get_client	crate::src::cmd_queue	commands
src/cmd_pipe_pane.rs	cmdq_get_target_client	crate::src::cmd_queue	commands
src/cmd_pipe_pane.rs	cmdq_get_target	crate::src::cmd_queue	commands
src/cmd_pipe_pane.rs	cmdq_error	crate::src::cmd_queue	commands
src/cmd_pipe_pane.rs	server_proc	crate::src::server	server
src/cmd_pipe_pane.rs	server_destroy_pane	crate::src::server_fn	server
src/cmd_pipe_pane.rs	window_pane_destroy_ready	crate::src::window	model
src/cmd_pipe_pane.rs	window_pane_exited	crate::src::window	model
src/cmd_pipe_pane.rs	log_debug	crate::src::log	support
src/cmd_pipe_pane.rs	fatalx	crate::src::log	support
src/cmd_queue.rs	xcalloc	crate::src::xmalloc	support
src/cmd_queue.rs	xstrdup	crate::src::xmalloc	support
src/cmd_queue.rs	xasprintf	crate::src::xmalloc	support
src/cmd_queue.rs	xvasprintf	crate::src::xmalloc	support
src/cmd_queue.rs	xsnprintf	crate::src::xmalloc	support
src/cmd_queue.rs	proc_get_peer_uid	crate::src::proc	server
src/cmd_queue.rs	cfg_finished	crate::src::cfg	commands
src/cmd_queue.rs	cfg_add_cause	crate::src::cfg	commands
src/cmd_queue.rs	format_create	crate::src::format	model
src/cmd_queue.rs	format_free	crate::src::format	model
src/cmd_queue.rs	format_merge	crate::src::format	model
src/cmd_queue.rs	format_add	crate::src::format	model
src/cmd_queue.rs	event_payload_create	crate::src::events_payload	model
src/cmd_queue.rs	event_payload_set_target	crate::src::events_payload	model
src/cmd_queue.rs	event_payload_set_string	crate::src::events_payload	model
src/cmd_queue.rs	event_payload_set_pointer	crate::src::events_payload	model
src/cmd_queue.rs	events_fire	crate::src::events	model
src/cmd_queue.rs	args_print	crate::src::arguments	commands
src/cmd_queue.rs	args_get	crate::src::arguments	commands
src/cmd_queue.rs	args_first	crate::src::arguments	commands
src/cmd_queue.rs	args_next	crate::src::arguments	commands
src/cmd_queue.rs	args_count	crate::src::arguments	commands
src/cmd_queue.rs	args_string	crate::src::arguments	commands
src/cmd_queue.rs	args_first_value	crate::src::arguments	commands
src/cmd_queue.rs	args_next_value	crate::src::arguments	commands
src/cmd_queue.rs	cmd_find_target	crate::src::cmd_find	commands
src/cmd_queue.rs	cmd_find_client	crate::src::cmd_find	commands
src/cmd_queue.rs	cmd_find_clear_state	crate::src::cmd_find	commands
src/cmd_queue.rs	cmd_find_valid_state	crate::src::cmd_find	commands
src/cmd_queue.rs	cmd_find_copy_state	crate::src::cmd_find	commands
src/cmd_queue.rs	cmd_find_from_client	crate::src::cmd_find	commands
src/cmd_queue.rs	cmd_get_entry	crate::src::cmd	commands
src/cmd_queue.rs	cmd_get_args	crate::src::cmd	commands
src/cmd_queue.rs	cmd_get_group	crate::src::cmd	commands
src/cmd_queue.rs	cmd_get_source	crate::src::cmd	commands
src/cmd_queue.rs	cmd_print	crate::src::cmd	commands
src/cmd_queue.rs	cmd_list_free	crate::src::cmd	commands
src/cmd_queue.rs	cmd_list_first	crate::src::cmd	commands
src/cmd_queue.rs	cmd_list_next	crate::src::cmd	commands
src/cmd_queue.rs	key_string_lookup_key	crate::src::key_string	model
src/cmd_queue.rs	file_error	crate::src::file	server
src/cmd_queue.rs	server_add_message	crate::src::server	server
src/cmd_queue.rs	server_client_unref	crate::src::server_client	server
src/cmd_queue.rs	server_client_print	crate::src::server_client	server
src/cmd_queue.rs	status_message_set	crate::src::status	model
src/cmd_queue.rs	control_write	crate::src::control	server
src/cmd_queue.rs	control_write_guard	crate::src::control	server
src/cmd_queue.rs	utf8_sanitize	crate::src::utf8	support
src/cmd_queue.rs	log_get_level	crate::src::log	support
src/cmd_queue.rs	log_debug	crate::src::log	support
src/cmd_queue.rs	fatalx	crate::src::log	support
src/cmd_refresh_client.rs	strtonum	crate::src::compat::strtonum	support
src/cmd_refresh_client.rs	xstrdup	crate::src::xmalloc	support
src/cmd_refresh_client.rs	tty_update_client_offset	crate::src::tty	terminal
src/cmd_refresh_client.rs	tty_clipboard_query	crate::src::tty	terminal
src/cmd_refresh_client.rs	tty_set_size	crate::src::tty	terminal
src/cmd_refresh_client.rs	tty_keys_colours	crate::src::tty_keys	terminal
src/cmd_refresh_client.rs	args_has	crate::src::arguments	commands
src/cmd_refresh_client.rs	args_get	crate::src::arguments	commands
src/cmd_refresh_client.rs	args_count	crate::src::arguments	commands
src/cmd_refresh_client.rs	args_string	crate::src::arguments	commands
src/cmd_refresh_client.rs	args_first_value	crate::src::arguments	commands
src/cmd_refresh_client.rs	args_next_value	crate::src::arguments	commands
src/cmd_refresh_client.rs	cmd_get_args	crate::src::cmd	commands
src/cmd_refresh_client.rs	cmdq_get_target_client	crate::src::cmd_queue	commands
src/cmd_refresh_client.rs	cmdq_error	crate::src::cmd_queue	commands
src/cmd_refresh_client.rs	server_client_set_flags	crate::src::server_client	server
src/cmd_refresh_client.rs	server_redraw_client	crate::src::server_fn	server
src/cmd_refresh_client.rs	server_status_client	crate::src::server_fn	server
src/cmd_refresh_client.rs	recalculate_sizes_now	crate::src::resize	model
src/cmd_refresh_client.rs	window_pane_find_by_id	crate::src::window	model
src/cmd_refresh_client.rs	monitor_parse	crate::src::monitor	model
src/cmd_refresh_client.rs	control_set_pane_on	crate::src::control	server
src/cmd_refresh_client.rs	control_set_pane_off	crate::src::control	server
src/cmd_refresh_client.rs	control_continue_pane	crate::src::control	server
src/cmd_refresh_client.rs	control_pause_pane	crate::src::control	server
src/cmd_refresh_client.rs	control_set_window_size	crate::src::control	server
src/cmd_refresh_client.rs	control_clear_window_size	crate::src::control	server
src/cmd_refresh_client.rs	control_add_sub	crate::src::control	server
src/cmd_refresh_client.rs	control_remove_sub	crate::src::control	server
src/cmd_refresh_client.rs	log_debug	crate::src::log	support
src/cmd_rename_session.rs	clean_name	crate::src::tmux	server
src/cmd_rename_session.rs	check_name	crate::src::tmux	server
src/cmd_rename_session.rs	format_single_from_target	crate::src::format	model
src/cmd_rename_session.rs	event_payload_create	crate::src::events_payload	model
src/cmd_rename_session.rs	event_payload_set_target	crate::src::events_payload	model
src/cmd_rename_session.rs	event_payload_set_string	crate::src::events_payload	model
src/cmd_rename_session.rs	event_payload_set_session	crate::src::events_payload	model
src/cmd_rename_session.rs	events_fire	crate::src::events	model
src/cmd_rename_session.rs	args_string	crate::src::arguments	commands
src/cmd_rename_session.rs	cmd_find_from_session	crate::src::cmd_find	commands
src/cmd_rename_session.rs	cmd_get_args	crate::src::cmd	commands
src/cmd_rename_session.rs	cmdq_get_target	crate::src::cmd_queue	commands
src/cmd_rename_session.rs	cmdq_error	crate::src::cmd_queue	commands
src/cmd_rename_session.rs	server_status_session	crate::src::server_fn	server
src/cmd_rename_session.rs	sessions	crate::src::session	model
src/cmd_rename_session.rs	sessions_RB_INSERT	crate::src::session	model
src/cmd_rename_session.rs	sessions_RB_REMOVE	crate::src::session	model
src/cmd_rename_session.rs	session_find	crate::src::session	model
src/cmd_rename_window.rs	check_name	crate::src::tmux	server
src/cmd_rename_window.rs	format_single_from_target	crate::src::format	model
src/cmd_rename_window.rs	options_set_number	crate::src::options	model
src/cmd_rename_window.rs	args_string	crate::src::arguments	commands
src/cmd_rename_window.rs	cmd_get_args	crate::src::cmd	commands
src/cmd_rename_window.rs	cmdq_get_target	crate::src::cmd_queue	commands
src/cmd_rename_window.rs	cmdq_error	crate::src::cmd_queue	commands
src/cmd_rename_window.rs	server_redraw_window_borders	crate::src::server_fn	server
src/cmd_rename_window.rs	server_status_window	crate::src::server_fn	server
src/cmd_rename_window.rs	window_set_name	crate::src::window	model
src/cmd_resize_pane.rs	strtonum	crate::src::compat::strtonum	support
src/cmd_resize_pane.rs	events_fire_window	crate::src::events	model
src/cmd_resize_pane.rs	args_has	crate::src::arguments	commands
src/cmd_resize_pane.rs	args_get	crate::src::arguments	commands
src/cmd_resize_pane.rs	args_count	crate::src::arguments	commands
src/cmd_resize_pane.rs	args_string	crate::src::arguments	commands
src/cmd_resize_pane.rs	args_percentage	crate::src::arguments	commands
src/cmd_resize_pane.rs	cmd_get_args	crate::src::cmd	commands
src/cmd_resize_pane.rs	cmd_mouse_window	crate::src::cmd	commands
src/cmd_resize_pane.rs	cmd_mouse_pane	crate::src::cmd	commands
src/cmd_resize_pane.rs	cmdq_get_client	crate::src::cmd_queue	commands
src/cmd_resize_pane.rs	cmdq_get_target	crate::src::cmd_queue	commands
src/cmd_resize_pane.rs	cmdq_get_event	crate::src::cmd_queue	commands
src/cmd_resize_pane.rs	cmdq_error	crate::src::cmd_queue	commands
src/cmd_resize_pane.rs	server_redraw_window	crate::src::server_fn	server
src/cmd_resize_pane.rs	server_redraw_window_borders	crate::src::server_fn	server
src/cmd_resize_pane.rs	server_unzoom_window	crate::src::server_fn	server
src/cmd_resize_pane.rs	grid_remove_history	crate::src::grid	terminal
src/cmd_resize_pane.rs	window_set_active_pane	crate::src::window	model
src/cmd_resize_pane.rs	window_redraw_active_switch	crate::src::window	model
src/cmd_resize_pane.rs	window_zoom	crate::src::window	model
src/cmd_resize_pane.rs	window_unzoom	crate::src::window	model
src/cmd_resize_pane.rs	window_pane_scrollbar_reserve	crate::src::window	model
src/cmd_resize_pane.rs	window_get_pane_status	crate::src::window	model
src/cmd_resize_pane.rs	window_pane_is_floating	crate::src::window	model
src/cmd_resize_pane.rs	layout_resize_layout	crate::src::layout	terminal
src/cmd_resize_pane.rs	layout_search_by_border	crate::src::layout	terminal
src/cmd_resize_pane.rs	layout_set_size	crate::src::layout	terminal
src/cmd_resize_pane.rs	layout_fix_offsets	crate::src::layout	terminal
src/cmd_resize_pane.rs	layout_fix_panes	crate::src::layout	terminal
src/cmd_resize_pane.rs	layout_resize_pane	crate::src::layout	terminal
src/cmd_resize_pane.rs	layout_resize_pane_to	crate::src::layout	terminal
src/cmd_resize_pane.rs	layout_resize_floating_pane	crate::src::layout	terminal
src/cmd_resize_pane.rs	layout_resize_floating_pane_to	crate::src::layout	terminal
src/cmd_resize_window.rs	strtonum	crate::src::compat::strtonum	support
src/cmd_resize_window.rs	options_set_number	crate::src::options	model
src/cmd_resize_window.rs	args_has	crate::src::arguments	commands
src/cmd_resize_window.rs	args_count	crate::src::arguments	commands
src/cmd_resize_window.rs	args_string	crate::src::arguments	commands
src/cmd_resize_window.rs	args_strtonum	crate::src::arguments	commands
src/cmd_resize_window.rs	cmd_get_args	crate::src::cmd	commands
src/cmd_resize_window.rs	cmdq_get_target	crate::src::cmd_queue	commands
src/cmd_resize_window.rs	cmdq_error	crate::src::cmd_queue	commands
src/cmd_resize_window.rs	default_window_size	crate::src::resize	model
src/cmd_resize_window.rs	recalculate_size	crate::src::resize	model
src/cmd_respawn_pane.rs	environ_create	crate::src::environ	model
src/cmd_respawn_pane.rs	environ_free	crate::src::environ	model
src/cmd_respawn_pane.rs	environ_put	crate::src::environ	model
src/cmd_respawn_pane.rs	args_to_vector	crate::src::arguments	commands
src/cmd_respawn_pane.rs	args_has	crate::src::arguments	commands
src/cmd_respawn_pane.rs	args_get	crate::src::arguments	commands
src/cmd_respawn_pane.rs	args_first_value	crate::src::arguments	commands
src/cmd_respawn_pane.rs	args_next_value	crate::src::arguments	commands
src/cmd_respawn_pane.rs	cmd_free_argv	crate::src::cmd	commands
src/cmd_respawn_pane.rs	cmd_get_args	crate::src::cmd	commands
src/cmd_respawn_pane.rs	cmdq_get_target	crate::src::cmd_queue	commands
src/cmd_respawn_pane.rs	cmdq_error	crate::src::cmd_queue	commands
src/cmd_respawn_pane.rs	server_redraw_window_borders	crate::src::server_fn	server
src/cmd_respawn_pane.rs	server_status_window	crate::src::server_fn	server
src/cmd_respawn_pane.rs	spawn_pane	crate::src::spawn	server
src/cmd_respawn_window.rs	environ_create	crate::src::environ	model
src/cmd_respawn_window.rs	environ_free	crate::src::environ	model
src/cmd_respawn_window.rs	environ_put	crate::src::environ	model
src/cmd_respawn_window.rs	args_to_vector	crate::src::arguments	commands
src/cmd_respawn_window.rs	args_has	crate::src::arguments	commands
src/cmd_respawn_window.rs	args_get	crate::src::arguments	commands
src/cmd_respawn_window.rs	args_first_value	crate::src::arguments	commands
src/cmd_respawn_window.rs	args_next_value	crate::src::arguments	commands
src/cmd_respawn_window.rs	cmd_free_argv	crate::src::cmd	commands
src/cmd_respawn_window.rs	cmd_get_args	crate::src::cmd	commands
src/cmd_respawn_window.rs	cmdq_get_target_client	crate::src::cmd_queue	commands
src/cmd_respawn_window.rs	cmdq_get_target	crate::src::cmd_queue	commands
src/cmd_respawn_window.rs	cmdq_error	crate::src::cmd_queue	commands
src/cmd_respawn_window.rs	server_redraw_window	crate::src::server_fn	server
src/cmd_respawn_window.rs	spawn_window	crate::src::spawn	server
src/cmd_rotate_window.rs	args_has	crate::src::arguments	commands
src/cmd_rotate_window.rs	cmd_find_from_winlink_pane	crate::src::cmd_find	commands
src/cmd_rotate_window.rs	cmd_get_args	crate::src::cmd	commands
src/cmd_rotate_window.rs	cmdq_get_target	crate::src::cmd_queue	commands
src/cmd_rotate_window.rs	cmdq_get_current	crate::src::cmd_queue	commands
src/cmd_rotate_window.rs	server_redraw_window	crate::src::server_fn	server
src/cmd_rotate_window.rs	redraw_invalidate_scene	crate::src::screen_redraw	terminal
src/cmd_rotate_window.rs	window_set_active_pane	crate::src::window	model
src/cmd_rotate_window.rs	window_push_zoom	crate::src::window	model
src/cmd_rotate_window.rs	window_pop_zoom	crate::src::window	model
src/cmd_rotate_window.rs	window_pane_resize	crate::src::window	model
src/cmd_run_shell.rs	xmalloc	crate::src::xmalloc	support
src/cmd_run_shell.rs	xcalloc	crate::src::xmalloc	support
src/cmd_run_shell.rs	xstrdup	crate::src::xmalloc	support
src/cmd_run_shell.rs	xasprintf	crate::src::xmalloc	support
src/cmd_run_shell.rs	xsnprintf	crate::src::xmalloc	support
src/cmd_run_shell.rs	format_free	crate::src::format	model
src/cmd_run_shell.rs	format_add	crate::src::format	model
src/cmd_run_shell.rs	format_expand	crate::src::format	model
src/cmd_run_shell.rs	format_create_from_target	crate::src::format	model
src/cmd_run_shell.rs	job_run	crate::src::job	server
src/cmd_run_shell.rs	job_get_status	crate::src::job	server
src/cmd_run_shell.rs	job_get_data	crate::src::job	server
src/cmd_run_shell.rs	job_get_event	crate::src::job	server
src/cmd_run_shell.rs	args_has	crate::src::arguments	commands
src/cmd_run_shell.rs	args_get	crate::src::arguments	commands
src/cmd_run_shell.rs	args_count	crate::src::arguments	commands
src/cmd_run_shell.rs	args_string	crate::src::arguments	commands
src/cmd_run_shell.rs	args_make_commands_prepare	crate::src::arguments	commands
src/cmd_run_shell.rs	args_make_commands	crate::src::arguments	commands
src/cmd_run_shell.rs	args_make_commands_free	crate::src::arguments	commands
src/cmd_run_shell.rs	cmd_find_from_nothing	crate::src::cmd_find	commands
src/cmd_run_shell.rs	cmd_get_args	crate::src::cmd	commands
src/cmd_run_shell.rs	cmd_list_free	crate::src::cmd	commands
src/cmd_run_shell.rs	cmdq_get_client	crate::src::cmd_queue	commands
src/cmd_run_shell.rs	cmdq_get_target_client	crate::src::cmd_queue	commands
src/cmd_run_shell.rs	cmdq_get_state	crate::src::cmd_queue	commands
src/cmd_run_shell.rs	cmdq_get_target	crate::src::cmd_queue	commands
src/cmd_run_shell.rs	cmdq_get_command	crate::src::cmd_queue	commands
src/cmd_run_shell.rs	cmdq_insert_after	crate::src::cmd_queue	commands
src/cmd_run_shell.rs	cmdq_append	crate::src::cmd_queue	commands
src/cmd_run_shell.rs	cmdq_continue	crate::src::cmd_queue	commands
src/cmd_run_shell.rs	cmdq_print	crate::src::cmd_queue	commands
src/cmd_run_shell.rs	cmdq_error	crate::src::cmd_queue	commands
src/cmd_run_shell.rs	server_client_unref	crate::src::server_client	server
src/cmd_run_shell.rs	server_client_get_cwd	crate::src::server_client	server
src/cmd_run_shell.rs	status_message_set	crate::src::status	model
src/cmd_run_shell.rs	window_pane_find_by_id	crate::src::window	model
src/cmd_run_shell.rs	window_pane_set_mode	crate::src::window	model
src/cmd_run_shell.rs	window_view_mode	crate::src::window_copy	terminal
src/cmd_run_shell.rs	window_copy_add	crate::src::window_copy	terminal
src/cmd_run_shell.rs	session_add_ref	crate::src::session	model
src/cmd_run_shell.rs	session_remove_ref	crate::src::session	model
src/cmd_save_buffer.rs	xstrdup	crate::src::xmalloc	support
src/cmd_save_buffer.rs	paste_buffer_data	crate::src::paste	model
src/cmd_save_buffer.rs	paste_get_top	crate::src::paste	model
src/cmd_save_buffer.rs	paste_get_name	crate::src::paste	model
src/cmd_save_buffer.rs	format_single_from_target	crate::src::format	model
src/cmd_save_buffer.rs	args_has	crate::src::arguments	commands
src/cmd_save_buffer.rs	args_get	crate::src::arguments	commands
src/cmd_save_buffer.rs	args_string	crate::src::arguments	commands
src/cmd_save_buffer.rs	cmd_get_entry	crate::src::cmd	commands
src/cmd_save_buffer.rs	cmd_get_args	crate::src::cmd	commands
src/cmd_save_buffer.rs	cmdq_get_client	crate::src::cmd_queue	commands
src/cmd_save_buffer.rs	cmdq_continue	crate::src::cmd_queue	commands
src/cmd_save_buffer.rs	cmdq_print_data	crate::src::cmd_queue	commands
src/cmd_save_buffer.rs	cmdq_error	crate::src::cmd_queue	commands
src/cmd_save_buffer.rs	file_write	crate::src::file	server
src/cmd_save_buffer.rs	fatalx	crate::src::log	support
src/cmd_select_layout.rs	events_fire_window	crate::src::events	model
src/cmd_select_layout.rs	args_has	crate::src::arguments	commands
src/cmd_select_layout.rs	args_count	crate::src::arguments	commands
src/cmd_select_layout.rs	args_string	crate::src::arguments	commands
src/cmd_select_layout.rs	cmd_get_entry	crate::src::cmd	commands
src/cmd_select_layout.rs	cmd_get_args	crate::src::cmd	commands
src/cmd_select_layout.rs	cmdq_get_target_client	crate::src::cmd_queue	commands
src/cmd_select_layout.rs	cmdq_get_target	crate::src::cmd_queue	commands
src/cmd_select_layout.rs	cmdq_error	crate::src::cmd_queue	commands
src/cmd_select_layout.rs	server_redraw_window	crate::src::server_fn	server
src/cmd_select_layout.rs	server_unzoom_window	crate::src::server_fn	server
src/cmd_select_layout.rs	recalculate_sizes	crate::src::resize	model
src/cmd_select_layout.rs	layout_spread_out	crate::src::layout	terminal
src/cmd_select_layout.rs	layout_dump	crate::src::layout_custom	terminal
src/cmd_select_layout.rs	layout_parse	crate::src::layout_custom	terminal
src/cmd_select_layout.rs	layout_set_lookup	crate::src::layout_set	terminal
src/cmd_select_layout.rs	layout_set_select	crate::src::layout_set	terminal
src/cmd_select_layout.rs	layout_set_next	crate::src::layout_set	terminal
src/cmd_select_layout.rs	layout_set_previous	crate::src::layout_set	terminal
src/cmd_select_pane.rs	format_single_from_target	crate::src::format	model
src/cmd_select_pane.rs	event_payload_create	crate::src::events_payload	model
src/cmd_select_pane.rs	event_payload_set_target	crate::src::events_payload	model
src/cmd_select_pane.rs	event_payload_set_string	crate::src::events_payload	model
src/cmd_select_pane.rs	event_payload_set_int	crate::src::events_payload	model
src/cmd_select_pane.rs	event_payload_set_window	crate::src::events_payload	model
src/cmd_select_pane.rs	event_payload_set_pane	crate::src::events_payload	model
src/cmd_select_pane.rs	events_fire	crate::src::events	model
src/cmd_select_pane.rs	options_get_string	crate::src::options	model
src/cmd_select_pane.rs	options_set_string	crate::src::options	model
src/cmd_select_pane.rs	tty_window_bigger	crate::src::tty	terminal
src/cmd_select_pane.rs	args_has	crate::src::arguments	commands
src/cmd_select_pane.rs	args_get	crate::src::arguments	commands
src/cmd_select_pane.rs	cmd_find_from_winlink	crate::src::cmd_find	commands
src/cmd_select_pane.rs	cmd_find_from_winlink_pane	crate::src::cmd_find	commands
src/cmd_select_pane.rs	cmd_find_from_pane	crate::src::cmd_find	commands
src/cmd_select_pane.rs	cmd_get_entry	crate::src::cmd	commands
src/cmd_select_pane.rs	cmd_get_args	crate::src::cmd	commands
src/cmd_select_pane.rs	cmdq_get_target	crate::src::cmd_queue	commands
src/cmd_select_pane.rs	cmdq_get_current	crate::src::cmd_queue	commands
src/cmd_select_pane.rs	cmdq_insert_hook	crate::src::cmd_queue	commands
src/cmd_select_pane.rs	cmdq_print	crate::src::cmd_queue	commands
src/cmd_select_pane.rs	cmdq_error	crate::src::cmd_queue	commands
src/cmd_select_pane.rs	clients	crate::src::server	server
src/cmd_select_pane.rs	marked_pane	crate::src::server	server
src/cmd_select_pane.rs	server_set_marked	crate::src::server	server
src/cmd_select_pane.rs	server_clear_marked	crate::src::server	server
src/cmd_select_pane.rs	server_is_marked	crate::src::server	server
src/cmd_select_pane.rs	server_check_marked	crate::src::server	server
src/cmd_select_pane.rs	server_redraw_client	crate::src::server_fn	server
src/cmd_select_pane.rs	server_redraw_window	crate::src::server_fn	server
src/cmd_select_pane.rs	server_redraw_window_borders	crate::src::server_fn	server
src/cmd_select_pane.rs	server_status_window	crate::src::server_fn	server
src/cmd_select_pane.rs	screen_set_title	crate::src::screen	terminal
src/cmd_select_pane.rs	window_set_active_pane	crate::src::window	model
src/cmd_select_pane.rs	window_redraw_active_switch	crate::src::window	model
src/cmd_select_pane.rs	window_push_zoom	crate::src::window	model
src/cmd_select_pane.rs	window_pop_zoom	crate::src::window	model
src/cmd_select_pane.rs	window_count_panes	crate::src::window	model
src/cmd_select_pane.rs	window_pane_is_visible	crate::src::window	model
src/cmd_select_pane.rs	window_pane_find_up	crate::src::window	model
src/cmd_select_pane.rs	window_pane_find_down	crate::src::window	model
src/cmd_select_pane.rs	window_pane_find_left	crate::src::window	model
src/cmd_select_pane.rs	window_pane_find_right	crate::src::window	model
src/cmd_select_pane.rs	window_pane_is_floating	crate::src::window	model
src/cmd_select_pane.rs	session_has	crate::src::session	model
src/cmd_select_window.rs	args_has	crate::src::arguments	commands
src/cmd_select_window.rs	cmd_find_from_session	crate::src::cmd_find	commands
src/cmd_select_window.rs	cmd_get_entry	crate::src::cmd	commands
src/cmd_select_window.rs	cmd_get_args	crate::src::cmd	commands
src/cmd_select_window.rs	cmdq_get_client	crate::src::cmd_queue	commands
src/cmd_select_window.rs	cmdq_get_target	crate::src::cmd_queue	commands
src/cmd_select_window.rs	cmdq_get_current	crate::src::cmd_queue	commands
src/cmd_select_window.rs	cmdq_insert_hook	crate::src::cmd_queue	commands
src/cmd_select_window.rs	cmdq_error	crate::src::cmd_queue	commands
src/cmd_select_window.rs	server_redraw_session	crate::src::server_fn	server
src/cmd_select_window.rs	recalculate_sizes	crate::src::resize	model
src/cmd_select_window.rs	session_next	crate::src::session	model
src/cmd_select_window.rs	session_previous	crate::src::session	model
src/cmd_select_window.rs	session_select	crate::src::session	model
src/cmd_select_window.rs	session_last	crate::src::session	model
src/cmd_send_keys.rs	xcalloc	crate::src::xmalloc	support
src/cmd_send_keys.rs	options_get_number	crate::src::options	model
src/cmd_send_keys.rs	args_has	crate::src::arguments	commands
src/cmd_send_keys.rs	args_count	crate::src::arguments	commands
src/cmd_send_keys.rs	args_string	crate::src::arguments	commands
src/cmd_send_keys.rs	args_strtonum_and_expand	crate::src::arguments	commands
src/cmd_send_keys.rs	cmd_get_entry	crate::src::cmd	commands
src/cmd_send_keys.rs	cmd_get_args	crate::src::cmd	commands
src/cmd_send_keys.rs	cmd_mouse_pane	crate::src::cmd	commands
src/cmd_send_keys.rs	cmdq_get_target_client	crate::src::cmd_queue	commands
src/cmd_send_keys.rs	cmdq_get_target	crate::src::cmd_queue	commands
src/cmd_send_keys.rs	cmdq_get_event	crate::src::cmd_queue	commands
src/cmd_send_keys.rs	cmdq_error	crate::src::cmd_queue	commands
src/cmd_send_keys.rs	key_bindings_get_table	crate::src::key_bindings	model
src/cmd_send_keys.rs	key_bindings_unref_table	crate::src::key_bindings	model
src/cmd_send_keys.rs	key_bindings_get	crate::src::key_bindings	model
src/cmd_send_keys.rs	key_bindings_dispatch	crate::src::key_bindings	model
src/cmd_send_keys.rs	key_string_lookup_string	crate::src::key_string	model
src/cmd_send_keys.rs	server_client_handle_key	crate::src::server_client	server
src/cmd_send_keys.rs	server_client_handle_key_after	crate::src::server_client	server
src/cmd_send_keys.rs	input_reset	crate::src::input	terminal
src/cmd_send_keys.rs	colour_palette_clear	crate::src::colour	support
src/cmd_send_keys.rs	window_pane_key	crate::src::window	model
src/cmd_send_keys.rs	utf8_from_data	crate::src::utf8	support
src/cmd_send_keys.rs	utf8_fromcstr	crate::src::utf8	support
src/cmd_server_access.rs	format_single	crate::src::format	model
src/cmd_server_access.rs	args_has	crate::src::arguments	commands
src/cmd_server_access.rs	args_count	crate::src::arguments	commands
src/cmd_server_access.rs	args_string	crate::src::arguments	commands
src/cmd_server_access.rs	cmd_get_args	crate::src::cmd	commands
src/cmd_server_access.rs	cmdq_get_target_client	crate::src::cmd_queue	commands
src/cmd_server_access.rs	cmdq_error	crate::src::cmd_queue	commands
src/cmd_server_access.rs	server_acl_find	crate::src::server_acl	server
src/cmd_server_access.rs	server_acl_display	crate::src::server_acl	server
src/cmd_server_access.rs	server_acl_allow	crate::src::server_acl	server
src/cmd_server_access.rs	server_acl_deny	crate::src::server_acl	server
src/cmd_server_access.rs	server_acl_allow_write	crate::src::server_acl	server
src/cmd_server_access.rs	server_acl_deny_write	crate::src::server_acl	server
src/cmd_set_buffer.rs	xmalloc	crate::src::xmalloc	support
src/cmd_set_buffer.rs	xrealloc	crate::src::xmalloc	support
src/cmd_set_buffer.rs	xstrdup	crate::src::xmalloc	support
src/cmd_set_buffer.rs	paste_buffer_data	crate::src::paste	model
src/cmd_set_buffer.rs	paste_get_top	crate::src::paste	model
src/cmd_set_buffer.rs	paste_get_name	crate::src::paste	model
src/cmd_set_buffer.rs	paste_free	crate::src::paste	model
src/cmd_set_buffer.rs	paste_rename	crate::src::paste	model
src/cmd_set_buffer.rs	paste_set	crate::src::paste	model
src/cmd_set_buffer.rs	tty_set_selection	crate::src::tty	terminal
src/cmd_set_buffer.rs	args_has	crate::src::arguments	commands
src/cmd_set_buffer.rs	args_get	crate::src::arguments	commands
src/cmd_set_buffer.rs	args_count	crate::src::arguments	commands
src/cmd_set_buffer.rs	args_string	crate::src::arguments	commands
src/cmd_set_buffer.rs	cmd_get_entry	crate::src::cmd	commands
src/cmd_set_buffer.rs	cmd_get_args	crate::src::cmd	commands
src/cmd_set_buffer.rs	cmdq_get_target_client	crate::src::cmd_queue	commands
src/cmd_set_buffer.rs	cmdq_error	crate::src::cmd_queue	commands
src/cmd_set_environment.rs	global_environ	crate::src::tmux	server
src/cmd_set_environment.rs	format_single_from_target	crate::src::format	model
src/cmd_set_environment.rs	environ_set	crate::src::environ	model
src/cmd_set_environment.rs	environ_clear	crate::src::environ	model
src/cmd_set_environment.rs	environ_unset	crate::src::environ	model
src/cmd_set_environment.rs	args_has	crate::src::arguments	commands
src/cmd_set_environment.rs	args_get	crate::src::arguments	commands
src/cmd_set_environment.rs	args_count	crate::src::arguments	commands
src/cmd_set_environment.rs	args_string	crate::src::arguments	commands
src/cmd_set_environment.rs	cmd_get_args	crate::src::cmd	commands
src/cmd_set_environment.rs	cmdq_get_target	crate::src::cmd_queue	commands
src/cmd_set_environment.rs	cmdq_error	crate::src::cmd_queue	commands
src/cmd_set_option.rs	xstrdup	crate::src::xmalloc	support
src/cmd_set_option.rs	xasprintf	crate::src::xmalloc	support
src/cmd_set_option.rs	global_options	crate::src::tmux	server
src/cmd_set_option.rs	global_s_options	crate::src::tmux	server
src/cmd_set_option.rs	global_w_options	crate::src::tmux	server
src/cmd_set_option.rs	format_single_from_target	crate::src::format	model
src/cmd_set_option.rs	event_payload_create	crate::src::events_payload	model
src/cmd_set_option.rs	event_payload_set_target	crate::src::events_payload	model
src/cmd_set_option.rs	event_payload_set_int	crate::src::events_payload	model
src/cmd_set_option.rs	event_payload_set_client	crate::src::events_payload	model
src/cmd_set_option.rs	event_payload_set_session	crate::src::events_payload	model
src/cmd_set_option.rs	event_payload_set_window	crate::src::events_payload	model
src/cmd_set_option.rs	event_payload_set_pane	crate::src::events_payload	model
src/cmd_set_option.rs	events_fire	crate::src::events	model
src/cmd_set_option.rs	hooks_add_event	crate::src::hooks	model
src/cmd_set_option.rs	hooks_run	crate::src::hooks	model
src/cmd_set_option.rs	hooks_monitor_add	crate::src::hooks	model
src/cmd_set_option.rs	hooks_monitor_remove	crate::src::hooks	model
src/cmd_set_option.rs	options_empty	crate::src::options	model
src/cmd_set_option.rs	options_table_entry	crate::src::options	model
src/cmd_set_option.rs	options_get_only	crate::src::options	model
src/cmd_set_option.rs	options_get	crate::src::options	model
src/cmd_set_option.rs	options_array_clear	crate::src::options	model
src/cmd_set_option.rs	options_array_get	crate::src::options	model
src/cmd_set_option.rs	options_array_set	crate::src::options	model
src/cmd_set_option.rs	options_array_assign	crate::src::options	model
src/cmd_set_option.rs	options_is_array	crate::src::options	model
src/cmd_set_option.rs	options_match	crate::src::options	model
src/cmd_set_option.rs	options_get_string	crate::src::options	model
src/cmd_set_option.rs	options_set_string	crate::src::options	model
src/cmd_set_option.rs	options_scope_from_name	crate::src::options	model
src/cmd_set_option.rs	options_from_string	crate::src::options	model
src/cmd_set_option.rs	options_push_changes	crate::src::options	model
src/cmd_set_option.rs	options_remove_or_default	crate::src::options	model
src/cmd_set_option.rs	args_has	crate::src::arguments	commands
src/cmd_set_option.rs	args_get	crate::src::arguments	commands
src/cmd_set_option.rs	args_count	crate::src::arguments	commands
src/cmd_set_option.rs	args_string	crate::src::arguments	commands
src/cmd_set_option.rs	cmd_find_copy_state	crate::src::cmd_find	commands
src/cmd_set_option.rs	cmd_get_entry	crate::src::cmd	commands
src/cmd_set_option.rs	cmd_get_args	crate::src::cmd	commands
src/cmd_set_option.rs	cmdq_get_client	crate::src::cmd_queue	commands
src/cmd_set_option.rs	cmdq_get_target	crate::src::cmd_queue	commands
src/cmd_set_option.rs	cmdq_error	crate::src::cmd_queue	commands
src/cmd_set_option.rs	monitor_parse	crate::src::monitor	model
src/cmd_show_environment.rs	xmalloc	crate::src::xmalloc	support
src/cmd_show_environment.rs	global_environ	crate::src::tmux	server
src/cmd_show_environment.rs	environ_first	crate::src::environ	model
src/cmd_show_environment.rs	environ_next	crate::src::environ	model
src/cmd_show_environment.rs	environ_find	crate::src::environ	model
src/cmd_show_environment.rs	args_has	crate::src::arguments	commands
src/cmd_show_environment.rs	args_get	crate::src::arguments	commands
src/cmd_show_environment.rs	args_string	crate::src::arguments	commands
src/cmd_show_environment.rs	cmd_get_args	crate::src::cmd	commands
src/cmd_show_environment.rs	cmdq_get_target	crate::src::cmd_queue	commands
src/cmd_show_environment.rs	cmdq_print	crate::src::cmd_queue	commands
src/cmd_show_environment.rs	cmdq_error	crate::src::cmd_queue	commands
src/cmd_show_messages.rs	format_free	crate::src::format	model
src/cmd_show_messages.rs	format_add	crate::src::format	model
src/cmd_show_messages.rs	format_add_tv	crate::src::format	model
src/cmd_show_messages.rs	format_expand	crate::src::format	model
src/cmd_show_messages.rs	format_create_from_target	crate::src::format	model
src/cmd_show_messages.rs	job_print_summary	crate::src::job	server
src/cmd_show_messages.rs	tty_terms	crate::src::tty_term	terminal
src/cmd_show_messages.rs	tty_term_ncodes	crate::src::tty_term	terminal
src/cmd_show_messages.rs	tty_term_describe	crate::src::tty_term	terminal
src/cmd_show_messages.rs	args_has	crate::src::arguments	commands
src/cmd_show_messages.rs	cmd_get_args	crate::src::cmd	commands
src/cmd_show_messages.rs	cmdq_get_target_client	crate::src::cmd_queue	commands
src/cmd_show_messages.rs	cmdq_print	crate::src::cmd_queue	commands
src/cmd_show_messages.rs	message_log	crate::src::server	server
src/cmd_show_options.rs	xstrdup	crate::src::xmalloc	support
src/cmd_show_options.rs	xasprintf	crate::src::xmalloc	support
src/cmd_show_options.rs	format_free	crate::src::format	model
src/cmd_show_options.rs	format_add	crate::src::format	model
src/cmd_show_options.rs	format_add_tv	crate::src::format	model
src/cmd_show_options.rs	format_expand	crate::src::format	model
src/cmd_show_options.rs	format_single_from_target	crate::src::format	model
src/cmd_show_options.rs	format_create_from_target	crate::src::format	model
src/cmd_show_options.rs	hooks_is_event	crate::src::hooks	model
src/cmd_show_options.rs	hooks_monitor_to_string	crate::src::hooks	model
src/cmd_show_options.rs	hooks_monitor_get	crate::src::hooks	model
src/cmd_show_options.rs	hooks_monitor_get_fire_count	crate::src::hooks	model
src/cmd_show_options.rs	hooks_monitor_get_fire_time	crate::src::hooks	model
src/cmd_show_options.rs	options_first	crate::src::options	model
src/cmd_show_options.rs	options_next	crate::src::options	model
src/cmd_show_options.rs	options_name	crate::src::options	model
src/cmd_show_options.rs	options_get_monitor_data	crate::src::options	model
src/cmd_show_options.rs	options_get_fire_count	crate::src::options	model
src/cmd_show_options.rs	options_get_fire_time	crate::src::options	model
src/cmd_show_options.rs	options_table_entry	crate::src::options	model
src/cmd_show_options.rs	options_get_only	crate::src::options	model
src/cmd_show_options.rs	options_get	crate::src::options	model
src/cmd_show_options.rs	options_array_first	crate::src::options	model
src/cmd_show_options.rs	options_array_next	crate::src::options	model
src/cmd_show_options.rs	options_array_item_key	crate::src::options	model
src/cmd_show_options.rs	options_is_array	crate::src::options	model
src/cmd_show_options.rs	options_is_string	crate::src::options	model
src/cmd_show_options.rs	options_to_string	crate::src::options	model
src/cmd_show_options.rs	options_match	crate::src::options	model
src/cmd_show_options.rs	options_scope_from_name	crate::src::options	model
src/cmd_show_options.rs	options_scope_from_flags	crate::src::options	model
src/cmd_show_options.rs	options_table	crate::src::options_table	model
src/cmd_show_options.rs	args_has	crate::src::arguments	commands
src/cmd_show_options.rs	args_get	crate::src::arguments	commands
src/cmd_show_options.rs	args_count	crate::src::arguments	commands
src/cmd_show_options.rs	args_string	crate::src::arguments	commands
src/cmd_show_options.rs	cmd_get_entry	crate::src::cmd	commands
src/cmd_show_options.rs	cmd_get_args	crate::src::cmd	commands
src/cmd_show_options.rs	cmdq_get_target	crate::src::cmd_queue	commands
src/cmd_show_options.rs	cmdq_print	crate::src::cmd_queue	commands
src/cmd_show_options.rs	cmdq_error	crate::src::cmd_queue	commands
src/cmd_show_prompt_history.rs	args_get	crate::src::arguments	commands
src/cmd_show_prompt_history.rs	cmd_get_entry	crate::src::cmd	commands
src/cmd_show_prompt_history.rs	cmd_get_args	crate::src::cmd	commands
src/cmd_show_prompt_history.rs	cmdq_print	crate::src::cmd_queue	commands
src/cmd_show_prompt_history.rs	cmdq_error	crate::src::cmd_queue	commands
src/cmd_show_prompt_history.rs	prompt_type	crate::src::prompt	model
src/cmd_show_prompt_history.rs	prompt_type_string	crate::src::prompt	model
src/cmd_show_prompt_history.rs	prompt_history_size	crate::src::prompt_history	model
src/cmd_show_prompt_history.rs	prompt_history_get	crate::src::prompt_history	model
src/cmd_show_prompt_history.rs	prompt_history_clear	crate::src::prompt_history	model
src/cmd_source_file.rs	xmalloc	crate::src::xmalloc	support
src/cmd_source_file.rs	xcalloc	crate::src::xmalloc	support
src/cmd_source_file.rs	xreallocarray	crate::src::xmalloc	support
src/cmd_source_file.rs	xstrdup	crate::src::xmalloc	support
src/cmd_source_file.rs	xasprintf	crate::src::xmalloc	support
src/cmd_source_file.rs	cfg_finished	crate::src::cfg	commands
src/cmd_source_file.rs	load_cfg_from_buffer	crate::src::cfg	commands
src/cmd_source_file.rs	cfg_print_causes	crate::src::cfg	commands
src/cmd_source_file.rs	format_single_from_target	crate::src::format	model
src/cmd_source_file.rs	args_has	crate::src::arguments	commands
src/cmd_source_file.rs	args_count	crate::src::arguments	commands
src/cmd_source_file.rs	args_string	crate::src::arguments	commands
src/cmd_source_file.rs	cmd_get_args	crate::src::cmd	commands
src/cmd_source_file.rs	cmd_get_parse_flags	crate::src::cmd	commands
src/cmd_source_file.rs	cmdq_get_client	crate::src::cmd_queue	commands
src/cmd_source_file.rs	cmdq_get_target	crate::src::cmd_queue	commands
src/cmd_source_file.rs	cmdq_get_callback1	crate::src::cmd_queue	commands
src/cmd_source_file.rs	cmdq_insert_after	crate::src::cmd_queue	commands
src/cmd_source_file.rs	cmdq_continue	crate::src::cmd_queue	commands
src/cmd_source_file.rs	cmdq_error	crate::src::cmd_queue	commands
src/cmd_source_file.rs	file_read	crate::src::file	server
src/cmd_source_file.rs	server_client_unref	crate::src::server_client	server
src/cmd_source_file.rs	server_client_get_cwd	crate::src::server_client	server
src/cmd_source_file.rs	log_debug	crate::src::log	support
src/cmd_split_window.rs	format_single	crate::src::format	model
src/cmd_split_window.rs	format_single_from_target	crate::src::format	model
src/cmd_split_window.rs	event_payload_create	crate::src::events_payload	model
src/cmd_split_window.rs	event_payload_set_target	crate::src::events_payload	model
src/cmd_split_window.rs	event_payload_set_string	crate::src::events_payload	model
src/cmd_split_window.rs	event_payload_set_window	crate::src::events_payload	model
src/cmd_split_window.rs	event_payload_set_pane	crate::src::events_payload	model
src/cmd_split_window.rs	events_fire	crate::src::events	model
src/cmd_split_window.rs	options_search	crate::src::options	model
src/cmd_split_window.rs	options_set_string	crate::src::options	model
src/cmd_split_window.rs	options_set_number	crate::src::options	model
src/cmd_split_window.rs	options_find_choice	crate::src::options	model
src/cmd_split_window.rs	environ_create	crate::src::environ	model
src/cmd_split_window.rs	environ_free	crate::src::environ	model
src/cmd_split_window.rs	environ_put	crate::src::environ	model
src/cmd_split_window.rs	args_to_vector	crate::src::arguments	commands
src/cmd_split_window.rs	args_has	crate::src::arguments	commands
src/cmd_split_window.rs	args_get	crate::src::arguments	commands
src/cmd_split_window.rs	args_count	crate::src::arguments	commands
src/cmd_split_window.rs	args_string	crate::src::arguments	commands
src/cmd_split_window.rs	args_first_value	crate::src::arguments	commands
src/cmd_split_window.rs	args_next_value	crate::src::arguments	commands
src/cmd_split_window.rs	cmd_find_from_winlink_pane	crate::src::cmd_find	commands
src/cmd_split_window.rs	cmd_find_from_pane	crate::src::cmd_find	commands
src/cmd_split_window.rs	cmd_free_argv	crate::src::cmd	commands
src/cmd_split_window.rs	cmd_get_entry	crate::src::cmd	commands
src/cmd_split_window.rs	cmd_get_args	crate::src::cmd	commands
src/cmd_split_window.rs	cmdq_get_target_client	crate::src::cmd_queue	commands
src/cmd_split_window.rs	cmdq_get_target	crate::src::cmd_queue	commands
src/cmd_split_window.rs	cmdq_get_event	crate::src::cmd_queue	commands
src/cmd_split_window.rs	cmdq_get_current	crate::src::cmd_queue	commands
src/cmd_split_window.rs	cmdq_insert_hook	crate::src::cmd_queue	commands
src/cmd_split_window.rs	cmdq_print	crate::src::cmd_queue	commands
src/cmd_split_window.rs	cmdq_error	crate::src::cmd_queue	commands
src/cmd_split_window.rs	server_client_remove_pane	crate::src::server_client	server
src/cmd_split_window.rs	server_redraw_session	crate::src::server_fn	server
src/cmd_split_window.rs	server_redraw_window	crate::src::server_fn	server
src/cmd_split_window.rs	server_redraw_window_borders	crate::src::server_fn	server
src/cmd_split_window.rs	screen_set_title	crate::src::screen	terminal
src/cmd_split_window.rs	window_unzoom	crate::src::window	model
src/cmd_split_window.rs	window_active_pane_is_over_zoom	crate::src::window	model
src/cmd_split_window.rs	window_pop_zoom	crate::src::window	model
src/cmd_split_window.rs	window_remove_pane	crate::src::window	model
src/cmd_split_window.rs	window_pane_find_by_id	crate::src::window	model
src/cmd_split_window.rs	window_pane_is_visible	crate::src::window	model
src/cmd_split_window.rs	window_pane_start_input	crate::src::window	model
src/cmd_split_window.rs	window_pane_get_pane_lines	crate::src::window	model
src/cmd_split_window.rs	window_get_pane_lines	crate::src::window	model
src/cmd_split_window.rs	window_pane_is_floating	crate::src::window	model
src/cmd_split_window.rs	layout_set_size	crate::src::layout	terminal
src/cmd_split_window.rs	layout_fix_panes	crate::src::layout	terminal
src/cmd_split_window.rs	layout_close_pane	crate::src::layout	terminal
src/cmd_split_window.rs	layout_get_tiled_cell	crate::src::layout	terminal
src/cmd_split_window.rs	layout_get_floating_cell	crate::src::layout	terminal
src/cmd_split_window.rs	spawn_pane	crate::src::spawn	server
src/cmd_swap_pane.rs	events_fire_window	crate::src::events	model
src/cmd_swap_pane.rs	options_set_parent	crate::src::options	model
src/cmd_swap_pane.rs	args_has	crate::src::arguments	commands
src/cmd_swap_pane.rs	cmd_get_args	crate::src::cmd	commands
src/cmd_swap_pane.rs	cmdq_get_target	crate::src::cmd_queue	commands
src/cmd_swap_pane.rs	cmdq_get_source	crate::src::cmd_queue	commands
src/cmd_swap_pane.rs	cmdq_error	crate::src::cmd_queue	commands
src/cmd_swap_pane.rs	server_client_remove_pane	crate::src::server_client	server
src/cmd_swap_pane.rs	server_redraw_window	crate::src::server_fn	server
src/cmd_swap_pane.rs	colour_palette_from_option	crate::src::colour	support
src/cmd_swap_pane.rs	redraw_invalidate_scene	crate::src::screen_redraw	terminal
src/cmd_swap_pane.rs	window_set_active_pane	crate::src::window	model
src/cmd_swap_pane.rs	window_fire_pane_moved	crate::src::window	model
src/cmd_swap_pane.rs	window_push_zoom	crate::src::window	model
src/cmd_swap_pane.rs	window_pop_zoom	crate::src::window	model
src/cmd_swap_pane.rs	window_pane_resize	crate::src::window	model
src/cmd_swap_pane.rs	window_pane_stack_remove	crate::src::window	model
src/cmd_swap_pane.rs	window_pane_is_floating	crate::src::window	model
src/cmd_swap_pane.rs	layout_cell_is_tiled	crate::src::layout	terminal
src/cmd_swap_pane.rs	layout_fix_panes	crate::src::layout	terminal
src/cmd_swap_window.rs	args_has	crate::src::arguments	commands
src/cmd_swap_window.rs	cmd_get_args	crate::src::cmd	commands
src/cmd_swap_window.rs	cmdq_get_target	crate::src::cmd_queue	commands
src/cmd_swap_window.rs	cmdq_get_source	crate::src::cmd_queue	commands
src/cmd_swap_window.rs	cmdq_error	crate::src::cmd_queue	commands
src/cmd_swap_window.rs	marked_pane	crate::src::server	server
src/cmd_swap_window.rs	server_redraw_session_group	crate::src::server_fn	server
src/cmd_swap_window.rs	recalculate_sizes	crate::src::resize	model
src/cmd_swap_window.rs	session_select	crate::src::session	model
src/cmd_swap_window.rs	session_group_contains	crate::src::session	model
src/cmd_swap_window.rs	session_group_synchronize_from	crate::src::session	model
src/cmd_switch_client.rs	proc_get_peer_uid	crate::src::proc	server
src/cmd_switch_client.rs	sort_order_from_string	crate::src::sort	model
src/cmd_switch_client.rs	environ_update	crate::src::environ	model
src/cmd_switch_client.rs	args_has	crate::src::arguments	commands
src/cmd_switch_client.rs	args_get	crate::src::arguments	commands
src/cmd_switch_client.rs	cmd_find_target	crate::src::cmd_find	commands
src/cmd_switch_client.rs	cmd_find_from_session	crate::src::cmd_find	commands
src/cmd_switch_client.rs	cmd_get_args	crate::src::cmd	commands
src/cmd_switch_client.rs	cmdq_get_client	crate::src::cmd_queue	commands
src/cmd_switch_client.rs	cmdq_get_target_client	crate::src::cmd_queue	commands
src/cmd_switch_client.rs	cmdq_get_current	crate::src::cmd_queue	commands
src/cmd_switch_client.rs	cmdq_get_flags	crate::src::cmd_queue	commands
src/cmd_switch_client.rs	cmdq_error	crate::src::cmd_queue	commands
src/cmd_switch_client.rs	key_bindings_get_table	crate::src::key_bindings	model
src/cmd_switch_client.rs	key_bindings_unref_table	crate::src::key_bindings	model
src/cmd_switch_client.rs	server_client_set_key_table	crate::src::server_client	server
src/cmd_switch_client.rs	server_client_set_session	crate::src::server_client	server
src/cmd_switch_client.rs	server_redraw_window	crate::src::server_fn	server
src/cmd_switch_client.rs	window_set_active_pane	crate::src::window	model
src/cmd_switch_client.rs	window_redraw_active_switch	crate::src::window	model
src/cmd_switch_client.rs	window_push_zoom	crate::src::window	model
src/cmd_switch_client.rs	window_pop_zoom	crate::src::window	model
src/cmd_switch_client.rs	window_pane_is_visible	crate::src::window	model
src/cmd_switch_client.rs	session_alive	crate::src::session	model
src/cmd_switch_client.rs	session_next_session	crate::src::session	model
src/cmd_switch_client.rs	session_previous_session	crate::src::session	model
src/cmd_switch_client.rs	session_set_current	crate::src::session	model
src/cmd_unbind_key.rs	args_has	crate::src::arguments	commands
src/cmd_unbind_key.rs	args_get	crate::src::arguments	commands
src/cmd_unbind_key.rs	args_string	crate::src::arguments	commands
src/cmd_unbind_key.rs	cmd_get_args	crate::src::cmd	commands
src/cmd_unbind_key.rs	cmdq_error	crate::src::cmd_queue	commands
src/cmd_unbind_key.rs	key_bindings_get_table	crate::src::key_bindings	model
src/cmd_unbind_key.rs	key_bindings_remove	crate::src::key_bindings	model
src/cmd_unbind_key.rs	key_bindings_remove_table	crate::src::key_bindings	model
src/cmd_unbind_key.rs	key_string_lookup_string	crate::src::key_string	model
src/cmd_wait_for.rs	xmalloc	crate::src::xmalloc	support
src/cmd_wait_for.rs	xcalloc	crate::src::xmalloc	support
src/cmd_wait_for.rs	xstrdup	crate::src::xmalloc	support
src/cmd_wait_for.rs	format_true	crate::src::format	model
src/cmd_wait_for.rs	format_create	crate::src::format	model
src/cmd_wait_for.rs	format_free	crate::src::format	model
src/cmd_wait_for.rs	format_expand	crate::src::format	model
src/cmd_wait_for.rs	event_payload_item_print	crate::src::events_payload	model
src/cmd_wait_for.rs	event_payload_add_formats	crate::src::events_payload	model
src/cmd_wait_for.rs	event_payload_first	crate::src::events_payload	model
src/cmd_wait_for.rs	event_payload_next	crate::src::events_payload	model
src/cmd_wait_for.rs	event_payload_item_name	crate::src::events_payload	model
src/cmd_wait_for.rs	events_add_sink	crate::src::events	model
src/cmd_wait_for.rs	events_remove_sink	crate::src::events	model
src/cmd_wait_for.rs	hooks_valid_event_name	crate::src::hooks	model
src/cmd_wait_for.rs	args_has	crate::src::arguments	commands
src/cmd_wait_for.rs	args_get	crate::src::arguments	commands
src/cmd_wait_for.rs	args_string	crate::src::arguments	commands
src/cmd_wait_for.rs	cmd_get_args	crate::src::cmd	commands
src/cmd_wait_for.rs	cmdq_get_client	crate::src::cmd_queue	commands
src/cmd_wait_for.rs	cmdq_continue	crate::src::cmd_queue	commands
src/cmd_wait_for.rs	cmdq_print	crate::src::cmd_queue	commands
src/cmd_wait_for.rs	cmdq_error	crate::src::cmd_queue	commands
src/cmd_wait_for.rs	log_debug	crate::src::log	support
src/colour.rs	strtonum	crate::src::compat::strtonum	support
src/colour.rs	xcalloc	crate::src::xmalloc	support
src/colour.rs	xstrndup	crate::src::xmalloc	support
src/colour.rs	xsnprintf	crate::src::xmalloc	support
src/colour.rs	options_get	crate::src::options	model
src/colour.rs	options_array_getv	crate::src::options	model
src/colour.rs	options_array_first	crate::src::options	model
src/colour.rs	log_debug	crate::src::log	support
src/compat/getdtablecount.rs	fatal	crate::src::log	support
src/compat/imsg.rs	ibuf_open	crate::src::compat::imsg_buffer	support
src/compat/imsg.rs	ibuf_dynamic	crate::src::compat::imsg_buffer	support
src/compat/imsg.rs	ibuf_add	crate::src::compat::imsg_buffer	support
src/compat/imsg.rs	ibuf_add_ibuf	crate::src::compat::imsg_buffer	support
src/compat/imsg.rs	ibuf_set_h32	crate::src::compat::imsg_buffer	support
src/compat/imsg.rs	ibuf_set_maxsize	crate::src::compat::imsg_buffer	support
src/compat/imsg.rs	ibuf_data	crate::src::compat::imsg_buffer	support
src/compat/imsg.rs	ibuf_size	crate::src::compat::imsg_buffer	support
src/compat/imsg.rs	ibuf_rewind	crate::src::compat::imsg_buffer	support
src/compat/imsg.rs	ibuf_close	crate::src::compat::imsg_buffer	support
src/compat/imsg.rs	ibuf_get	crate::src::compat::imsg_buffer	support
src/compat/imsg.rs	ibuf_get_ibuf	crate::src::compat::imsg_buffer	support
src/compat/imsg.rs	ibuf_get_strbuf	crate::src::compat::imsg_buffer	support
src/compat/imsg.rs	ibuf_skip	crate::src::compat::imsg_buffer	support
src/compat/imsg.rs	ibuf_free	crate::src::compat::imsg_buffer	support
src/compat/imsg.rs	ibuf_fd_avail	crate::src::compat::imsg_buffer	support
src/compat/imsg.rs	ibuf_fd_get	crate::src::compat::imsg_buffer	support
src/compat/imsg.rs	ibuf_fd_set	crate::src::compat::imsg_buffer	support
src/compat/imsg.rs	msgbuf_new_reader	crate::src::compat::imsg_buffer	support
src/compat/imsg.rs	msgbuf_free	crate::src::compat::imsg_buffer	support
src/compat/imsg.rs	msgbuf_queuelen	crate::src::compat::imsg_buffer	support
src/compat/imsg.rs	ibuf_write	crate::src::compat::imsg_buffer	support
src/compat/imsg.rs	msgbuf_write	crate::src::compat::imsg_buffer	support
src/compat/imsg.rs	ibuf_read	crate::src::compat::imsg_buffer	support
src/compat/imsg.rs	msgbuf_read	crate::src::compat::imsg_buffer	support
src/compat/imsg.rs	msgbuf_get	crate::src::compat::imsg_buffer	support
src/compat/imsg.rs	ibufq_pop	crate::src::compat::imsg_buffer	support
src/compat/imsg.rs	ibufq_push	crate::src::compat::imsg_buffer	support
src/compat/imsg_buffer.rs	htonll	crate::src::compat::htonll	support
src/compat/imsg_buffer.rs	ntohll	crate::src::compat::ntohll	support
src/compat/imsg_buffer.rs	freezero	crate::src::compat::freezero	support
src/compat/setproctitle.rs	getprogname	crate::src::compat::getprogname	support
src/compat/systemd.rs	xstrdup	crate::src::xmalloc	support
src/compat/systemd.rs	xasprintf	crate::src::xmalloc	support
src/compat/systemd.rs	socket_path	crate::src::tmux	server
src/compat/systemd.rs	server_create_socket	crate::src::server	server
src/control.rs	xcalloc	crate::src::xmalloc	support
src/control.rs	xstrdup	crate::src::xmalloc	support
src/control.rs	xasprintf	crate::src::xmalloc	support
src/control.rs	xvasprintf	crate::src::xmalloc	support
src/control.rs	setblocking	crate::src::tmux	server
src/control.rs	get_timer	crate::src::tmux	server
src/control.rs	cmd_parse_and_append	crate::src::cmd_parse	commands
src/control.rs	cmdq_new_state	crate::src::cmd_queue	commands
src/control.rs	cmdq_free_state	crate::src::cmd_queue	commands
src/control.rs	cmdq_get_client	crate::src::cmd_queue	commands
src/control.rs	cmdq_get_callback1	crate::src::cmd_queue	commands
src/control.rs	cmdq_append	crate::src::cmd_queue	commands
src/control.rs	cmdq_guard	crate::src::cmd_queue	commands
src/control.rs	winlink_find_by_window	crate::src::window	model
src/control.rs	window_pane_find_by_id	crate::src::window	model
src/control.rs	window_pane_get_new_data	crate::src::window	model
src/control.rs	window_pane_update_used_data	crate::src::window	model
src/control.rs	monitor_create_client	crate::src::monitor	model
src/control.rs	monitor_destroy	crate::src::monitor	model
src/control.rs	monitor_add	crate::src::monitor	model
src/control.rs	monitor_remove	crate::src::monitor	model
src/control.rs	log_debug	crate::src::log	support
src/control.rs	fatalx	crate::src::log	support
src/control_notify.rs	format_create	crate::src::format	model
src/control_notify.rs	format_free	crate::src::format	model
src/control_notify.rs	format_expand	crate::src::format	model
src/control_notify.rs	format_defaults	crate::src::format	model
src/control_notify.rs	event_payload_get_string	crate::src::events_payload	model
src/control_notify.rs	event_payload_print	crate::src::events_payload	model
src/control_notify.rs	event_payload_get_client	crate::src::events_payload	model
src/control_notify.rs	event_payload_get_session	crate::src::events_payload	model
src/control_notify.rs	event_payload_get_window	crate::src::events_payload	model
src/control_notify.rs	event_payload_get_pane	crate::src::events_payload	model
src/control_notify.rs	events_add_sink	crate::src::events	model
src/control_notify.rs	clients	crate::src::server	server
src/control_notify.rs	winlink_find_by_window_id	crate::src::window	model
src/control_notify.rs	control_notify_write	crate::src::control	server
src/environ.rs	xmalloc	crate::src::xmalloc	support
src/environ.rs	xcalloc	crate::src::xmalloc	support
src/environ.rs	xstrdup	crate::src::xmalloc	support
src/environ.rs	xvasprintf	crate::src::xmalloc	support
src/environ.rs	global_options	crate::src::tmux	server
src/environ.rs	global_environ	crate::src::tmux	server
src/environ.rs	socket_path	crate::src::tmux	server
src/environ.rs	getversion	crate::src::tmux	server
src/environ.rs	options_get	crate::src::options	model
src/environ.rs	options_array_first	crate::src::options	model
src/environ.rs	options_array_next	crate::src::options	model
src/environ.rs	options_array_item_value	crate::src::options	model
src/environ.rs	options_get_string	crate::src::options	model
src/environ.rs	log_debug	crate::src::log	support
src/events.rs	xcalloc	crate::src::xmalloc	support
src/events.rs	xstrdup	crate::src::xmalloc	support
src/events.rs	event_payload_create	crate::src::events_payload	model
src/events.rs	event_payload_free	crate::src::events_payload	model
src/events.rs	event_payload_log	crate::src::events_payload	model
src/events.rs	event_payload_set_target	crate::src::events_payload	model
src/events.rs	event_payload_set_string	crate::src::events_payload	model
src/events.rs	event_payload_set_int	crate::src::events_payload	model
src/events.rs	event_payload_set_client	crate::src::events_payload	model
src/events.rs	event_payload_set_session	crate::src::events_payload	model
src/events.rs	event_payload_set_window	crate::src::events_payload	model
src/events.rs	event_payload_set_pane	crate::src::events_payload	model
src/events.rs	cmd_find_from_session	crate::src::cmd_find	commands
src/events.rs	cmd_find_from_winlink	crate::src::cmd_find	commands
src/events.rs	cmd_find_from_window	crate::src::cmd_find	commands
src/events.rs	cmd_find_from_pane	crate::src::cmd_find	commands
src/events.rs	cmd_find_from_client	crate::src::cmd_find	commands
src/events.rs	session_alive	crate::src::session	model
src/events.rs	log_get_level	crate::src::log	support
src/events_payload.rs	xcalloc	crate::src::xmalloc	support
src/events_payload.rs	xstrdup	crate::src::xmalloc	support
src/events_payload.rs	xmemdup	crate::src::xmalloc	support
src/events_payload.rs	xasprintf	crate::src::xmalloc	support
src/events_payload.rs	xvasprintf	crate::src::xmalloc	support
src/events_payload.rs	format_add	crate::src::format	model
src/events_payload.rs	cmd_find_clear_state	crate::src::cmd_find	commands
src/events_payload.rs	cmd_find_valid_state	crate::src::cmd_find	commands
src/events_payload.rs	cmd_find_from_session	crate::src::cmd_find	commands
src/events_payload.rs	cmd_find_from_winlink	crate::src::cmd_find	commands
src/events_payload.rs	cmd_find_from_session_window	crate::src::cmd_find	commands
src/events_payload.rs	cmd_find_from_winlink_pane	crate::src::cmd_find	commands
src/events_payload.rs	cmd_find_from_pane	crate::src::cmd_find	commands
src/events_payload.rs	cmd_find_from_nothing	crate::src::cmd_find	commands
src/events_payload.rs	server_client_unref	crate::src::server_client	server
src/events_payload.rs	winlink_find_by_index	crate::src::window	model
src/events_payload.rs	window_has_pane	crate::src::window	model
src/events_payload.rs	window_add_ref	crate::src::window	model
src/events_payload.rs	window_remove_ref	crate::src::window	model
src/events_payload.rs	window_pane_add_ref	crate::src::window	model
src/events_payload.rs	window_pane_remove_ref	crate::src::window	model
src/events_payload.rs	session_alive	crate::src::session	model
src/events_payload.rs	session_add_ref	crate::src::session	model
src/events_payload.rs	session_remove_ref	crate::src::session	model
src/events_payload.rs	log_debug	crate::src::log	support
src/events_payload.rs	fatalx	crate::src::log	support
src/file.rs	xmalloc	crate::src::xmalloc	support
src/file.rs	xcalloc	crate::src::xmalloc	support
src/file.rs	xrealloc	crate::src::xmalloc	support
src/file.rs	xstrdup	crate::src::xmalloc	support
src/file.rs	xasprintf	crate::src::xmalloc	support
src/file.rs	find_home	crate::src::tmux	server
src/file.rs	proc_send	crate::src::proc	server
src/file.rs	server_client_unref	crate::src::server_client	server
src/file.rs	server_client_get_cwd	crate::src::server_client	server
src/file.rs	log_debug	crate::src::log	support
src/file.rs	fatalx	crate::src::log	support
src/format.rs	strtonum	crate::src::compat::strtonum	support
src/format.rs	global_options	crate::src::tmux	server
src/format.rs	global_s_options	crate::src::tmux	server
src/format.rs	global_w_options	crate::src::tmux	server
src/format.rs	global_environ	crate::src::tmux	server
src/format.rs	start_time	crate::src::tmux	server
src/format.rs	socket_path	crate::src::tmux	server
src/format.rs	get_timer	crate::src::tmux	server
src/format.rs	sig2name	crate::src::tmux	server
src/format.rs	getversion	crate::src::tmux	server
src/format.rs	proc_get_peer_uid	crate::src::proc	server
src/format.rs	cfg_files	crate::src::cfg	commands
src/format.rs	cfg_nfiles	crate::src::cfg	commands
src/format.rs	paste_buffer_name	crate::src::paste	model
src/format.rs	paste_buffer_created	crate::src::paste	model
src/format.rs	paste_buffer_data	crate::src::paste	model
src/format.rs	paste_get_top	crate::src::paste	model
src/format.rs	paste_make_sample	crate::src::paste	model
src/format.rs	sort_get_clients	crate::src::sort	model
src/format.rs	sort_get_sessions	crate::src::sort	model
src/format.rs	sort_get_panes_window	crate::src::sort	model
src/format.rs	sort_get_winlinks_session	crate::src::sort	model
src/format.rs	format_width	crate::src::format_draw	model
src/format.rs	format_trim_left	crate::src::format_draw	model
src/format.rs	format_trim_right	crate::src::format_draw	model
src/format.rs	options_first	crate::src::options	model
src/format.rs	options_next	crate::src::options	model
src/format.rs	options_name	crate::src::options	model
src/format.rs	options_table_entry	crate::src::options	model
src/format.rs	options_array_first	crate::src::options	model
src/format.rs	options_array_next	crate::src::options	model
src/format.rs	options_array_item_key	crate::src::options	model
src/format.rs	options_is_array	crate::src::options	model
src/format.rs	options_to_string	crate::src::options	model
src/format.rs	options_parse_get	crate::src::options	model
src/format.rs	options_get_string	crate::src::options	model
src/format.rs	options_get_number	crate::src::options	model
src/format.rs	job_run	crate::src::job	server
src/format.rs	job_free	crate::src::job	server
src/format.rs	job_get_data	crate::src::job	server
src/format.rs	job_get_event	crate::src::job	server
src/format.rs	environ_first	crate::src::environ	model
src/format.rs	environ_next	crate::src::environ	model
src/format.rs	environ_find	crate::src::environ	model
src/format.rs	tty_window_offset	crate::src::tty	terminal
src/format.rs	tty_default_colours	crate::src::tty	terminal
src/format.rs	tty_term_has_name	crate::src::tty_term	terminal
src/format.rs	tty_term_number	crate::src::tty_term	terminal
src/format.rs	tty_get_features	crate::src::tty_features	terminal
src/format.rs	tty_feature_present	crate::src::tty_features	terminal
src/format.rs	args_escape	crate::src::arguments	commands
src/format.rs	cmd_free_argv	crate::src::cmd	commands
src/format.rs	cmd_stringify_argv	crate::src::cmd	commands
src/format.rs	cmd_mouse_at	crate::src::cmd	commands
src/format.rs	cmd_mouse_pane	crate::src::cmd	commands
src/format.rs	cmdq_merge_formats	crate::src::cmd_queue	commands
src/format.rs	cmdq_get_client	crate::src::cmd_queue	commands
src/format.rs	cmdq_get_target_client	crate::src::cmd_queue	commands
src/format.rs	cmdq_get_target	crate::src::cmd_queue	commands
src/format.rs	cmdq_get_event	crate::src::cmd_queue	commands
src/format.rs	cmdq_print	crate::src::cmd_queue	commands
src/format.rs	clients	crate::src::server	server
src/format.rs	marked_pane	crate::src::server	server
src/format.rs	server_check_marked	crate::src::server	server
src/format.rs	server_client_get_key_table	crate::src::server_client	server
src/format.rs	server_client_unref	crate::src::server_client	server
src/format.rs	server_client_get_cwd	crate::src::server_client	server
src/format.rs	server_client_get_flags	crate::src::server_client	server
src/format.rs	server_status_client	crate::src::server_fn	server
src/format.rs	status_get_range	crate::src::status	model
src/format.rs	colour_force_rgb	crate::src::colour	support
src/format.rs	colour_tostring	crate::src::colour	support
src/format.rs	colour_toescape	crate::src::colour	support
src/format.rs	colour_fromstring	crate::src::colour	support
src/format.rs	fuzzy_match	crate::src::fuzzy	model
src/format.rs	grid_peek_line	crate::src::grid	terminal
src/format.rs	grid_get_cell	crate::src::grid	terminal
src/format.rs	grid_get_line	crate::src::grid	terminal
src/format.rs	grid_line_length	crate::src::grid	terminal
src/format.rs	grid_view_get_cell	crate::src::grid_view	terminal
src/format.rs	winlinks_RB_NEXT	crate::src::window	model
src/format.rs	winlinks_RB_MINMAX	crate::src::window	model
src/format.rs	winlink_find_by_window	crate::src::window	model
src/format.rs	winlink_count	crate::src::window	model
src/format.rs	window_pane_index	crate::src::window	model
src/format.rs	window_pane_zindex	crate::src::window	model
src/format.rs	window_count_panes	crate::src::window	model
src/format.rs	window_pane_search	crate::src::window	model
src/format.rs	window_printable_flags	crate::src::window	model
src/format.rs	window_pane_printable_flags	crate::src::window	model
src/format.rs	window_pane_mode	crate::src::window	model
src/format.rs	window_pane_scrollbar_reserve	crate::src::window	model
src/format.rs	window_get_pane_status	crate::src::window	model
src/format.rs	window_pane_get_pane_status	crate::src::window	model
src/format.rs	window_pane_is_floating	crate::src::window	model
src/format.rs	layout_add_horizontal_border	crate::src::layout	terminal
src/format.rs	layout_dump	crate::src::layout_custom	terminal
src/format.rs	window_buffer_mode	crate::src::window_buffer	terminal
src/format.rs	window_tree_mode	crate::src::window_tree	terminal
src/format.rs	window_client_mode	crate::src::window_client	terminal
src/format.rs	window_copy_get_word	crate::src::window_copy	terminal
src/format.rs	window_copy_get_line	crate::src::window_copy	terminal
src/format.rs	window_copy_get_hyperlink	crate::src::window_copy	terminal
src/format.rs	parse_window_name	crate::src::names	model
src/format.rs	sessions	crate::src::session	model
src/format.rs	session_groups	crate::src::session	model
src/format.rs	next_session_id	crate::src::session	model
src/format.rs	sessions_RB_MINMAX	crate::src::session	model
src/format.rs	sessions_RB_NEXT	crate::src::session	model
src/format.rs	session_groups_RB_NEXT	crate::src::session	model
src/format.rs	session_groups_RB_MINMAX	crate::src::session	model
src/format.rs	session_alive	crate::src::session	model
src/format.rs	session_group_contains	crate::src::session	model
src/format.rs	session_group_count	crate::src::session	model
src/format.rs	session_group_attached_count	crate::src::session	model
src/format.rs	utf8_set	crate::src::utf8	support
src/format.rs	utf8_tocstr	crate::src::utf8	support
src/format.rs	utf8_padcstr	crate::src::utf8	support
src/format.rs	utf8_rpadcstr	crate::src::utf8	support
src/format.rs	utf8_cstrhas	crate::src::utf8	support
src/format.rs	osdep_get_name	crate::src::osdep_linux	model
src/format.rs	osdep_get_cwd	crate::src::osdep_linux	model
src/format.rs	log_get_level	crate::src::log	support
src/format.rs	log_debug	crate::src::log	support
src/format.rs	fatalx	crate::src::log	support
src/format.rs	regsub	crate::src::regsub	model
src/format.rs	hyperlinks_get	crate::src::hyperlinks	terminal
src/format.rs	xmalloc	crate::src::xmalloc	support
src/format.rs	xcalloc	crate::src::xmalloc	support
src/format.rs	xrealloc	crate::src::xmalloc	support
src/format.rs	xreallocarray	crate::src::xmalloc	support
src/format.rs	xstrdup	crate::src::xmalloc	support
src/format.rs	xstrndup	crate::src::xmalloc	support
src/format.rs	xmemdup	crate::src::xmalloc	support
src/format.rs	xasprintf	crate::src::xmalloc	support
src/format.rs	xvasprintf	crate::src::xmalloc	support
src/format.rs	xsnprintf	crate::src::xmalloc	support
src/format_draw.rs	xcalloc	crate::src::xmalloc	support
src/format_draw.rs	xstrdup	crate::src::xmalloc	support
src/format_draw.rs	xstrndup	crate::src::xmalloc	support
src/format_draw.rs	format_skip	crate::src::format	model
src/format_draw.rs	grid_default_cell	crate::src::grid	terminal
src/format_draw.rs	screen_write_start	crate::src::screen_write	terminal
src/format_draw.rs	screen_write_stop	crate::src::screen_write	terminal
src/format_draw.rs	screen_write_putc	crate::src::screen_write	terminal
src/format_draw.rs	screen_write_fast_copy	crate::src::screen_write	terminal
src/format_draw.rs	screen_write_clearendofline	crate::src::screen_write	terminal
src/format_draw.rs	screen_write_cursormove	crate::src::screen_write	terminal
src/format_draw.rs	screen_write_cell	crate::src::screen_write	terminal
src/format_draw.rs	screen_init	crate::src::screen	terminal
src/format_draw.rs	screen_free	crate::src::screen	terminal
src/format_draw.rs	utf8_set	crate::src::utf8	support
src/format_draw.rs	utf8_open	crate::src::utf8	support
src/format_draw.rs	utf8_append	crate::src::utf8	support
src/format_draw.rs	log_debug	crate::src::log	support
src/format_draw.rs	style_parse	crate::src::style	terminal
src/format_draw.rs	style_tostring	crate::src::style	terminal
src/format_draw.rs	style_link	crate::src::style	terminal
src/format_draw.rs	style_set	crate::src::style	terminal
src/format_draw.rs	style_copy	crate::src::style	terminal
src/format_draw.rs	hyperlinks_put	crate::src::hyperlinks	terminal
src/fuzzy.rs	xcalloc	crate::src::xmalloc	support
src/fuzzy.rs	xreallocarray	crate::src::xmalloc	support
src/fuzzy.rs	xstrndup	crate::src::xmalloc	support
src/fuzzy.rs	format_skip	crate::src::format	model
src/fuzzy.rs	grid_default_cell	crate::src::grid	terminal
src/fuzzy.rs	utf8_set	crate::src::utf8	support
src/fuzzy.rs	utf8_open	crate::src::utf8	support
src/fuzzy.rs	utf8_append	crate::src::utf8	support
src/fuzzy.rs	style_parse	crate::src::style	terminal
src/fuzzy.rs	style_set	crate::src::style	terminal
src/grid.rs	xmalloc	crate::src::xmalloc	support
src/grid.rs	xcalloc	crate::src::xmalloc	support
src/grid.rs	xreallocarray	crate::src::xmalloc	support
src/grid.rs	xasprintf	crate::src::xmalloc	support
src/grid.rs	xsnprintf	crate::src::xmalloc	support
src/grid.rs	start_time	crate::src::tmux	server
src/grid.rs	current_time	crate::src::server	server
src/grid.rs	colour_split_rgb	crate::src::colour	support
src/grid.rs	colour_theme_terminal_colour	crate::src::colour	support
src/grid.rs	utf8_has_whitespace	crate::src::utf8	support
src/grid.rs	utf8_build_one	crate::src::utf8	support
src/grid.rs	utf8_from_data	crate::src::utf8	support
src/grid.rs	utf8_to_data	crate::src::utf8	support
src/grid.rs	utf8_set	crate::src::utf8	support
src/grid.rs	utf8_cstrhas	crate::src::utf8	support
src/grid.rs	log_debug	crate::src::log	support
src/grid.rs	fatalx	crate::src::log	support
src/grid.rs	hyperlinks_get	crate::src::hyperlinks	terminal
src/grid_reader.rs	grid_get_cell	crate::src::grid	terminal
src/grid_reader.rs	grid_get_line	crate::src::grid	terminal
src/grid_reader.rs	grid_line_length	crate::src::grid	terminal
src/grid_reader.rs	grid_line_limit	crate::src::grid	terminal
src/grid_reader.rs	grid_in_set	crate::src::grid	terminal
src/grid_view.rs	grid_collect_history	crate::src::grid	terminal
src/grid_view.rs	grid_scroll_history	crate::src::grid	terminal
src/grid_view.rs	grid_scroll_history_region	crate::src::grid	terminal
src/grid_view.rs	grid_get_cell	crate::src::grid	terminal
src/grid_view.rs	grid_set_cell	crate::src::grid	terminal
src/grid_view.rs	grid_set_padding	crate::src::grid	terminal
src/grid_view.rs	grid_set_cells	crate::src::grid	terminal
src/grid_view.rs	grid_get_line	crate::src::grid	terminal
src/grid_view.rs	grid_clear	crate::src::grid	terminal
src/grid_view.rs	grid_move_lines	crate::src::grid	terminal
src/grid_view.rs	grid_move_cells	crate::src::grid	terminal
src/grid_view.rs	grid_string_cells	crate::src::grid	terminal
src/hooks.rs	xcalloc	crate::src::xmalloc	support
src/hooks.rs	xstrdup	crate::src::xmalloc	support
src/hooks.rs	xasprintf	crate::src::xmalloc	support
src/hooks.rs	global_s_options	crate::src::tmux	server
src/hooks.rs	format_create	crate::src::format	model
src/hooks.rs	format_free	crate::src::format	model
src/hooks.rs	format_merge	crate::src::format	model
src/hooks.rs	format_add	crate::src::format	model
src/hooks.rs	format_log_debug	crate::src::format	model
src/hooks.rs	format_expand	crate::src::format	model
src/hooks.rs	format_create_defaults	crate::src::format	model
src/hooks.rs	event_payload_create	crate::src::events_payload	model
src/hooks.rs	event_payload_set_target	crate::src::events_payload	model
src/hooks.rs	event_payload_get_target	crate::src::events_payload	model
src/hooks.rs	event_payload_set_string	crate::src::events_payload	model
src/hooks.rs	event_payload_set_int	crate::src::events_payload	model
src/hooks.rs	event_payload_set_client	crate::src::events_payload	model
src/hooks.rs	event_payload_set_session	crate::src::events_payload	model
src/hooks.rs	event_payload_set_window	crate::src::events_payload	model
src/hooks.rs	event_payload_set_pane	crate::src::events_payload	model
src/hooks.rs	event_payload_set_pointer	crate::src::events_payload	model
src/hooks.rs	event_payload_add_formats	crate::src::events_payload	model
src/hooks.rs	event_payload_get_client	crate::src::events_payload	model
src/hooks.rs	event_payload_get_pointer	crate::src::events_payload	model
src/hooks.rs	events_add_sink	crate::src::events	model
src/hooks.rs	events_remove_sink	crate::src::events	model
src/hooks.rs	events_fire	crate::src::events	model
src/hooks.rs	options_name	crate::src::options	model
src/hooks.rs	options_get_monitor_data	crate::src::options	model
src/hooks.rs	options_set_monitor_data	crate::src::options	model
src/hooks.rs	options_hook_fired	crate::src::options	model
src/hooks.rs	options_get_only	crate::src::options	model
src/hooks.rs	options_get	crate::src::options	model
src/hooks.rs	options_array_first	crate::src::options	model
src/hooks.rs	options_array_next	crate::src::options	model
src/hooks.rs	options_array_item_value	crate::src::options	model
src/hooks.rs	options_search	crate::src::options	model
src/hooks.rs	options_get_string	crate::src::options	model
src/hooks.rs	options_set_string	crate::src::options	model
src/hooks.rs	options_table	crate::src::options_table	model
src/hooks.rs	cmd_find_clear_state	crate::src::cmd_find	commands
src/hooks.rs	cmd_find_empty_state	crate::src::cmd_find	commands
src/hooks.rs	cmd_find_valid_state	crate::src::cmd_find	commands
src/hooks.rs	cmd_find_copy_state	crate::src::cmd_find	commands
src/hooks.rs	cmd_find_from_session	crate::src::cmd_find	commands
src/hooks.rs	cmd_find_from_winlink	crate::src::cmd_find	commands
src/hooks.rs	cmd_find_from_winlink_pane	crate::src::cmd_find	commands
src/hooks.rs	cmd_find_from_pane	crate::src::cmd_find	commands
src/hooks.rs	cmd_find_from_nothing	crate::src::cmd_find	commands
src/hooks.rs	cmd_list_print	crate::src::cmd	commands
src/hooks.rs	cmd_parse_from_string	crate::src::cmd_parse	commands
src/hooks.rs	cmdq_new_state	crate::src::cmd_queue	commands
src/hooks.rs	cmdq_free_state	crate::src::cmd_queue	commands
src/hooks.rs	cmdq_add_formats	crate::src::cmd_queue	commands
src/hooks.rs	cmdq_get_client	crate::src::cmd_queue	commands
src/hooks.rs	cmdq_get_target	crate::src::cmd_queue	commands
src/hooks.rs	cmdq_get_event	crate::src::cmd_queue	commands
src/hooks.rs	cmdq_get_flags	crate::src::cmd_queue	commands
src/hooks.rs	cmdq_get_command	crate::src::cmd_queue	commands
src/hooks.rs	cmdq_insert_after	crate::src::cmd_queue	commands
src/hooks.rs	cmdq_append	crate::src::cmd_queue	commands
src/hooks.rs	cmdq_running	crate::src::cmd_queue	commands
src/hooks.rs	cmdq_error	crate::src::cmd_queue	commands
src/hooks.rs	monitor_create_session	crate::src::monitor	model
src/hooks.rs	monitor_destroy	crate::src::monitor	model
src/hooks.rs	monitor_add	crate::src::monitor	model
src/hooks.rs	monitor_get_fire_count	crate::src::monitor	model
src/hooks.rs	monitor_get_fire_time	crate::src::monitor	model
src/hooks.rs	log_get_level	crate::src::log	support
src/hooks.rs	log_debug	crate::src::log	support
src/hyperlinks.rs	xcalloc	crate::src::xmalloc	support
src/hyperlinks.rs	xasprintf	crate::src::xmalloc	support
src/hyperlinks.rs	utf8_stravis	crate::src::utf8	support
src/input.rs	strtonum	crate::src::compat::strtonum	support
src/input.rs	xmalloc	crate::src::xmalloc	support
src/input.rs	xcalloc	crate::src::xmalloc	support
src/input.rs	xrealloc	crate::src::xmalloc	support
src/input.rs	xstrdup	crate::src::xmalloc	support
src/input.rs	xstrndup	crate::src::xmalloc	support
src/input.rs	xvasprintf	crate::src::xmalloc	support
src/input.rs	xsnprintf	crate::src::xmalloc	support
src/input.rs	global_options	crate::src::tmux	server
src/input.rs	global_w_options	crate::src::tmux	server
src/input.rs	get_timer	crate::src::tmux	server
src/input.rs	getversion	crate::src::tmux	server
src/input.rs	paste_buffer_data	crate::src::paste	model
src/input.rs	paste_get_top	crate::src::paste	model
src/input.rs	paste_add	crate::src::paste	model
src/input.rs	event_payload_create	crate::src::events_payload	model
src/input.rs	event_payload_set_target	crate::src::events_payload	model
src/input.rs	event_payload_set_string	crate::src::events_payload	model
src/input.rs	event_payload_set_time	crate::src::events_payload	model
src/input.rs	event_payload_set_int	crate::src::events_payload	model
src/input.rs	event_payload_set_uint	crate::src::events_payload	model
src/input.rs	event_payload_set_session	crate::src::events_payload	model
src/input.rs	event_payload_set_window	crate::src::events_payload	model
src/input.rs	event_payload_set_pane	crate::src::events_payload	model
src/input.rs	events_fire	crate::src::events	model
src/input.rs	events_fire_pane	crate::src::events	model
src/input.rs	options_get_only	crate::src::options	model
src/input.rs	options_get_number	crate::src::options	model
src/input.rs	options_set_number	crate::src::options	model
src/input.rs	options_remove_or_default	crate::src::options	model
src/input.rs	tty_putcode_ss	crate::src::tty	terminal
src/input.rs	tty_puts	crate::src::tty	terminal
src/input.rs	tty_set_selection	crate::src::tty	terminal
src/input.rs	tty_default_colours	crate::src::tty	terminal
src/input.rs	cmd_find_from_pane	crate::src::cmd_find	commands
src/input.rs	alerts_queue	crate::src::alerts	model
src/input.rs	clients	crate::src::server	server
src/input.rs	server_redraw_window_borders	crate::src::server_fn	server
src/input.rs	server_status_window	crate::src::server_fn	server
src/input.rs	colour_join_rgb	crate::src::colour	support
src/input.rs	colour_split_rgb	crate::src::colour	support
src/input.rs	colour_force_rgb	crate::src::colour	support
src/input.rs	colour_parseX11	crate::src::colour	support
src/input.rs	colour_palette_clear	crate::src::colour	support
src/input.rs	colour_palette_get	crate::src::colour	support
src/input.rs	colour_palette_set	crate::src::colour	support
src/input.rs	grid_default_cell	crate::src::grid	terminal
src/input.rs	grid_set_tab	crate::src::grid	terminal
src/input.rs	grid_cells_look_equal	crate::src::grid	terminal
src/input.rs	grid_get_cell	crate::src::grid	terminal
src/input.rs	grid_get_line	crate::src::grid	terminal
src/input.rs	screen_write_start_pane	crate::src::screen_write	terminal
src/input.rs	screen_write_start	crate::src::screen_write	terminal
src/input.rs	screen_write_start_callback	crate::src::screen_write	terminal
src/input.rs	screen_write_stop	crate::src::screen_write	terminal
src/input.rs	screen_write_reset	crate::src::screen_write	terminal
src/input.rs	screen_write_backspace	crate::src::screen_write	terminal
src/input.rs	screen_write_mode_set	crate::src::screen_write	terminal
src/input.rs	screen_write_mode_clear	crate::src::screen_write	terminal
src/input.rs	screen_write_start_sync	crate::src::screen_write	terminal
src/input.rs	screen_write_stop_sync	crate::src::screen_write	terminal
src/input.rs	screen_write_end_sync	crate::src::screen_write	terminal
src/input.rs	screen_write_cursorup	crate::src::screen_write	terminal
src/input.rs	screen_write_cursordown	crate::src::screen_write	terminal
src/input.rs	screen_write_cursorright	crate::src::screen_write	terminal
src/input.rs	screen_write_cursorleft	crate::src::screen_write	terminal
src/input.rs	screen_write_alignmenttest	crate::src::screen_write	terminal
src/input.rs	screen_write_insertcharacter	crate::src::screen_write	terminal
src/input.rs	screen_write_deletecharacter	crate::src::screen_write	terminal
src/input.rs	screen_write_clearcharacter	crate::src::screen_write	terminal
src/input.rs	screen_write_insertline	crate::src::screen_write	terminal
src/input.rs	screen_write_deleteline	crate::src::screen_write	terminal
src/input.rs	screen_write_clearline	crate::src::screen_write	terminal
src/input.rs	screen_write_clearendofline	crate::src::screen_write	terminal
src/input.rs	screen_write_clearstartofline	crate::src::screen_write	terminal
src/input.rs	screen_write_cursormove	crate::src::screen_write	terminal
src/input.rs	screen_write_reverseindex	crate::src::screen_write	terminal
src/input.rs	screen_write_scrollregion	crate::src::screen_write	terminal
src/input.rs	screen_write_linefeed	crate::src::screen_write	terminal
src/input.rs	screen_write_scrollup	crate::src::screen_write	terminal
src/input.rs	screen_write_scrolldown	crate::src::screen_write	terminal
src/input.rs	screen_write_carriagereturn	crate::src::screen_write	terminal
src/input.rs	screen_write_clearendofscreen	crate::src::screen_write	terminal
src/input.rs	screen_write_clearstartofscreen	crate::src::screen_write	terminal
src/input.rs	screen_write_clearscreen	crate::src::screen_write	terminal
src/input.rs	screen_write_clearhistory	crate::src::screen_write	terminal
src/input.rs	screen_write_fullredraw	crate::src::screen_write	terminal
src/input.rs	screen_write_collect_end	crate::src::screen_write	terminal
src/input.rs	screen_write_collect_add	crate::src::screen_write	terminal
src/input.rs	screen_write_setselection	crate::src::screen_write	terminal
src/input.rs	screen_write_rawstring	crate::src::screen_write	terminal
src/input.rs	screen_write_alternateon	crate::src::screen_write	terminal
src/input.rs	screen_write_alternateoff	crate::src::screen_write	terminal
src/input.rs	screen_set_cursor_style	crate::src::screen	terminal
src/input.rs	screen_set_cursor_colour	crate::src::screen	terminal
src/input.rs	screen_set_title	crate::src::screen	terminal
src/input.rs	screen_set_path	crate::src::screen	terminal
src/input.rs	screen_push_title	crate::src::screen	terminal
src/input.rs	screen_pop_title	crate::src::screen	terminal
src/input.rs	screen_set_progress_bar	crate::src::screen	terminal
src/input.rs	window_update_activity	crate::src::window	model
src/input.rs	window_set_name	crate::src::window	model
src/input.rs	window_pane_get_new_data	crate::src::window	model
src/input.rs	window_pane_update_used_data	crate::src::window	model
src/input.rs	window_pane_get_bg	crate::src::window	model
src/input.rs	window_pane_get_fg	crate::src::window	model
src/input.rs	window_pane_get_fg_control_client	crate::src::window	model
src/input.rs	window_pane_get_theme	crate::src::window	model
src/input.rs	session_has	crate::src::session	model
src/input.rs	utf8_set	crate::src::utf8	support
src/input.rs	utf8_copy	crate::src::utf8	support
src/input.rs	utf8_open	crate::src::utf8	support
src/input.rs	utf8_append	crate::src::utf8	support
src/input.rs	utf8_isvalid	crate::src::utf8	support
src/input.rs	log_debug	crate::src::log	support
src/input.rs	fatalx	crate::src::log	support
src/input.rs	hyperlinks_put	crate::src::hyperlinks	terminal
src/input_keys.rs	xcalloc	crate::src::xmalloc	support
src/input_keys.rs	xstrdup	crate::src::xmalloc	support
src/input_keys.rs	xsnprintf	crate::src::xmalloc	support
src/input_keys.rs	global_options	crate::src::tmux	server
src/input_keys.rs	options_get_number	crate::src::options	model
src/input_keys.rs	cmd_mouse_at	crate::src::cmd	commands
src/input_keys.rs	key_string_lookup_key	crate::src::key_string	model
src/input_keys.rs	window_pane_is_visible	crate::src::window	model
src/input_keys.rs	utf8_towc	crate::src::utf8	support
src/input_keys.rs	utf8_to_data	crate::src::utf8	support
src/input_keys.rs	log_get_level	crate::src::log	support
src/input_keys.rs	log_debug	crate::src::log	support
src/job.rs	fdforkpty	crate::src::compat::fdforkpty	support
src/job.rs	xcalloc	crate::src::xmalloc	support
src/job.rs	xstrdup	crate::src::xmalloc	support
src/job.rs	global_s_options	crate::src::tmux	server
src/job.rs	ptm_fd	crate::src::tmux	server
src/job.rs	checkshell	crate::src::tmux	server
src/job.rs	setblocking	crate::src::tmux	server
src/job.rs	shell_argv0	crate::src::tmux	server
src/job.rs	find_home	crate::src::tmux	server
src/job.rs	proc_clear_signals	crate::src::proc	server
src/job.rs	cfg_finished	crate::src::cfg	commands
src/job.rs	options_get_string	crate::src::options	model
src/job.rs	environ_free	crate::src::environ	model
src/job.rs	environ_copy	crate::src::environ	model
src/job.rs	environ_set	crate::src::environ	model
src/job.rs	environ_push	crate::src::environ	model
src/job.rs	environ_for_session	crate::src::environ	model
src/job.rs	cmd_log_argv	crate::src::cmd	commands
src/job.rs	cmd_copy_argv	crate::src::cmd	commands
src/job.rs	cmd_stringify_argv	crate::src::cmd	commands
src/job.rs	cmdq_print	crate::src::cmd_queue	commands
src/job.rs	server_proc	crate::src::server	server
src/job.rs	log_debug	crate::src::log	support
src/job.rs	fatal	crate::src::log	support
src/job.rs	fatalx	crate::src::log	support
src/json.rs	xmalloc	crate::src::xmalloc	support
src/json.rs	xcalloc	crate::src::xmalloc	support
src/json.rs	xrealloc	crate::src::xmalloc	support
src/json.rs	xstrdup	crate::src::xmalloc	support
src/json.rs	xstrndup	crate::src::xmalloc	support
src/json.rs	xmemdup	crate::src::xmalloc	support
src/json.rs	xasprintf	crate::src::xmalloc	support
src/json.rs	fatalx	crate::src::log	support
src/key_bindings.rs	xmalloc	crate::src::xmalloc	support
src/key_bindings.rs	xcalloc	crate::src::xmalloc	support
src/key_bindings.rs	xstrdup	crate::src::xmalloc	support
src/key_bindings.rs	cmd_list_free	crate::src::cmd	commands
src/key_bindings.rs	cmd_list_print	crate::src::cmd	commands
src/key_bindings.rs	cmd_list_all_have	crate::src::cmd	commands
src/key_bindings.rs	cmd_parse_from_string	crate::src::cmd_parse	commands
src/key_bindings.rs	cmdq_new_state	crate::src::cmd_queue	commands
src/key_bindings.rs	cmdq_free_state	crate::src::cmd_queue	commands
src/key_bindings.rs	cmdq_get_command	crate::src::cmd_queue	commands
src/key_bindings.rs	cmdq_get_callback1	crate::src::cmd_queue	commands
src/key_bindings.rs	cmdq_insert_after	crate::src::cmd_queue	commands
src/key_bindings.rs	cmdq_append	crate::src::cmd_queue	commands
src/key_bindings.rs	cmdq_error	crate::src::cmd_queue	commands
src/key_bindings.rs	key_string_lookup_key	crate::src::key_string	model
src/key_bindings.rs	clients	crate::src::server	server
src/key_bindings.rs	server_client_set_key_table	crate::src::server_client	server
src/key_bindings.rs	log_debug	crate::src::log	support
src/key_bindings.rs	fatalx	crate::src::log	support
src/key_string.rs	xsnprintf	crate::src::xmalloc	support
src/key_string.rs	utf8_from_data	crate::src::utf8	support
src/key_string.rs	utf8_to_data	crate::src::utf8	support
src/key_string.rs	utf8_open	crate::src::utf8	support
src/key_string.rs	utf8_append	crate::src::utf8	support
src/key_string.rs	utf8_fromcstr	crate::src::utf8	support
src/layout.rs	xcalloc	crate::src::xmalloc	support
src/layout.rs	xstrdup	crate::src::xmalloc	support
src/layout.rs	xasprintf	crate::src::xmalloc	support
src/layout.rs	events_fire_window	crate::src::events	model
src/layout.rs	args_has	crate::src::arguments	commands
src/layout.rs	args_strtonum_and_expand	crate::src::arguments	commands
src/layout.rs	args_percentage_and_expand	crate::src::arguments	commands
src/layout.rs	redraw_invalidate_scene	crate::src::screen_redraw	terminal
src/layout.rs	window_active_pane_is_over_zoom	crate::src::window	model
src/layout.rs	window_push_zoom	crate::src::window	model
src/layout.rs	window_pane_resize	crate::src::window	model
src/layout.rs	window_pane_scrollbar_reserve	crate::src::window	model
src/layout.rs	window_pane_get_pane_lines	crate::src::window	model
src/layout.rs	window_get_pane_status	crate::src::window	model
src/layout.rs	window_pane_get_pane_status	crate::src::window	model
src/layout.rs	window_pane_is_floating	crate::src::window	model
src/layout.rs	log_debug	crate::src::log	support
src/layout.rs	fatalx	crate::src::log	support
src/layout_custom.rs	xmalloc	crate::src::xmalloc	support
src/layout_custom.rs	xcalloc	crate::src::xmalloc	support
src/layout_custom.rs	xreallocarray	crate::src::xmalloc	support
src/layout_custom.rs	xstrdup	crate::src::xmalloc	support
src/layout_custom.rs	xasprintf	crate::src::xmalloc	support
src/layout_custom.rs	xvasprintf	crate::src::xmalloc	support
src/layout_custom.rs	events_fire_window	crate::src::events	model
src/layout_custom.rs	recalculate_sizes	crate::src::resize	model
src/layout_custom.rs	window_set_active_pane	crate::src::window	model
src/layout_custom.rs	window_resize	crate::src::window	model
src/layout_custom.rs	window_pane_index	crate::src::window	model
src/layout_custom.rs	window_pane_zindex	crate::src::window	model
src/layout_custom.rs	window_pane_last_index	crate::src::window	model
src/layout_custom.rs	window_count_panes	crate::src::window	model
src/layout_custom.rs	window_pane_stack_push	crate::src::window	model
src/layout_custom.rs	window_pane_stack_remove	crate::src::window	model
src/layout_custom.rs	window_pane_is_floating	crate::src::window	model
src/layout_custom.rs	layout_count_cells	crate::src::layout	terminal
src/layout_custom.rs	layout_create_cell	crate::src::layout	terminal
src/layout_custom.rs	layout_free_cell	crate::src::layout	terminal
src/layout_custom.rs	layout_print_cell	crate::src::layout	terminal
src/layout_custom.rs	layout_destroy_cell	crate::src::layout	terminal
src/layout_custom.rs	layout_set_size	crate::src::layout	terminal
src/layout_custom.rs	layout_make_leaf	crate::src::layout	terminal
src/layout_custom.rs	layout_cell_is_tiled	crate::src::layout	terminal
src/layout_custom.rs	layout_cell_has_tiled_child	crate::src::layout	terminal
src/layout_custom.rs	layout_fix_offsets	crate::src::layout	terminal
src/layout_custom.rs	layout_fix_panes	crate::src::layout	terminal
src/layout_custom.rs	layout_replace_with_node	crate::src::layout	terminal
src/layout_custom.rs	json_parse	crate::src::json	model
src/layout_custom.rs	json_destroy_node	crate::src::json	model
src/layout_custom.rs	json_find	crate::src::json	model
src/layout_custom.rs	json_array_first	crate::src::json	model
src/layout_custom.rs	json_array_next	crate::src::json	model
src/layout_custom.rs	json_get_object	crate::src::json	model
src/layout_custom.rs	json_find_string	crate::src::json	model
src/layout_custom.rs	json_find_number	crate::src::json	model
src/layout_custom.rs	json_find_boolean	crate::src::json	model
src/layout_custom.rs	json_find_object	crate::src::json	model
src/layout_custom.rs	json_find_array	crate::src::json	model
src/layout_set.rs	events_fire_window	crate::src::events	model
src/layout_set.rs	options_get_string	crate::src::options	model
src/layout_set.rs	options_get_number	crate::src::options	model
src/layout_set.rs	args_string_percentage	crate::src::arguments	commands
src/layout_set.rs	server_redraw_window	crate::src::server_fn	server
src/layout_set.rs	window_resize	crate::src::window	model
src/layout_set.rs	window_count_panes	crate::src::window	model
src/layout_set.rs	layout_create_cell	crate::src::layout	terminal
src/layout_set.rs	layout_print_cell	crate::src::layout	terminal
src/layout_set.rs	layout_set_size	crate::src::layout	terminal
src/layout_set.rs	layout_make_node	crate::src::layout	terminal
src/layout_set.rs	layout_cell_is_tiled	crate::src::layout	terminal
src/layout_set.rs	layout_fix_offsets	crate::src::layout	terminal
src/layout_set.rs	layout_fix_panes	crate::src::layout	terminal
src/layout_set.rs	layout_resize_adjust	crate::src::layout	terminal
src/layout_set.rs	layout_free	crate::src::layout	terminal
src/layout_set.rs	layout_spread_cell	crate::src::layout	terminal
src/log.rs	stravis	crate::src::compat::vis	support
src/log.rs	xasprintf	crate::src::xmalloc	support
src/menu.rs	xcalloc	crate::src::xmalloc	support
src/menu.rs	xreallocarray	crate::src::xmalloc	support
src/menu.rs	xstrdup	crate::src::xmalloc	support
src/menu.rs	xasprintf	crate::src::xmalloc	support
src/menu.rs	format_free	crate::src::format	model
src/menu.rs	format_single	crate::src::format	model
src/menu.rs	format_single_from_state	crate::src::format	model
src/menu.rs	format_create_defaults	crate::src::format	model
src/menu.rs	format_width	crate::src::format_draw	model
src/menu.rs	format_trim_right	crate::src::format_draw	model
src/menu.rs	options_get_number	crate::src::options	model
src/menu.rs	cmd_find_clear_state	crate::src::cmd_find	commands
src/menu.rs	cmd_find_copy_state	crate::src::cmd_find	commands
src/menu.rs	cmd_find_from_window	crate::src::cmd_find	commands
src/menu.rs	cmd_parse_and_append	crate::src::cmd_parse	commands
src/menu.rs	cmdq_new_state	crate::src::cmd_queue	commands
src/menu.rs	cmdq_free_state	crate::src::cmd_queue	commands
src/menu.rs	cmdq_get_event	crate::src::cmd_queue	commands
src/menu.rs	cmdq_get_error	crate::src::cmd_queue	commands
src/menu.rs	cmdq_append	crate::src::cmd_queue	commands
src/menu.rs	key_string_lookup_key	crate::src::key_string	model
src/menu.rs	server_redraw_window	crate::src::server_fn	server
src/menu.rs	server_redraw_window_menu	crate::src::server_fn	server
src/menu.rs	grid_default_cell	crate::src::grid	terminal
src/menu.rs	screen_write_start	crate::src::screen_write	terminal
src/menu.rs	screen_write_stop	crate::src::screen_write	terminal
src/menu.rs	screen_write_menu	crate::src::screen_write	terminal
src/menu.rs	screen_write_box	crate::src::screen_write	terminal
src/menu.rs	screen_write_clearscreen	crate::src::screen_write	terminal
src/menu.rs	redraw_invalidate_scene	crate::src::screen_redraw	terminal
src/menu.rs	screen_init	crate::src::screen	terminal
src/menu.rs	screen_free	crate::src::screen	terminal
src/menu.rs	window_update_focus	crate::src::window	model
src/menu.rs	style_parse	crate::src::style	terminal
src/menu.rs	style_apply	crate::src::style	terminal
src/menu.rs	style_set	crate::src::style	terminal
src/mode_tree.rs	xmalloc	crate::src::xmalloc	support
src/mode_tree.rs	xcalloc	crate::src::xmalloc	support
src/mode_tree.rs	xreallocarray	crate::src::xmalloc	support
src/mode_tree.rs	xstrdup	crate::src::xmalloc	support
src/mode_tree.rs	xasprintf	crate::src::xmalloc	support
src/mode_tree.rs	global_s_options	crate::src::tmux	server
src/mode_tree.rs	sort_next_order	crate::src::sort	model
src/mode_tree.rs	sort_order_from_string	crate::src::sort	model
src/mode_tree.rs	sort_order_to_string	crate::src::sort	model
src/mode_tree.rs	format_free	crate::src::format	model
src/mode_tree.rs	format_add	crate::src::format	model
src/mode_tree.rs	format_expand	crate::src::format	model
src/mode_tree.rs	format_create_defaults	crate::src::format	model
src/mode_tree.rs	format_draw	crate::src::format_draw	model
src/mode_tree.rs	format_width	crate::src::format_draw	model
src/mode_tree.rs	options_get_number	crate::src::options	model
src/mode_tree.rs	args_has	crate::src::arguments	commands
src/mode_tree.rs	args_get	crate::src::arguments	commands
src/mode_tree.rs	cmd_mouse_at	crate::src::cmd	commands
src/mode_tree.rs	cmd_template_replace	crate::src::cmd	commands
src/mode_tree.rs	cmd_parse_and_append	crate::src::cmd_parse	commands
src/mode_tree.rs	cmdq_new_state	crate::src::cmd_queue	commands
src/mode_tree.rs	cmdq_free_state	crate::src::cmd_queue	commands
src/mode_tree.rs	cmdq_get_client	crate::src::cmd_queue	commands
src/mode_tree.rs	cmdq_get_callback1	crate::src::cmd_queue	commands
src/mode_tree.rs	cmdq_append	crate::src::cmd_queue	commands
src/mode_tree.rs	key_string_lookup_key	crate::src::key_string	model
src/mode_tree.rs	server_redraw_window	crate::src::server_fn	server
src/mode_tree.rs	server_unzoom_window	crate::src::server_fn	server
src/mode_tree.rs	status_message_set	crate::src::status	model
src/mode_tree.rs	prompt_set_options	crate::src::prompt	model
src/mode_tree.rs	prompt_create	crate::src::prompt	model
src/mode_tree.rs	prompt_free	crate::src::prompt	model
src/mode_tree.rs	prompt_draw	crate::src::prompt	model
src/mode_tree.rs	prompt_key	crate::src::prompt	model
src/mode_tree.rs	prompt_mouse	crate::src::prompt	model
src/mode_tree.rs	prompt_closed	crate::src::prompt	model
src/mode_tree.rs	grid_default_cell	crate::src::grid	terminal
src/mode_tree.rs	screen_write_start	crate::src::screen_write	terminal
src/mode_tree.rs	screen_write_stop	crate::src::screen_write	terminal
src/mode_tree.rs	screen_write_puts	crate::src::screen_write	terminal
src/mode_tree.rs	screen_write_box	crate::src::screen_write	terminal
src/mode_tree.rs	screen_write_clearcharacter	crate::src::screen_write	terminal
src/mode_tree.rs	screen_write_clearendofline	crate::src::screen_write	terminal
src/mode_tree.rs	screen_write_cursormove	crate::src::screen_write	terminal
src/mode_tree.rs	screen_write_clearscreen	crate::src::screen_write	terminal
src/mode_tree.rs	screen_init	crate::src::screen	terminal
src/mode_tree.rs	screen_free	crate::src::screen	terminal
src/mode_tree.rs	screen_resize	crate::src::screen	terminal
src/mode_tree.rs	window_zoom	crate::src::window	model
src/mode_tree.rs	log_debug	crate::src::log	support
src/mode_tree.rs	menu_create	crate::src::menu	model
src/mode_tree.rs	menu_add_items	crate::src::menu	model
src/mode_tree.rs	menu_free	crate::src::menu	model
src/mode_tree.rs	menu_display	crate::src::menu	model
src/mode_tree.rs	style_apply	crate::src::style	terminal
src/monitor.rs	xcalloc	crate::src::xmalloc	support
src/monitor.rs	xstrdup	crate::src::xmalloc	support
src/monitor.rs	format_true	crate::src::format	model
src/monitor.rs	format_create	crate::src::format	model
src/monitor.rs	format_free	crate::src::format	model
src/monitor.rs	format_expand	crate::src::format	model
src/monitor.rs	format_defaults	crate::src::format	model
src/monitor.rs	current_time	crate::src::server	server
src/monitor.rs	winlinks_RB_MINMAX	crate::src::window	model
src/monitor.rs	winlinks_RB_NEXT	crate::src::window	model
src/monitor.rs	window_find_by_id	crate::src::window	model
src/monitor.rs	window_pane_find_by_id	crate::src::window	model
src/monitor.rs	sessions	crate::src::session	model
src/monitor.rs	sessions_RB_MINMAX	crate::src::session	model
src/monitor.rs	session_find_by_id	crate::src::session	model
src/monitor.rs	session_add_ref	crate::src::session	model
src/monitor.rs	session_remove_ref	crate::src::session	model
src/monitor.rs	log_debug	crate::src::log	support
src/names.rs	xstrdup	crate::src::xmalloc	support
src/names.rs	clean_name	crate::src::tmux	server
src/names.rs	format_create	crate::src::format	model
src/names.rs	format_free	crate::src::format	model
src/names.rs	format_expand	crate::src::format	model
src/names.rs	format_defaults_window	crate::src::format	model
src/names.rs	format_defaults_pane	crate::src::format	model
src/names.rs	options_get_string	crate::src::options	model
src/names.rs	options_get_number	crate::src::options	model
src/names.rs	cmd_stringify_argv	crate::src::cmd	commands
src/names.rs	server_redraw_window_borders	crate::src::server_fn	server
src/names.rs	server_status_window	crate::src::server_fn	server
src/names.rs	window_set_name	crate::src::window	model
src/names.rs	log_debug	crate::src::log	support
src/options.rs	strtonum	crate::src::compat::strtonum	support
src/options.rs	xcalloc	crate::src::xmalloc	support
src/options.rs	xstrdup	crate::src::xmalloc	support
src/options.rs	xstrndup	crate::src::xmalloc	support
src/options.rs	xasprintf	crate::src::xmalloc	support
src/options.rs	xvasprintf	crate::src::xmalloc	support
src/options.rs	xsnprintf	crate::src::xmalloc	support
src/options.rs	global_options	crate::src::tmux	server
src/options.rs	global_s_options	crate::src::tmux	server
src/options.rs	global_w_options	crate::src::tmux	server
src/options.rs	checkshell	crate::src::tmux	server
src/options.rs	format_expand	crate::src::format	model
src/options.rs	hooks_monitor_free	crate::src::hooks	model
src/options.rs	options_table	crate::src::options_table	model
src/options.rs	options_other_names	crate::src::options_table	model
src/options.rs	tty_invalidate	crate::src::tty	terminal
src/options.rs	tty_keys_build	crate::src::tty_keys	terminal
src/options.rs	args_has	crate::src::arguments	commands
src/options.rs	args_get	crate::src::arguments	commands
src/options.rs	cmd_list_free	crate::src::cmd	commands
src/options.rs	cmd_list_print	crate::src::cmd	commands
src/options.rs	cmd_parse_from_string	crate::src::cmd_parse	commands
src/options.rs	key_string_lookup_string	crate::src::key_string	model
src/options.rs	key_string_lookup_key	crate::src::key_string	model
src/options.rs	alerts_reset_all	crate::src::alerts	model
src/options.rs	clients	crate::src::server	server
src/options.rs	current_time	crate::src::server	server
src/options.rs	server_client_set_key_table	crate::src::server_client	server
src/options.rs	server_redraw_client	crate::src::server_fn	server
src/options.rs	server_client_update_theme_colours	crate::src::server_client	server
src/options.rs	status_timer_start_all	crate::src::status	model
src/options.rs	status_update_cache	crate::src::status	model
src/options.rs	recalculate_sizes	crate::src::resize	model
src/options.rs	input_set_buffer_size	crate::src::input	terminal
src/options.rs	colour_tostring	crate::src::colour	support
src/options.rs	colour_fromstring	crate::src::colour	support
src/options.rs	colour_palette_from_option	crate::src::colour	support
src/options.rs	grid_default_cell	crate::src::grid	terminal
src/options.rs	redraw_invalidate_all_scenes	crate::src::screen_redraw	terminal
src/options.rs	windows	crate::src::window	model
src/options.rs	all_window_panes	crate::src::window	model
src/options.rs	windows_RB_NEXT	crate::src::window	model
src/options.rs	windows_RB_MINMAX	crate::src::window	model
src/options.rs	window_pane_tree_RB_MINMAX	crate::src::window	model
src/options.rs	window_pane_tree_RB_NEXT	crate::src::window	model
src/options.rs	window_pane_default_cursor	crate::src::window	model
src/options.rs	window_pane_scrollbar_hide	crate::src::window	model
src/options.rs	window_set_fill_cells	crate::src::window_border	terminal
src/options.rs	layout_fix_panes	crate::src::layout	terminal
src/options.rs	sessions	crate::src::session	model
src/options.rs	sessions_RB_NEXT	crate::src::session	model
src/options.rs	sessions_RB_MINMAX	crate::src::session	model
src/options.rs	session_update_history	crate::src::session	model
src/options.rs	utf8_update_width_cache	crate::src::utf8	support
src/options.rs	log_debug	crate::src::log	support
src/options.rs	fatalx	crate::src::log	support
src/options.rs	style_parse	crate::src::style	terminal
src/options.rs	style_parse_colour	crate::src::style	terminal
src/options.rs	style_set	crate::src::style	terminal
src/options.rs	style_set_scrollbar_style_from_option	crate::src::style	terminal
src/osdep_linux.rs	xrealloc	crate::src::xmalloc	support
src/osdep_linux.rs	xasprintf	crate::src::xmalloc	support
src/paste.rs	xmalloc	crate::src::xmalloc	support
src/paste.rs	xreallocarray	crate::src::xmalloc	support
src/paste.rs	xstrdup	crate::src::xmalloc	support
src/paste.rs	xasprintf	crate::src::xmalloc	support
src/paste.rs	global_options	crate::src::tmux	server
src/paste.rs	clean_name	crate::src::tmux	server
src/paste.rs	event_payload_create	crate::src::events_payload	model
src/paste.rs	event_payload_set_string	crate::src::events_payload	model
src/paste.rs	events_fire	crate::src::events	model
src/paste.rs	options_get_number	crate::src::options	model
src/paste.rs	utf8_strvis	crate::src::utf8	support
src/popup.rs	xcalloc	crate::src::xmalloc	support
src/popup.rs	xstrdup	crate::src::xmalloc	support
src/popup.rs	global_w_options	crate::src::tmux	server
src/popup.rs	format_free	crate::src::format	model
src/popup.rs	format_create_defaults	crate::src::format	model
src/popup.rs	options_get_number	crate::src::options	model
src/popup.rs	job_run	crate::src::job	server
src/popup.rs	job_free	crate::src::job	server
src/popup.rs	job_resize	crate::src::job	server
src/popup.rs	job_get_status	crate::src::job	server
src/popup.rs	job_get_data	crate::src::job	server
src/popup.rs	job_get_event	crate::src::job	server
src/popup.rs	tty_draw_line	crate::src::tty_draw	terminal
src/popup.rs	tty_resize	crate::src::tty	terminal
src/popup.rs	cmdq_get_client	crate::src::cmd_queue	commands
src/popup.rs	cmdq_continue	crate::src::cmd_queue	commands
src/popup.rs	server_client_set_overlay	crate::src::server_client	server
src/popup.rs	server_client_clear_overlay	crate::src::server_client	server
src/popup.rs	server_client_overlay_range	crate::src::server_client	server
src/popup.rs	server_client_unref	crate::src::server_client	server
src/popup.rs	server_redraw_client	crate::src::server_fn	server
src/popup.rs	input_init	crate::src::input	terminal
src/popup.rs	input_free	crate::src::input	terminal
src/popup.rs	input_parse_screen	crate::src::input	terminal
src/popup.rs	input_key	crate::src::input_keys	terminal
src/popup.rs	input_key_get_mouse	crate::src::input_keys	terminal
src/popup.rs	colour_palette_init	crate::src::colour	support
src/popup.rs	colour_palette_free	crate::src::colour	support
src/popup.rs	colour_palette_from_option	crate::src::colour	support
src/popup.rs	grid_default_cell	crate::src::grid	terminal
src/popup.rs	screen_write_start	crate::src::screen_write	terminal
src/popup.rs	screen_write_stop	crate::src::screen_write	terminal
src/popup.rs	screen_write_fast_copy	crate::src::screen_write	terminal
src/popup.rs	screen_write_box	crate::src::screen_write	terminal
src/popup.rs	screen_write_cursormove	crate::src::screen_write	terminal
src/popup.rs	screen_write_clearscreen	crate::src::screen_write	terminal
src/popup.rs	screen_init	crate::src::screen	terminal
src/popup.rs	screen_free	crate::src::screen	terminal
src/popup.rs	screen_set_default_cursor	crate::src::screen	terminal
src/popup.rs	screen_resize	crate::src::screen	terminal
src/popup.rs	style_parse	crate::src::style	terminal
src/popup.rs	style_apply	crate::src::style	terminal
src/popup.rs	style_set	crate::src::style	terminal
src/popup.rs	hyperlinks_copy	crate::src::hyperlinks	terminal
src/popup.rs	hyperlinks_free	crate::src::hyperlinks	terminal
src/proc.rs	imsgbuf_init	crate::src::compat::imsg	support
src/proc.rs	imsgbuf_allow_fdpass	crate::src::compat::imsg	support
src/proc.rs	imsgbuf_read	crate::src::compat::imsg	support
src/proc.rs	imsgbuf_write	crate::src::compat::imsg	support
src/proc.rs	imsgbuf_flush	crate::src::compat::imsg	support
src/proc.rs	imsgbuf_clear	crate::src::compat::imsg	support
src/proc.rs	imsgbuf_queuelen	crate::src::compat::imsg	support
src/proc.rs	imsgbuf_get	crate::src::compat::imsg	support
src/proc.rs	imsg_compose	crate::src::compat::imsg	support
src/proc.rs	imsg_free	crate::src::compat::imsg	support
src/proc.rs	getpeereid	crate::src::compat::getpeereid	support
src/proc.rs	setproctitle	crate::src::compat::setproctitle	support
src/proc.rs	xcalloc	crate::src::xmalloc	support
src/proc.rs	xstrdup	crate::src::xmalloc	support
src/proc.rs	socket_path	crate::src::tmux	server
src/proc.rs	getversion	crate::src::tmux	server
src/proc.rs	log_open	crate::src::log	support
src/proc.rs	log_toggle	crate::src::log	support
src/proc.rs	log_debug	crate::src::log	support
src/proc.rs	fatal	crate::src::log	support
src/prompt.rs	xcalloc	crate::src::xmalloc	support
src/prompt.rs	xreallocarray	crate::src::xmalloc	support
src/prompt.rs	xstrdup	crate::src::xmalloc	support
src/prompt.rs	xasprintf	crate::src::xmalloc	support
src/prompt.rs	global_options	crate::src::tmux	server
src/prompt.rs	global_s_options	crate::src::tmux	server
src/prompt.rs	paste_buffer_data	crate::src::paste	model
src/prompt.rs	paste_get_top	crate::src::paste	model
src/prompt.rs	format_free	crate::src::format	model
src/prompt.rs	format_add	crate::src::format	model
src/prompt.rs	format_expand_time	crate::src::format	model
src/prompt.rs	format_create_defaults	crate::src::format	model
src/prompt.rs	format_create_from_state	crate::src::format	model
src/prompt.rs	format_draw	crate::src::format_draw	model
src/prompt.rs	format_width	crate::src::format_draw	model
src/prompt.rs	options_get_only	crate::src::options	model
src/prompt.rs	options_array_first	crate::src::options	model
src/prompt.rs	options_array_next	crate::src::options	model
src/prompt.rs	options_array_item_value	crate::src::options	model
src/prompt.rs	options_get_string	crate::src::options	model
src/prompt.rs	options_get_number	crate::src::options	model
src/prompt.rs	cmd_find_clear_state	crate::src::cmd_find	commands
src/prompt.rs	cmd_find_valid_state	crate::src::cmd_find	commands
src/prompt.rs	cmd_find_copy_state	crate::src::cmd_find	commands
src/prompt.rs	cmd_table	crate::src::cmd	commands
src/prompt.rs	key_string_lookup_key	crate::src::key_string	model
src/prompt.rs	prompt_up_history	crate::src::prompt_history	model
src/prompt.rs	prompt_down_history	crate::src::prompt_history	model
src/prompt.rs	prompt_add_history	crate::src::prompt_history	model
src/prompt.rs	grid_default_cell	crate::src::grid	terminal
src/prompt.rs	screen_write_clearcharacter	crate::src::screen_write	terminal
src/prompt.rs	screen_write_cursormove	crate::src::screen_write	terminal
src/prompt.rs	screen_write_cell	crate::src::screen_write	terminal
src/prompt.rs	screen_set_cursor_style	crate::src::screen	terminal
src/prompt.rs	utf8_to_data	crate::src::utf8	support
src/prompt.rs	utf8_set	crate::src::utf8	support
src/prompt.rs	utf8_copy	crate::src::utf8	support
src/prompt.rs	utf8_open	crate::src::utf8	support
src/prompt.rs	utf8_append	crate::src::utf8	support
src/prompt.rs	utf8_strlen	crate::src::utf8	support
src/prompt.rs	utf8_strwidth	crate::src::utf8	support
src/prompt.rs	utf8_fromcstr	crate::src::utf8	support
src/prompt.rs	utf8_tocstr	crate::src::utf8	support
src/prompt.rs	utf8_cstrwidth	crate::src::utf8	support
src/prompt.rs	log_debug	crate::src::log	support
src/prompt.rs	style_parse	crate::src::style	terminal
src/prompt.rs	style_apply	crate::src::style	terminal
src/prompt.rs	style_set	crate::src::style	terminal
src/prompt_history.rs	xreallocarray	crate::src::xmalloc	support
src/prompt_history.rs	xstrdup	crate::src::xmalloc	support
src/prompt_history.rs	xasprintf	crate::src::xmalloc	support
src/prompt_history.rs	global_options	crate::src::tmux	server
src/prompt_history.rs	find_home	crate::src::tmux	server
src/prompt_history.rs	options_get_string	crate::src::options	model
src/prompt_history.rs	options_get_number	crate::src::options	model
src/prompt_history.rs	prompt_type	crate::src::prompt	model
src/prompt_history.rs	prompt_type_string	crate::src::prompt	model
src/prompt_history.rs	log_debug	crate::src::log	support
src/regsub.rs	xrealloc	crate::src::xmalloc	support
src/regsub.rs	xstrdup	crate::src::xmalloc	support
src/resize.rs	global_w_options	crate::src::tmux	server
src/resize.rs	event_payload_create	crate::src::events_payload	model
src/resize.rs	event_payload_set_target	crate::src::events_payload	model
src/resize.rs	event_payload_set_uint	crate::src::events_payload	model
src/resize.rs	event_payload_set_window	crate::src::events_payload	model
src/resize.rs	events_fire	crate::src::events	model
src/resize.rs	events_fire_window	crate::src::events	model
src/resize.rs	options_get_string	crate::src::options	model
src/resize.rs	options_get_number	crate::src::options	model
src/resize.rs	tty_update_window_offset	crate::src::tty	terminal
src/resize.rs	cmd_find_from_window	crate::src::cmd_find	commands
src/resize.rs	clients	crate::src::server	server
src/resize.rs	server_redraw_window	crate::src::server_fn	server
src/resize.rs	status_update_cache	crate::src::status	model
src/resize.rs	status_line_size	crate::src::status	model
src/resize.rs	windows	crate::src::window	model
src/resize.rs	windows_RB_MINMAX	crate::src::window	model
src/resize.rs	windows_RB_NEXT	crate::src::window	model
src/resize.rs	window_has_pane	crate::src::window	model
src/resize.rs	window_resize	crate::src::window	model
src/resize.rs	window_zoom	crate::src::window	model
src/resize.rs	window_unzoom	crate::src::window	model
src/resize.rs	window_zoomed_pane	crate::src::window	model
src/resize.rs	layout_resize	crate::src::layout	terminal
src/resize.rs	control_get_window_size	crate::src::control	server
src/resize.rs	sessions	crate::src::session	model
src/resize.rs	sessions_RB_NEXT	crate::src::session	model
src/resize.rs	sessions_RB_MINMAX	crate::src::session	model
src/resize.rs	session_has	crate::src::session	model
src/resize.rs	log_debug	crate::src::log	support
src/screen.rs	xmalloc	crate::src::xmalloc	support
src/screen.rs	xcalloc	crate::src::xmalloc	support
src/screen.rs	xstrdup	crate::src::xmalloc	support
src/screen.rs	global_options	crate::src::tmux	server
src/screen.rs	clean_name	crate::src::tmux	server
src/screen.rs	options_get_number	crate::src::options	model
src/screen.rs	tty_acs_get	crate::src::tty_acs	terminal
src/screen.rs	grid_check_is_clear	crate::src::grid	terminal
src/screen.rs	grid_empty_line	crate::src::grid	terminal
src/screen.rs	grid_create	crate::src::grid	terminal
src/screen.rs	grid_destroy	crate::src::grid	terminal
src/screen.rs	grid_adjust_lines	crate::src::grid	terminal
src/screen.rs	grid_clear_lines	crate::src::grid	terminal
src/screen.rs	grid_duplicate_lines	crate::src::grid	terminal
src/screen.rs	grid_reflow	crate::src::grid	terminal
src/screen.rs	grid_wrap_position	crate::src::grid	terminal
src/screen.rs	grid_unwrap_position	crate::src::grid	terminal
src/screen.rs	grid_view_clear	crate::src::grid_view	terminal
src/screen.rs	grid_view_delete_lines	crate::src::grid_view	terminal
src/screen.rs	screen_write_make_list	crate::src::screen_write	terminal
src/screen.rs	screen_write_free_list	crate::src::screen_write	terminal
src/screen.rs	utf8_to_data	crate::src::utf8	support
src/screen.rs	utf8_copy	crate::src::utf8	support
src/screen.rs	log_debug	crate::src::log	support
src/screen.rs	fatal	crate::src::log	support
src/screen.rs	fatalx	crate::src::log	support
src/screen.rs	style_apply	crate::src::style	terminal
src/screen.rs	hyperlinks_init	crate::src::hyperlinks	terminal
src/screen.rs	hyperlinks_reset	crate::src::hyperlinks	terminal
src/screen.rs	hyperlinks_free	crate::src::hyperlinks	terminal
src/screen_redraw.rs	xcalloc	crate::src::xmalloc	support
src/screen_redraw.rs	xreallocarray	crate::src::xmalloc	support
src/screen_redraw.rs	format_free	crate::src::format	model
src/screen_redraw.rs	format_create_defaults	crate::src::format	model
src/screen_redraw.rs	options_get_number	crate::src::options	model
src/screen_redraw.rs	tty_draw_line	crate::src::tty_draw	terminal
src/screen_redraw.rs	tty_window_offset	crate::src::tty	terminal
src/screen_redraw.rs	tty_reset	crate::src::tty	terminal
src/screen_redraw.rs	tty_cursor	crate::src::tty	terminal
src/screen_redraw.rs	tty_puts	crate::src::tty	terminal
src/screen_redraw.rs	tty_cell	crate::src::tty	terminal
src/screen_redraw.rs	tty_update_mode	crate::src::tty	terminal
src/screen_redraw.rs	tty_check_overlay_range	crate::src::tty	terminal
src/screen_redraw.rs	tty_sync_start	crate::src::tty	terminal
src/screen_redraw.rs	tty_default_colours	crate::src::tty	terminal
src/screen_redraw.rs	tty_term_has	crate::src::tty_term	terminal
src/screen_redraw.rs	marked_pane	crate::src::server	server
src/screen_redraw.rs	server_is_marked	crate::src::server	server
src/screen_redraw.rs	status_line_size	crate::src::status	model
src/screen_redraw.rs	status_redraw	crate::src::status	model
src/screen_redraw.rs	status_message_redraw	crate::src::status	model
src/screen_redraw.rs	status_prompt_redraw	crate::src::status	model
src/screen_redraw.rs	prompt_draw	crate::src::prompt	model
src/screen_redraw.rs	grid_default_cell	crate::src::grid	terminal
src/screen_redraw.rs	screen_write_start	crate::src::screen_write	terminal
src/screen_redraw.rs	screen_write_stop	crate::src::screen_write	terminal
src/screen_redraw.rs	screen_write_stop_sync	crate::src::screen_write	terminal
src/screen_redraw.rs	screen_write_clear_dirty	crate::src::screen_write	terminal
src/screen_redraw.rs	screen_init	crate::src::screen	terminal
src/screen_redraw.rs	screen_free	crate::src::screen	terminal
src/screen_redraw.rs	windows	crate::src::window	model
src/screen_redraw.rs	windows_RB_NEXT	crate::src::window	model
src/screen_redraw.rs	windows_RB_MINMAX	crate::src::window	model
src/screen_redraw.rs	window_pane_is_visible	crate::src::window	model
src/screen_redraw.rs	window_pane_mode	crate::src::window	model
src/screen_redraw.rs	window_pane_scrollbar_visible	crate::src::window	model
src/screen_redraw.rs	window_pane_scrollbar_overlay	crate::src::window	model
src/screen_redraw.rs	window_pane_get_pane_lines	crate::src::window	model
src/screen_redraw.rs	window_pane_get_pane_status	crate::src::window	model
src/screen_redraw.rs	window_pane_is_floating	crate::src::window	model
src/screen_redraw.rs	window_get_border_cell	crate::src::window_border	terminal
src/screen_redraw.rs	window_get_fill_cell	crate::src::window_border	terminal
src/screen_redraw.rs	window_pane_get_border_cell	crate::src::window_border	terminal
src/screen_redraw.rs	window_pane_get_border_style	crate::src::window_border	terminal
src/screen_redraw.rs	window_make_pane_status	crate::src::window_border	terminal
src/screen_redraw.rs	window_copy_get_current_offset	crate::src::window_copy	terminal
src/screen_redraw.rs	utf8_set	crate::src::utf8	support
src/screen_redraw.rs	log_get_level	crate::src::log	support
src/screen_redraw.rs	log_debug	crate::src::log	support
src/screen_redraw.rs	fatalx	crate::src::log	support
src/screen_redraw.rs	menu_update	crate::src::menu	model
src/screen_redraw.rs	menu_screen	crate::src::menu	model
src/screen_redraw.rs	menu_width	crate::src::menu	model
src/screen_redraw.rs	menu_height	crate::src::menu	model
src/screen_redraw.rs	menu_x	crate::src::menu	model
src/screen_redraw.rs	menu_y	crate::src::menu	model
src/screen_redraw.rs	style_add	crate::src::style	terminal
src/screen_write.rs	xmalloc	crate::src::xmalloc	support
src/screen_write.rs	xcalloc	crate::src::xmalloc	support
src/screen_write.rs	xvasprintf	crate::src::xmalloc	support
src/screen_write.rs	global_options	crate::src::tmux	server
src/screen_write.rs	format_draw	crate::src::format_draw	model
src/screen_write.rs	options_get_number	crate::src::options	model
src/screen_write.rs	tty_window_offset	crate::src::tty	terminal
src/screen_write.rs	tty_update_window_offset	crate::src::tty	terminal
src/screen_write.rs	tty_write	crate::src::tty	terminal
src/screen_write.rs	tty_cmd_alignmenttest	crate::src::tty	terminal
src/screen_write.rs	tty_cmd_cell	crate::src::tty	terminal
src/screen_write.rs	tty_cmd_cells	crate::src::tty	terminal
src/screen_write.rs	tty_cmd_redrawline	crate::src::tty	terminal
src/screen_write.rs	tty_cmd_clearendofscreen	crate::src::tty	terminal
src/screen_write.rs	tty_cmd_clearscreen	crate::src::tty	terminal
src/screen_write.rs	tty_cmd_clearstartofscreen	crate::src::tty	terminal
src/screen_write.rs	tty_cmd_deletecharacter	crate::src::tty	terminal
src/screen_write.rs	tty_cmd_clearcharacter	crate::src::tty	terminal
src/screen_write.rs	tty_cmd_deleteline	crate::src::tty	terminal
src/screen_write.rs	tty_cmd_insertcharacter	crate::src::tty	terminal
src/screen_write.rs	tty_cmd_insertline	crate::src::tty	terminal
src/screen_write.rs	tty_cmd_scrollup	crate::src::tty	terminal
src/screen_write.rs	tty_cmd_scrolldown	crate::src::tty	terminal
src/screen_write.rs	tty_cmd_reverseindex	crate::src::tty	terminal
src/screen_write.rs	tty_cmd_setselection	crate::src::tty	terminal
src/screen_write.rs	tty_cmd_rawstring	crate::src::tty	terminal
src/screen_write.rs	tty_cmd_syncstart	crate::src::tty	terminal
src/screen_write.rs	tty_default_colours	crate::src::tty	terminal
src/screen_write.rs	tty_acs_double_borders	crate::src::tty_acs	terminal
src/screen_write.rs	tty_acs_heavy_borders	crate::src::tty_acs	terminal
src/screen_write.rs	tty_acs_rounded_borders	crate::src::tty_acs	terminal
src/screen_write.rs	server_redraw_window_borders	crate::src::server_fn	server
src/screen_write.rs	status_at_line	crate::src::status	model
src/screen_write.rs	status_line_size	crate::src::status	model
src/screen_write.rs	grid_default_cell	crate::src::grid	terminal
src/screen_write.rs	grid_cells_equal	crate::src::grid	terminal
src/screen_write.rs	grid_clear_history	crate::src::grid	terminal
src/screen_write.rs	grid_get_cell	crate::src::grid	terminal
src/screen_write.rs	grid_get_line	crate::src::grid	terminal
src/screen_write.rs	grid_view_get_cell	crate::src::grid_view	terminal
src/screen_write.rs	grid_view_set_cell	crate::src::grid_view	terminal
src/screen_write.rs	grid_view_set_padding	crate::src::grid_view	terminal
src/screen_write.rs	grid_view_set_cells	crate::src::grid_view	terminal
src/screen_write.rs	grid_view_clear_history	crate::src::grid_view	terminal
src/screen_write.rs	grid_view_clear	crate::src::grid_view	terminal
src/screen_write.rs	grid_view_scroll_region_up	crate::src::grid_view	terminal
src/screen_write.rs	grid_view_scroll_region_down	crate::src::grid_view	terminal
src/screen_write.rs	grid_view_insert_lines	crate::src::grid_view	terminal
src/screen_write.rs	grid_view_insert_lines_region	crate::src::grid_view	terminal
src/screen_write.rs	grid_view_delete_lines	crate::src::grid_view	terminal
src/screen_write.rs	grid_view_delete_lines_region	crate::src::grid_view	terminal
src/screen_write.rs	grid_view_insert_cells	crate::src::grid_view	terminal
src/screen_write.rs	grid_view_delete_cells	crate::src::grid_view	terminal
src/screen_write.rs	screen_reset_tabs	crate::src::screen	terminal
src/screen_write.rs	screen_check_selection	crate::src::screen	terminal
src/screen_write.rs	screen_select_cell	crate::src::screen	terminal
src/screen_write.rs	screen_alternate_on	crate::src::screen	terminal
src/screen_write.rs	screen_alternate_off	crate::src::screen	terminal
src/screen_write.rs	screen_mode_to_string	crate::src::screen	terminal
src/screen_write.rs	window_pane_send_resize	crate::src::window	model
src/screen_write.rs	window_pane_clear_resizes	crate::src::window	model
src/screen_write.rs	window_pane_scrollbar_overlay_visible	crate::src::window	model
src/screen_write.rs	window_pane_scrollbar_redraw	crate::src::window	model
src/screen_write.rs	window_pane_is_floating	crate::src::window	model
src/screen_write.rs	window_position_is_visible	crate::src::window_visible	terminal
src/screen_write.rs	window_visible_ranges	crate::src::window_visible	terminal
src/screen_write.rs	layout_fix_panes	crate::src::layout	terminal
src/screen_write.rs	session_has	crate::src::session	model
src/screen_write.rs	utf8_set	crate::src::utf8	support
src/screen_write.rs	utf8_copy	crate::src::utf8	support
src/screen_write.rs	utf8_open	crate::src::utf8	support
src/screen_write.rs	utf8_append	crate::src::utf8	support
src/screen_write.rs	utf8_fromcstr	crate::src::utf8	support
src/screen_write.rs	utf8_has_zwj	crate::src::utf8_combined	model
src/screen_write.rs	utf8_is_zwj	crate::src::utf8_combined	model
src/screen_write.rs	utf8_is_vs	crate::src::utf8_combined	model
src/screen_write.rs	utf8_is_hangul_filler	crate::src::utf8_combined	model
src/screen_write.rs	utf8_should_combine	crate::src::utf8_combined	model
src/screen_write.rs	hanguljamo_check_state	crate::src::utf8_combined	model
src/screen_write.rs	log_get_level	crate::src::log	support
src/screen_write.rs	log_debug	crate::src::log	support
src/screen_write.rs	fatal	crate::src::log	support
src/screen_write.rs	fatalx	crate::src::log	support
src/server.rs	systemd_create_socket	crate::src::compat::systemd	support
src/server.rs	xcalloc	crate::src::xmalloc	support
src/server.rs	xstrdup	crate::src::xmalloc	support
src/server.rs	xasprintf	crate::src::xmalloc	support
src/server.rs	xvasprintf	crate::src::xmalloc	support
src/server.rs	global_options	crate::src::tmux	server
src/server.rs	start_time	crate::src::tmux	server
src/server.rs	socket_path	crate::src::tmux	server
src/server.rs	setblocking	crate::src::tmux	server
src/server.rs	get_timer	crate::src::tmux	server
src/server.rs	proc_start	crate::src::proc	server
src/server.rs	proc_loop	crate::src::proc	server
src/server.rs	proc_set_signals	crate::src::proc	server
src/server.rs	proc_clear_signals	crate::src::proc	server
src/server.rs	proc_toggle_log	crate::src::proc	server
src/server.rs	proc_fork_and_daemon	crate::src::proc	server
src/server.rs	format_tidy_jobs	crate::src::format	model
src/server.rs	hooks_build_events	crate::src::hooks	model
src/server.rs	options_get_number	crate::src::options	model
src/server.rs	options_set_number	crate::src::options	model
src/server.rs	job_check_died	crate::src::job	server
src/server.rs	job_kill_all	crate::src::job	server
src/server.rs	job_still_running	crate::src::job	server
src/server.rs	tty_create_log	crate::src::tty	terminal
src/server.rs	cmd_find_clear_state	crate::src::cmd_find	commands
src/server.rs	cmd_find_valid_state	crate::src::cmd_find	commands
src/server.rs	cmdq_next	crate::src::cmd_queue	commands
src/server.rs	cmd_wait_for_flush	crate::src::cmd_wait_for	commands
src/server.rs	key_bindings_init	crate::src::key_bindings	model
src/server.rs	server_client_create	crate::src::server_client	server
src/server.rs	server_client_lost	crate::src::server_client	server
src/server.rs	server_client_loop	crate::src::server_client	server
src/server.rs	server_destroy_pane	crate::src::server_fn	server
src/server.rs	prompt_save_history	crate::src::prompt_history	model
src/server.rs	input_key_build	crate::src::input_keys	terminal
src/server.rs	windows	crate::src::window	model
src/server.rs	all_window_panes	crate::src::window	model
src/server.rs	windows_RB_NEXT	crate::src::window	model
src/server.rs	windows_RB_MINMAX	crate::src::window	model
src/server.rs	window_pane_wait_finish	crate::src::window	model
src/server.rs	window_pane_destroy_ready	crate::src::window	model
src/server.rs	control_build_events	crate::src::control_notify	server
src/server.rs	sessions	crate::src::session	model
src/server.rs	sessions_RB_MINMAX	crate::src::session	model
src/server.rs	sessions_RB_NEXT	crate::src::session	model
src/server.rs	session_destroy	crate::src::session	model
src/server.rs	utf8_update_width_cache	crate::src::utf8	support
src/server.rs	log_get_level	crate::src::log	support
src/server.rs	log_debug	crate::src::log	support
src/server.rs	fatal	crate::src::log	support
src/server.rs	fatalx	crate::src::log	support
src/server.rs	spawn_editor_finish	crate::src::spawn	server
src/server.rs	server_acl_init	crate::src::server_acl	server
src/server.rs	server_acl_join	crate::src::server_acl	server
src/server_acl.rs	xcalloc	crate::src::xmalloc	support
src/server_acl.rs	xstrdup	crate::src::xmalloc	support
src/server_acl.rs	proc_get_peer_uid	crate::src::proc	server
src/server_acl.rs	proc_get_peer_gid	crate::src::proc	server
src/server_acl.rs	cmdq_print	crate::src::cmd_queue	commands
src/server_acl.rs	clients	crate::src::server	server
src/server_client.rs	imsg_get_fd	crate::src::compat::imsg	support
src/server_client.rs	xmalloc	crate::src::xmalloc	support
src/server_client.rs	xcalloc	crate::src::xmalloc	support
src/server_client.rs	xreallocarray	crate::src::xmalloc	support
src/server_client.rs	xrecallocarray	crate::src::xmalloc	support
src/server_client.rs	xstrdup	crate::src::xmalloc	support
src/server_client.rs	xasprintf	crate::src::xmalloc	support
src/server_client.rs	xsnprintf	crate::src::xmalloc	support
src/server_client.rs	global_options	crate::src::tmux	server
src/server_client.rs	global_s_options	crate::src::tmux	server
src/server_client.rs	checkshell	crate::src::tmux	server
src/server_client.rs	setblocking	crate::src::tmux	server
src/server_client.rs	find_home	crate::src::tmux	server
src/server_client.rs	proc_send	crate::src::proc	server
src/server_client.rs	proc_add_peer	crate::src::proc	server
src/server_client.rs	proc_remove_peer	crate::src::proc	server
src/server_client.rs	proc_kill_peer	crate::src::proc	server
src/server_client.rs	cfg_finished	crate::src::cfg	commands
src/server_client.rs	cfg_client	crate::src::cfg	commands
src/server_client.rs	start_cfg	crate::src::cfg	commands
src/server_client.rs	format_create	crate::src::format	model
src/server_client.rs	format_free	crate::src::format	model
src/server_client.rs	format_expand_time	crate::src::format	model
src/server_client.rs	format_expand	crate::src::format	model
src/server_client.rs	format_defaults	crate::src::format	model
src/server_client.rs	format_lost_client	crate::src::format	model
src/server_client.rs	event_payload_create	crate::src::events_payload	model
src/server_client.rs	event_payload_set_target	crate::src::events_payload	model
src/server_client.rs	event_payload_set_int	crate::src::events_payload	model
src/server_client.rs	event_payload_set_uint	crate::src::events_payload	model
src/server_client.rs	event_payload_set_client	crate::src::events_payload	model
src/server_client.rs	event_payload_set_session	crate::src::events_payload	model
src/server_client.rs	event_payload_set_window	crate::src::events_payload	model
src/server_client.rs	event_payload_set_pane	crate::src::events_payload	model
src/server_client.rs	events_fire	crate::src::events	model
src/server_client.rs	events_fire_client	crate::src::events	model
src/server_client.rs	options_get_string	crate::src::options	model
src/server_client.rs	options_get_number	crate::src::options	model
src/server_client.rs	options_get_command	crate::src::options	model
src/server_client.rs	options_set_number	crate::src::options	model
src/server_client.rs	environ_create	crate::src::environ	model
src/server_client.rs	environ_free	crate::src::environ	model
src/server_client.rs	environ_find	crate::src::environ	model
src/server_client.rs	environ_put	crate::src::environ	model
src/server_client.rs	tty_window_offset	crate::src::tty	terminal
src/server_client.rs	tty_update_client_offset	crate::src::tty	terminal
src/server_client.rs	tty_reset	crate::src::tty	terminal
src/server_client.rs	tty_region_off	crate::src::tty	terminal
src/server_client.rs	tty_margin_off	crate::src::tty	terminal
src/server_client.rs	tty_cursor	crate::src::tty	terminal
src/server_client.rs	tty_init	crate::src::tty	terminal
src/server_client.rs	tty_resize	crate::src::tty	terminal
src/server_client.rs	tty_invalidate	crate::src::tty	terminal
src/server_client.rs	tty_start_tty	crate::src::tty	terminal
src/server_client.rs	tty_send_requests	crate::src::tty	terminal
src/server_client.rs	tty_repeat_requests	crate::src::tty	terminal
src/server_client.rs	tty_stop_tty	crate::src::tty	terminal
src/server_client.rs	tty_set_title	crate::src::tty	terminal
src/server_client.rs	tty_set_path	crate::src::tty	terminal
src/server_client.rs	tty_set_progress_bar	crate::src::tty	terminal
src/server_client.rs	tty_update_mode	crate::src::tty	terminal
src/server_client.rs	tty_sync_end	crate::src::tty	terminal
src/server_client.rs	tty_open	crate::src::tty	terminal
src/server_client.rs	tty_close	crate::src::tty	terminal
src/server_client.rs	tty_free	crate::src::tty	terminal
src/server_client.rs	tty_term_free_list	crate::src::tty_term	terminal
src/server_client.rs	tty_term_has	crate::src::tty_term	terminal
src/server_client.rs	tty_get_features	crate::src::tty_features	terminal
src/server_client.rs	args_from_vector	crate::src::arguments	commands
src/server_client.rs	args_free_values	crate::src::arguments	commands
src/server_client.rs	cmd_find_from_client	crate::src::cmd_find	commands
src/server_client.rs	cmd_find_from_mouse	crate::src::cmd_find	commands
src/server_client.rs	cmd_unpack_argv	crate::src::cmd	commands
src/server_client.rs	cmd_free_argv	crate::src::cmd	commands
src/server_client.rs	cmd_list_free	crate::src::cmd	commands
src/server_client.rs	cmd_list_all_have	crate::src::cmd	commands
src/server_client.rs	cmd_parse_from_arguments	crate::src::cmd_parse	commands
src/server_client.rs	cmdq_new	crate::src::cmd_queue	commands
src/server_client.rs	cmdq_free	crate::src::cmd_queue	commands
src/server_client.rs	cmdq_get_client	crate::src::cmd_queue	commands
src/server_client.rs	cmdq_get_command	crate::src::cmd_queue	commands
src/server_client.rs	cmdq_get_callback1	crate::src::cmd_queue	commands
src/server_client.rs	cmdq_get_error	crate::src::cmd_queue	commands
src/server_client.rs	cmdq_insert_after	crate::src::cmd_queue	commands
src/server_client.rs	cmdq_append	crate::src::cmd_queue	commands
src/server_client.rs	cmdq_error	crate::src::cmd_queue	commands
src/server_client.rs	key_bindings_get_table	crate::src::key_bindings	model
src/server_client.rs	key_bindings_unref_table	crate::src::key_bindings	model
src/server_client.rs	key_bindings_get	crate::src::key_bindings	model
src/server_client.rs	key_bindings_dispatch	crate::src::key_bindings	model
src/server_client.rs	key_string_lookup_key	crate::src::key_string	model
src/server_client.rs	alerts_check_session	crate::src::alerts	model
src/server_client.rs	client_files_RB_MINMAX	crate::src::file	server
src/server_client.rs	client_files_RB_NEXT	crate::src::file	server
src/server_client.rs	file_fire_done	crate::src::file	server
src/server_client.rs	file_print	crate::src::file	server
src/server_client.rs	file_write_ready	crate::src::file	server
src/server_client.rs	file_write_done	crate::src::file	server
src/server_client.rs	file_read_data	crate::src::file	server
src/server_client.rs	file_read_done	crate::src::file	server
src/server_client.rs	server_proc	crate::src::server	server
src/server_client.rs	clients	crate::src::server	server
src/server_client.rs	current_time	crate::src::server	server
src/server_client.rs	server_update_socket	crate::src::server	server
src/server_client.rs	server_add_accept	crate::src::server	server
src/server_client.rs	server_redraw_client	crate::src::server_fn	server
src/server_client.rs	server_status_client	crate::src::server_fn	server
src/server_client.rs	server_redraw_window_borders	crate::src::server_fn	server
src/server_client.rs	server_status_window	crate::src::server_fn	server
src/server_client.rs	server_kill_pane	crate::src::server_fn	server
src/server_client.rs	server_destroy_pane	crate::src::server_fn	server
src/server_client.rs	server_check_unattached	crate::src::server_fn	server
src/server_client.rs	status_timer_start	crate::src::status	model
src/server_client.rs	status_at_line	crate::src::status	model
src/server_client.rs	status_line_size	crate::src::status	model
src/server_client.rs	status_get_range	crate::src::status	model
src/server_client.rs	status_init	crate::src::status	model
src/server_client.rs	status_free	crate::src::status	model
src/server_client.rs	status_message_clear	crate::src::status	model
src/server_client.rs	status_prompt_clear	crate::src::status	model
src/server_client.rs	status_prompt_cursor	crate::src::status	model
src/server_client.rs	status_prompt_key	crate::src::status	model
src/server_client.rs	prompt_free	crate::src::prompt	model
src/server_client.rs	resize_window	crate::src::resize	model
src/server_client.rs	recalculate_size	crate::src::resize	model
src/server_client.rs	recalculate_sizes	crate::src::resize	model
src/server_client.rs	input_cancel_requests	crate::src::input	terminal
src/server_client.rs	colour_totheme	crate::src::colour	support
src/server_client.rs	colour_fromstring	crate::src::colour	support
src/server_client.rs	colour_theme_option	crate::src::colour	support
src/server_client.rs	colour_theme_terminal_colour	crate::src::colour	support
src/server_client.rs	redraw_screen	crate::src::screen_redraw	terminal
src/server_client.rs	redraw_pane	crate::src::screen_redraw	terminal
src/server_client.rs	redraw_pane_scrollbar	crate::src::screen_redraw	terminal
src/server_client.rs	redraw_free_scene	crate::src::screen_redraw	terminal
src/server_client.rs	screen_mode_to_string	crate::src::screen	terminal
src/server_client.rs	windows	crate::src::window	model
src/server_client.rs	all_window_panes	crate::src::window	model
src/server_client.rs	windows_RB_NEXT	crate::src::window	model
src/server_client.rs	windows_RB_MINMAX	crate::src::window	model
src/server_client.rs	window_pane_tree_RB_MINMAX	crate::src::window	model
src/server_client.rs	window_pane_tree_RB_NEXT	crate::src::window	model
src/server_client.rs	winlink_find_by_index	crate::src::window	model
src/server_client.rs	window_get_active_at	crate::src::window	model
src/server_client.rs	window_pane_contains	crate::src::window	model
src/server_client.rs	window_set_active_pane	crate::src::window	model
src/server_client.rs	window_update_focus	crate::src::window	model
src/server_client.rs	window_redraw_active_switch	crate::src::window	model
src/server_client.rs	window_pane_send_resize	crate::src::window	model
src/server_client.rs	window_pane_find_by_id	crate::src::window	model
src/server_client.rs	window_pane_clear_resizes	crate::src::window	model
src/server_client.rs	window_pane_set_mode	crate::src::window	model
src/server_client.rs	window_pane_key	crate::src::window	model
src/server_client.rs	window_pane_paste	crate::src::window	model
src/server_client.rs	window_pane_has_prompt	crate::src::window	model
src/server_client.rs	window_pane_prompt_key	crate::src::window	model
src/server_client.rs	window_pane_is_visible	crate::src::window	model
src/server_client.rs	window_pane_get_new_data	crate::src::window	model
src/server_client.rs	window_pane_scrollbar_reserve	crate::src::window	model
src/server_client.rs	window_pane_scrollbar_visible	crate::src::window	model
src/server_client.rs	window_pane_scrollbar_overlay	crate::src::window	model
src/server_client.rs	window_pane_scrollbar_overlay_visible	crate::src::window	model
src/server_client.rs	window_pane_scrollbar_show	crate::src::window	model
src/server_client.rs	window_pane_scrollbar_start_timer	crate::src::window	model
src/server_client.rs	window_pane_send_theme_update	crate::src::window	model
src/server_client.rs	window_pane_get_pane_lines	crate::src::window	model
src/server_client.rs	window_pane_get_pane_status	crate::src::window	model
src/server_client.rs	window_pane_status_get_range	crate::src::window	model
src/server_client.rs	window_pane_is_floating	crate::src::window	model
src/server_client.rs	window_position_is_visible	crate::src::window_visible	terminal
src/server_client.rs	window_visible_ranges	crate::src::window_visible	terminal
src/server_client.rs	window_view_mode	crate::src::window_copy	terminal
src/server_client.rs	window_copy_add	crate::src::window_copy	terminal
src/server_client.rs	check_window_name	crate::src::names	model
src/server_client.rs	control_discard	crate::src::control	server
src/server_client.rs	control_discard_all	crate::src::control	server
src/server_client.rs	control_start	crate::src::control	server
src/server_client.rs	control_ready	crate::src::control	server
src/server_client.rs	control_stop	crate::src::control	server
src/server_client.rs	control_pane_offset	crate::src::control	server
src/server_client.rs	control_reset_offsets	crate::src::control	server
src/server_client.rs	control_write	crate::src::control	server
src/server_client.rs	control_all_done	crate::src::control	server
src/server_client.rs	session_find_by_id	crate::src::session	model
src/server_client.rs	session_update_activity	crate::src::session	model
src/server_client.rs	session_theme_changed	crate::src::session	model
src/server_client.rs	utf8_stravisx	crate::src::utf8	support
src/server_client.rs	utf8_sanitize	crate::src::utf8	support
src/server_client.rs	log_get_level	crate::src::log	support
src/server_client.rs	log_debug	crate::src::log	support
src/server_client.rs	fatal	crate::src::log	support
src/server_client.rs	menu_close	crate::src::menu	model
src/server_client.rs	menu_screen	crate::src::menu	model
src/server_client.rs	menu_get_cursor	crate::src::menu	model
src/server_client.rs	menu_key	crate::src::menu	model
src/server_fn.rs	xasprintf	crate::src::xmalloc	support
src/server_fn.rs	sig2name	crate::src::tmux	server
src/server_fn.rs	proc_send	crate::src::proc	server
src/server_fn.rs	format_single	crate::src::format	model
src/server_fn.rs	event_payload_create	crate::src::events_payload	model
src/server_fn.rs	event_payload_set_target	crate::src::events_payload	model
src/server_fn.rs	event_payload_set_string	crate::src::events_payload	model
src/server_fn.rs	event_payload_set_int	crate::src::events_payload	model
src/server_fn.rs	event_payload_set_window	crate::src::events_payload	model
src/server_fn.rs	event_payload_set_pane	crate::src::events_payload	model
src/server_fn.rs	events_fire	crate::src::events	model
src/server_fn.rs	events_fire_winlink	crate::src::events	model
src/server_fn.rs	format_draw	crate::src::format_draw	model
src/server_fn.rs	options_get_string	crate::src::options	model
src/server_fn.rs	options_get_number	crate::src::options	model
src/server_fn.rs	tty_raw	crate::src::tty	terminal
src/server_fn.rs	tty_stop_tty	crate::src::tty	terminal
src/server_fn.rs	tty_term_string	crate::src::tty_term	terminal
src/server_fn.rs	cmd_find_from_pane	crate::src::cmd_find	commands
src/server_fn.rs	clients	crate::src::server	server
src/server_fn.rs	marked_pane	crate::src::server	server
src/server_fn.rs	server_client_set_session	crate::src::server_client	server
src/server_fn.rs	server_client_remove_pane	crate::src::server_client	server
src/server_fn.rs	recalculate_sizes	crate::src::resize	model
src/server_fn.rs	grid_default_cell	crate::src::grid	terminal
src/server_fn.rs	screen_write_start_pane	crate::src::screen_write	terminal
src/server_fn.rs	screen_write_stop	crate::src::screen_write	terminal
src/server_fn.rs	screen_write_cursormove	crate::src::screen_write	terminal
src/server_fn.rs	screen_write_scrollregion	crate::src::screen_write	terminal
src/server_fn.rs	screen_write_linefeed	crate::src::screen_write	terminal
src/server_fn.rs	winlink_find_by_index	crate::src::window	model
src/server_fn.rs	winlink_find_by_window	crate::src::window	model
src/server_fn.rs	winlink_remove	crate::src::window	model
src/server_fn.rs	winlink_stack_remove	crate::src::window	model
src/server_fn.rs	window_unzoom	crate::src::window	model
src/server_fn.rs	window_push_zoom	crate::src::window	model
src/server_fn.rs	window_pop_zoom	crate::src::window	model
src/server_fn.rs	window_remove_pane	crate::src::window	model
src/server_fn.rs	window_count_panes	crate::src::window	model
src/server_fn.rs	window_add_ref	crate::src::window	model
src/server_fn.rs	window_remove_ref	crate::src::window	model
src/server_fn.rs	layout_close_pane	crate::src::layout	terminal
src/server_fn.rs	sessions	crate::src::session	model
src/server_fn.rs	sessions_RB_NEXT	crate::src::session	model
src/server_fn.rs	sessions_RB_MINMAX	crate::src::session	model
src/server_fn.rs	session_destroy	crate::src::session	model
src/server_fn.rs	session_next_session	crate::src::session	model
src/server_fn.rs	session_previous_session	crate::src::session	model
src/server_fn.rs	session_attach	crate::src::session	model
src/server_fn.rs	session_detach	crate::src::session	model
src/server_fn.rs	session_has	crate::src::session	model
src/server_fn.rs	session_select	crate::src::session	model
src/server_fn.rs	session_group_contains	crate::src::session	model
src/server_fn.rs	session_group_count	crate::src::session	model
src/server_fn.rs	session_renumber_windows	crate::src::session	model
src/session.rs	strtonum	crate::src::compat::strtonum	support
src/session.rs	xmalloc	crate::src::xmalloc	support
src/session.rs	xcalloc	crate::src::xmalloc	support
src/session.rs	xstrdup	crate::src::xmalloc	support
src/session.rs	xasprintf	crate::src::xmalloc	support
src/session.rs	global_options	crate::src::tmux	server
src/session.rs	sort_get_sessions	crate::src::sort	model
src/session.rs	event_payload_create	crate::src::events_payload	model
src/session.rs	event_payload_set_target	crate::src::events_payload	model
src/session.rs	event_payload_set_string	crate::src::events_payload	model
src/session.rs	event_payload_set_int	crate::src::events_payload	model
src/session.rs	event_payload_set_uint	crate::src::events_payload	model
src/session.rs	event_payload_set_session	crate::src::events_payload	model
src/session.rs	event_payload_set_window	crate::src::events_payload	model
src/session.rs	events_fire	crate::src::events	model
src/session.rs	events_fire_session	crate::src::events	model
src/session.rs	events_fire_winlink	crate::src::events	model
src/session.rs	options_free	crate::src::options	model
src/session.rs	options_get_number	crate::src::options	model
src/session.rs	environ_free	crate::src::environ	model
src/session.rs	tty_update_window_offset	crate::src::tty	terminal
src/session.rs	cmd_find_from_session	crate::src::cmd_find	commands
src/session.rs	cmd_find_from_winlink	crate::src::cmd_find	commands
src/session.rs	marked_pane	crate::src::server	server
src/session.rs	server_clear_marked	crate::src::server	server
src/session.rs	server_lock_session	crate::src::server_fn	server
src/session.rs	status_update_cache	crate::src::status	model
src/session.rs	recalculate_sizes	crate::src::resize	model
src/session.rs	grid_collect_history	crate::src::grid	terminal
src/session.rs	winlinks_RB_MINMAX	crate::src::window	model
src/session.rs	winlinks_RB_NEXT	crate::src::window	model
src/session.rs	winlink_find_by_index	crate::src::window	model
src/session.rs	winlink_find_by_window	crate::src::window	model
src/session.rs	winlink_find_by_window_id	crate::src::window	model
src/session.rs	winlink_add	crate::src::window	model
src/session.rs	winlink_set_window	crate::src::window	model
src/session.rs	winlink_remove	crate::src::window	model
src/session.rs	winlink_next	crate::src::window	model
src/session.rs	winlink_previous	crate::src::window	model
src/session.rs	winlink_stack_push	crate::src::window	model
src/session.rs	winlink_stack_remove	crate::src::window	model
src/session.rs	window_update_activity	crate::src::window	model
src/session.rs	window_update_focus	crate::src::window	model
src/session.rs	winlink_clear_flags	crate::src::window	model
src/session.rs	log_debug	crate::src::log	support
src/session.rs	fatal	crate::src::log	support
src/session.rs	fatalx	crate::src::log	support
src/sort.rs	xreallocarray	crate::src::xmalloc	support
src/sort.rs	paste_walk	crate::src::paste	model
src/sort.rs	key_bindings_first_table	crate::src::key_bindings	model
src/sort.rs	key_bindings_next_table	crate::src::key_bindings	model
src/sort.rs	key_bindings_first	crate::src::key_bindings	model
src/sort.rs	key_bindings_next	crate::src::key_bindings	model
src/sort.rs	clients	crate::src::server	server
src/sort.rs	winlinks_RB_NEXT	crate::src::window	model
src/sort.rs	winlinks_RB_MINMAX	crate::src::window	model
src/sort.rs	window_pane_index	crate::src::window	model
src/sort.rs	window_pane_zindex	crate::src::window	model
src/sort.rs	sessions	crate::src::session	model
src/sort.rs	sessions_RB_NEXT	crate::src::session	model
src/sort.rs	sessions_RB_MINMAX	crate::src::session	model
src/spawn.rs	fdforkpty	crate::src::compat::fdforkpty	support
src/spawn.rs	systemd_move_to_new_cgroup	crate::src::compat::systemd	support
src/spawn.rs	xcalloc	crate::src::xmalloc	support
src/spawn.rs	xstrdup	crate::src::xmalloc	support
src/spawn.rs	xasprintf	crate::src::xmalloc	support
src/spawn.rs	xsnprintf	crate::src::xmalloc	support
src/spawn.rs	global_options	crate::src::tmux	server
src/spawn.rs	ptm_fd	crate::src::tmux	server
src/spawn.rs	checkshell	crate::src::tmux	server
src/spawn.rs	find_home	crate::src::tmux	server
src/spawn.rs	proc_clear_signals	crate::src::proc	server
src/spawn.rs	format_single	crate::src::format	model
src/spawn.rs	event_payload_create	crate::src::events_payload	model
src/spawn.rs	event_payload_set_target	crate::src::events_payload	model
src/spawn.rs	event_payload_set_string	crate::src::events_payload	model
src/spawn.rs	event_payload_set_int	crate::src::events_payload	model
src/spawn.rs	event_payload_set_session	crate::src::events_payload	model
src/spawn.rs	event_payload_set_window	crate::src::events_payload	model
src/spawn.rs	event_payload_set_pane	crate::src::events_payload	model
src/spawn.rs	events_fire	crate::src::events	model
src/spawn.rs	events_fire_window	crate::src::events	model
src/spawn.rs	events_fire_winlink	crate::src::events	model
src/spawn.rs	options_get_string	crate::src::options	model
src/spawn.rs	options_get_number	crate::src::options	model
src/spawn.rs	options_set_number	crate::src::options	model
src/spawn.rs	environ_create	crate::src::environ	model
src/spawn.rs	environ_free	crate::src::environ	model
src/spawn.rs	environ_copy	crate::src::environ	model
src/spawn.rs	environ_find	crate::src::environ	model
src/spawn.rs	environ_set	crate::src::environ	model
src/spawn.rs	environ_push	crate::src::environ	model
src/spawn.rs	environ_log	crate::src::environ	model
src/spawn.rs	environ_for_session	crate::src::environ	model
src/spawn.rs	cmd_find_from_winlink_pane	crate::src::cmd_find	commands
src/spawn.rs	cmd_log_argv	crate::src::cmd	commands
src/spawn.rs	cmd_copy_argv	crate::src::cmd	commands
src/spawn.rs	cmd_free_argv	crate::src::cmd	commands
src/spawn.rs	cmd_stringify_argv	crate::src::cmd	commands
src/spawn.rs	cmdq_get_client	crate::src::cmd_queue	commands
src/spawn.rs	cmdq_get_target	crate::src::cmd_queue	commands
src/spawn.rs	server_proc	crate::src::server	server
src/spawn.rs	clients	crate::src::server	server
src/spawn.rs	server_client_get_cwd	crate::src::server_client	server
src/spawn.rs	server_client_remove_pane	crate::src::server_client	server
src/spawn.rs	default_window_size	crate::src::resize	model
src/spawn.rs	input_free	crate::src::input	terminal
src/spawn.rs	screen_reinit	crate::src::screen	terminal
src/spawn.rs	winlink_find_by_index	crate::src::window	model
src/spawn.rs	winlink_add	crate::src::window	model
src/spawn.rs	winlink_set_window	crate::src::window	model
src/spawn.rs	winlink_remove	crate::src::window	model
src/spawn.rs	winlink_stack_remove	crate::src::window	model
src/spawn.rs	window_create	crate::src::window	model
src/spawn.rs	window_pane_set_event	crate::src::window	model
src/spawn.rs	window_set_active_pane	crate::src::window	model
src/spawn.rs	window_redraw_active_switch	crate::src::window	model
src/spawn.rs	window_add_pane	crate::src::window	model
src/spawn.rs	window_push_zoom	crate::src::window	model
src/spawn.rs	window_pop_zoom	crate::src::window	model
src/spawn.rs	window_remove_pane	crate::src::window	model
src/spawn.rs	window_pane_index	crate::src::window	model
src/spawn.rs	window_destroy_panes	crate::src::window	model
src/spawn.rs	window_pane_resize	crate::src::window	model
src/spawn.rs	window_pane_reset_mode_all	crate::src::window	model
src/spawn.rs	window_set_fill_cells	crate::src::window_border	terminal
src/spawn.rs	layout_init	crate::src::layout	terminal
src/spawn.rs	layout_free	crate::src::layout	terminal
src/spawn.rs	layout_assign_pane	crate::src::layout	terminal
src/spawn.rs	layout_floating_pane	crate::src::layout	terminal
src/spawn.rs	layout_close_pane	crate::src::layout	terminal
src/spawn.rs	default_window_name	crate::src::names	model
src/spawn.rs	control_reset_pane	crate::src::control	server
src/spawn.rs	session_select	crate::src::session	model
src/spawn.rs	session_group_synchronize_from	crate::src::session	model
src/spawn.rs	log_close	crate::src::log	support
src/spawn.rs	log_debug	crate::src::log	support
src/status.rs	xmalloc	crate::src::xmalloc	support
src/status.rs	xcalloc	crate::src::xmalloc	support
src/status.rs	xvasprintf	crate::src::xmalloc	support
src/status.rs	global_s_options	crate::src::tmux	server
src/status.rs	format_create	crate::src::format	model
src/status.rs	format_free	crate::src::format	model
src/status.rs	format_add	crate::src::format	model
src/status.rs	format_expand_time	crate::src::format	model
src/status.rs	format_create_defaults	crate::src::format	model
src/status.rs	format_defaults	crate::src::format	model
src/status.rs	format_draw	crate::src::format_draw	model
src/status.rs	options_get	crate::src::options	model
src/status.rs	options_array_getv	crate::src::options	model
src/status.rs	options_get_string	crate::src::options	model
src/status.rs	options_get_number	crate::src::options	model
src/status.rs	options_string_to_style	crate::src::options	model
src/status.rs	cmdq_get_callback1	crate::src::cmd_queue	commands
src/status.rs	cmdq_append	crate::src::cmd_queue	commands
src/status.rs	clients	crate::src::server	server
src/status.rs	server_add_message	crate::src::server	server
src/status.rs	server_client_clear_overlay	crate::src::server_client	server
src/status.rs	prompt_set_options	crate::src::prompt	model
src/status.rs	prompt_create	crate::src::prompt	model
src/status.rs	prompt_free	crate::src::prompt	model
src/status.rs	prompt_incremental_start	crate::src::prompt	model
src/status.rs	prompt_draw	crate::src::prompt	model
src/status.rs	prompt_key	crate::src::prompt	model
src/status.rs	prompt_mouse	crate::src::prompt	model
src/status.rs	prompt_update	crate::src::prompt	model
src/status.rs	prompt_closed	crate::src::prompt	model
src/status.rs	grid_cells_equal	crate::src::grid	terminal
src/status.rs	grid_compare	crate::src::grid	terminal
src/status.rs	screen_write_start	crate::src::screen_write	terminal
src/status.rs	screen_write_stop	crate::src::screen_write	terminal
src/status.rs	screen_write_putc	crate::src::screen_write	terminal
src/status.rs	screen_write_fast_copy	crate::src::screen_write	terminal
src/status.rs	screen_write_cursormove	crate::src::screen_write	terminal
src/status.rs	screen_init	crate::src::screen	terminal
src/status.rs	screen_free	crate::src::screen	terminal
src/status.rs	screen_resize	crate::src::screen	terminal
src/status.rs	log_debug	crate::src::log	support
src/status.rs	fatalx	crate::src::log	support
src/status.rs	style_apply	crate::src::style	terminal
src/status.rs	style_ranges_init	crate::src::style	terminal
src/status.rs	style_ranges_free	crate::src::style	terminal
src/status.rs	style_ranges_get_range	crate::src::style	terminal
src/style.rs	strtonum	crate::src::compat::strtonum	support
src/style.rs	xsnprintf	crate::src::xmalloc	support
src/style.rs	format_create	crate::src::format	model
src/style.rs	format_free	crate::src::format	model
src/style.rs	format_single	crate::src::format	model
src/style.rs	options_table_entry	crate::src::options	model
src/style.rs	options_get	crate::src::options	model
src/style.rs	options_get_string	crate::src::options	model
src/style.rs	options_string_to_style	crate::src::options	model
src/style.rs	colour_tostring	crate::src::colour	support
src/style.rs	colour_fromstring	crate::src::colour	support
src/style.rs	attributes_tostring	crate::src::attributes	support
src/style.rs	attributes_fromstring	crate::src::attributes	support
src/style.rs	grid_default_cell	crate::src::grid	terminal
src/style.rs	utf8_set	crate::src::utf8	support
src/style.rs	log_debug	crate::src::log	support
src/style.rs	fatalx	crate::src::log	support
src/style.rs	hyperlinks_put	crate::src::hyperlinks	terminal
src/style.rs	hyperlinks_get	crate::src::hyperlinks	terminal
src/style.rs	hyperlinks_init	crate::src::hyperlinks	terminal
src/tmux.rs	getprogname	crate::src::compat::getprogname	support
src/tmux.rs	getptmfd	crate::src::compat::fdforkpty	support
src/tmux.rs	BSDoptind	crate::src::compat::getopt_long	support
src/tmux.rs	BSDoptarg	crate::src::compat::getopt_long	support
src/tmux.rs	BSDgetopt	crate::src::compat::getopt_long	support
src/tmux.rs	xreallocarray	crate::src::xmalloc	support
src/tmux.rs	xstrdup	crate::src::xmalloc	support
src/tmux.rs	xstrndup	crate::src::xmalloc	support
src/tmux.rs	xasprintf	crate::src::xmalloc	support
src/tmux.rs	xsnprintf	crate::src::xmalloc	support
src/tmux.rs	cfg_files	crate::src::cfg	commands
src/tmux.rs	cfg_nfiles	crate::src::cfg	commands
src/tmux.rs	cfg_quiet	crate::src::cfg	commands
src/tmux.rs	options_create	crate::src::options	model
src/tmux.rs	options_default	crate::src::options	model
src/tmux.rs	options_set_string	crate::src::options	model
src/tmux.rs	options_set_number	crate::src::options	model
src/tmux.rs	options_table	crate::src::options_table	model
src/tmux.rs	environ_create	crate::src::environ	model
src/tmux.rs	environ_find	crate::src::environ	model
src/tmux.rs	environ_set	crate::src::environ	model
src/tmux.rs	environ_put	crate::src::environ	model
src/tmux.rs	tty_parse_features	crate::src::tty_features	terminal
src/tmux.rs	client_main	crate::src::client	server
src/tmux.rs	utf8_isvalid	crate::src::utf8	support
src/tmux.rs	utf8_stravis	crate::src::utf8	support
src/tmux.rs	osdep_event_init	crate::src::osdep_linux	model
src/tmux.rs	log_add_level	crate::src::log	support
src/tmux.rs	log_debug	crate::src::log	support
src/tty.rs	xmalloc	crate::src::xmalloc	support
src/tty.rs	xsnprintf	crate::src::xmalloc	support
src/tty.rs	global_options	crate::src::tmux	server
src/tty.rs	setblocking	crate::src::tmux	server
src/tty.rs	format_create	crate::src::format	model
src/tty.rs	format_free	crate::src::format	model
src/tty.rs	format_defaults	crate::src::format	model
src/tty.rs	options_get_string	crate::src::options	model
src/tty.rs	options_get_number	crate::src::options	model
src/tty.rs	tty_draw_line	crate::src::tty_draw	terminal
src/tty.rs	tty_term_apply_overrides	crate::src::tty_term	terminal
src/tty.rs	tty_term_create	crate::src::tty_term	terminal
src/tty.rs	tty_term_free	crate::src::tty_term	terminal
src/tty.rs	tty_term_has	crate::src::tty_term	terminal
src/tty.rs	tty_term_string	crate::src::tty_term	terminal
src/tty.rs	tty_term_string_i	crate::src::tty_term	terminal
src/tty.rs	tty_term_string_ii	crate::src::tty_term	terminal
src/tty.rs	tty_term_string_iii	crate::src::tty_term	terminal
src/tty.rs	tty_term_string_s	crate::src::tty_term	terminal
src/tty.rs	tty_term_string_ss	crate::src::tty_term	terminal
src/tty.rs	tty_term_number	crate::src::tty_term	terminal
src/tty.rs	tty_term_flag	crate::src::tty_term	terminal
src/tty.rs	tty_apply_features	crate::src::tty_features	terminal
src/tty.rs	tty_acs_needed	crate::src::tty_acs	terminal
src/tty.rs	tty_acs_get	crate::src::tty_acs	terminal
src/tty.rs	tty_acs_reverse_get	crate::src::tty_acs	terminal
src/tty.rs	tty_keys_build	crate::src::tty_keys	terminal
src/tty.rs	tty_keys_free	crate::src::tty_keys	terminal
src/tty.rs	tty_keys_next	crate::src::tty_keys	terminal
src/tty.rs	clients	crate::src::server	server
src/tty.rs	server_client_ensure_ranges	crate::src::server_client	server
src/tty.rs	server_client_ranges_is_empty	crate::src::server_client	server
src/tty.rs	server_client_lost	crate::src::server_client	server
src/tty.rs	server_redraw_client	crate::src::server_fn	server
src/tty.rs	status_line_size	crate::src::status	model
src/tty.rs	colour_find_rgb	crate::src::colour	support
src/tty.rs	colour_split_rgb	crate::src::colour	support
src/tty.rs	colour_force_rgb	crate::src::colour	support
src/tty.rs	colour_dim	crate::src::colour	support
src/tty.rs	colour_256to16	crate::src::colour	support
src/tty.rs	colour_palette_get	crate::src::colour	support
src/tty.rs	grid_default_cell	crate::src::grid	terminal
src/tty.rs	grid_cells_equal	crate::src::grid	terminal
src/tty.rs	screen_mode_to_string	crate::src::screen	terminal
src/tty.rs	utf8_set	crate::src::utf8	support
src/tty.rs	log_get_level	crate::src::log	support
src/tty.rs	log_debug	crate::src::log	support
src/tty.rs	fatal	crate::src::log	support
src/tty.rs	fatalx	crate::src::log	support
src/tty.rs	style_add	crate::src::style	terminal
src/tty.rs	hyperlinks_get	crate::src::hyperlinks	terminal
src/tty_acs.rs	tty_term_has	crate::src::tty_term	terminal
src/tty_acs.rs	tty_term_number	crate::src::tty_term	terminal
src/tty_draw.rs	tty_attributes	crate::src::tty	terminal
src/tty_draw.rs	tty_region_off	crate::src::tty	terminal
src/tty_draw.rs	tty_margin_off	crate::src::tty	terminal
src/tty_draw.rs	tty_cursor	crate::src::tty	terminal
src/tty_draw.rs	tty_fake_bce	crate::src::tty	terminal
src/tty_draw.rs	tty_repeat_space	crate::src::tty	terminal
src/tty_draw.rs	tty_putcode	crate::src::tty	terminal
src/tty_draw.rs	tty_putcode_i	crate::src::tty	terminal
src/tty_draw.rs	tty_putc	crate::src::tty	terminal
src/tty_draw.rs	tty_putn	crate::src::tty	terminal
src/tty_draw.rs	tty_default_attributes	crate::src::tty	terminal
src/tty_draw.rs	tty_update_mode	crate::src::tty	terminal
src/tty_draw.rs	tty_check_codeset	crate::src::tty	terminal
src/tty_draw.rs	tty_term_has	crate::src::tty_term	terminal
src/tty_draw.rs	grid_default_cell	crate::src::grid	terminal
src/tty_draw.rs	grid_cells_look_equal	crate::src::grid	terminal
src/tty_draw.rs	grid_get_line	crate::src::grid	terminal
src/tty_draw.rs	grid_view_get_cell	crate::src::grid_view	terminal
src/tty_draw.rs	screen_select_cell	crate::src::screen	terminal
src/tty_draw.rs	log_get_level	crate::src::log	support
src/tty_draw.rs	log_debug	crate::src::log	support
src/tty_draw.rs	fatalx	crate::src::log	support
src/tty_features.rs	xstrdup	crate::src::xmalloc	support
src/tty_features.rs	tty_term_apply	crate::src::tty_term	terminal
src/tty_features.rs	tty_term_has_name	crate::src::tty_term	terminal
src/tty_features.rs	log_debug	crate::src::log	support
src/tty_keys.rs	xmalloc	crate::src::xmalloc	support
src/tty_keys.rs	xcalloc	crate::src::xmalloc	support
src/tty_keys.rs	xstrdup	crate::src::xmalloc	support
src/tty_keys.rs	global_options	crate::src::tmux	server
src/tty_keys.rs	paste_add	crate::src::paste	model
src/tty_keys.rs	events_fire_client	crate::src::events	model
src/tty_keys.rs	options_get	crate::src::options	model
src/tty_keys.rs	options_array_getv	crate::src::options	model
src/tty_keys.rs	options_get_number	crate::src::options	model
src/tty_keys.rs	tty_set_size	crate::src::tty	terminal
src/tty_keys.rs	tty_invalidate	crate::src::tty	terminal
src/tty_keys.rs	tty_update_features	crate::src::tty	terminal
src/tty_keys.rs	tty_term_string	crate::src::tty_term	terminal
src/tty_keys.rs	tty_parse_client_features	crate::src::tty_features	terminal
src/tty_keys.rs	tty_default_features	crate::src::tty_features	terminal
src/tty_keys.rs	key_string_lookup_key	crate::src::key_string	model
src/tty_keys.rs	server_client_handle_key	crate::src::server_client	server
src/tty_keys.rs	server_client_update_theme_colours	crate::src::server_client	server
src/tty_keys.rs	input_request_reply	crate::src::input	terminal
src/tty_keys.rs	colour_tostring	crate::src::colour	support
src/tty_keys.rs	colour_parseX11	crate::src::colour	support
src/tty_keys.rs	window_update_focus	crate::src::window	model
src/tty_keys.rs	session_theme_changed	crate::src::session	model
src/tty_keys.rs	utf8_fromwc	crate::src::utf8	support
src/tty_keys.rs	utf8_from_data	crate::src::utf8	support
src/tty_keys.rs	utf8_open	crate::src::utf8	support
src/tty_keys.rs	utf8_append	crate::src::utf8	support
src/tty_keys.rs	log_get_level	crate::src::log	support
src/tty_keys.rs	log_debug	crate::src::log	support
src/tty_term.rs	strnvis	crate::src::compat::vis	support
src/tty_term.rs	strunvis	crate::src::compat::unvis	support
src/tty_term.rs	strtonum	crate::src::compat::strtonum	support
src/tty_term.rs	xcalloc	crate::src::xmalloc	support
src/tty_term.rs	xreallocarray	crate::src::xmalloc	support
src/tty_term.rs	xstrdup	crate::src::xmalloc	support
src/tty_term.rs	xasprintf	crate::src::xmalloc	support
src/tty_term.rs	xsnprintf	crate::src::xmalloc	support
src/tty_term.rs	global_options	crate::src::tmux	server
src/tty_term.rs	options_get_only	crate::src::options	model
src/tty_term.rs	options_array_first	crate::src::options	model
src/tty_term.rs	options_array_next	crate::src::options	model
src/tty_term.rs	options_array_item_value	crate::src::options	model
src/tty_term.rs	environ_find	crate::src::environ	model
src/tty_term.rs	tty_parse_client_features	crate::src::tty_features	terminal
src/tty_term.rs	tty_apply_features	crate::src::tty_features	terminal
src/tty_term.rs	log_debug	crate::src::log	support
src/tty_term.rs	fatalx	crate::src::log	support
src/utf8.rs	vis	crate::src::compat::vis	support
src/utf8.rs	strtonum	crate::src::compat::strtonum	support
src/utf8.rs	utf8proc_wcwidth	crate::src::compat::utf8proc	support
src/utf8.rs	utf8proc_mbtowc	crate::src::compat::utf8proc	support
src/utf8.rs	utf8proc_wctomb	crate::src::compat::utf8proc	support
src/utf8.rs	xmalloc	crate::src::xmalloc	support
src/utf8.rs	xcalloc	crate::src::xmalloc	support
src/utf8.rs	xrealloc	crate::src::xmalloc	support
src/utf8.rs	xreallocarray	crate::src::xmalloc	support
src/utf8.rs	xstrdup	crate::src::xmalloc	support
src/utf8.rs	global_options	crate::src::tmux	server
src/utf8.rs	options_get	crate::src::options	model
src/utf8.rs	options_array_first	crate::src::options	model
src/utf8.rs	options_array_next	crate::src::options	model
src/utf8.rs	options_array_item_value	crate::src::options	model
src/utf8.rs	log_debug	crate::src::log	support
src/utf8.rs	fatalx	crate::src::log	support
src/utf8_combined.rs	utf8_towc	crate::src::utf8	support
src/window.rs	strtonum	crate::src::compat::strtonum	support
src/window.rs	xmalloc	crate::src::xmalloc	support
src/window.rs	xcalloc	crate::src::xmalloc	support
src/window.rs	xreallocarray	crate::src::xmalloc	support
src/window.rs	xstrdup	crate::src::xmalloc	support
src/window.rs	xasprintf	crate::src::xmalloc	support
src/window.rs	global_options	crate::src::tmux	server
src/window.rs	global_w_options	crate::src::tmux	server
src/window.rs	setblocking	crate::src::tmux	server
src/window.rs	clean_name	crate::src::tmux	server
src/window.rs	event_payload_create	crate::src::events_payload	model
src/window.rs	event_payload_set_target	crate::src::events_payload	model
src/window.rs	event_payload_set_string	crate::src::events_payload	model
src/window.rs	event_payload_set_int	crate::src::events_payload	model
src/window.rs	event_payload_set_uint	crate::src::events_payload	model
src/window.rs	event_payload_set_window	crate::src::events_payload	model
src/window.rs	event_payload_set_pane	crate::src::events_payload	model
src/window.rs	events_fire	crate::src::events	model
src/window.rs	events_fire_window	crate::src::events	model
src/window.rs	events_fire_pane	crate::src::events	model
src/window.rs	options_create	crate::src::options	model
src/window.rs	options_free	crate::src::options	model
src/window.rs	options_get_number	crate::src::options	model
src/window.rs	tty_update_window_offset	crate::src::tty	terminal
src/window.rs	tty_default_colours	crate::src::tty	terminal
src/window.rs	args_has	crate::src::arguments	commands
src/window.rs	cmd_find_from_window	crate::src::cmd_find	commands
src/window.rs	cmd_find_from_pane	crate::src::cmd_find	commands
src/window.rs	cmd_free_argv	crate::src::cmd	commands
src/window.rs	cmd_mouse_at	crate::src::cmd	commands
src/window.rs	cmdq_get_client	crate::src::cmd_queue	commands
src/window.rs	cmdq_continue	crate::src::cmd_queue	commands
src/window.rs	alerts_queue	crate::src::alerts	model
src/window.rs	file_read	crate::src::file	server
src/window.rs	file_cancel	crate::src::file	server
src/window.rs	clients	crate::src::server	server
src/window.rs	marked_pane	crate::src::server	server
src/window.rs	server_clear_marked	crate::src::server	server
src/window.rs	server_check_marked	crate::src::server	server
src/window.rs	server_client_unref	crate::src::server_client	server
src/window.rs	server_status_session	crate::src::server_fn	server
src/window.rs	server_redraw_window	crate::src::server_fn	server
src/window.rs	server_redraw_window_borders	crate::src::server_fn	server
src/window.rs	server_status_window	crate::src::server_fn	server
src/window.rs	server_kill_pane	crate::src::server_fn	server
src/window.rs	server_destroy_pane	crate::src::server_fn	server
src/window.rs	status_at_line	crate::src::status	model
src/window.rs	prompt_set_options	crate::src::prompt	model
src/window.rs	prompt_create	crate::src::prompt	model
src/window.rs	prompt_free	crate::src::prompt	model
src/window.rs	prompt_incremental_start	crate::src::prompt	model
src/window.rs	prompt_key	crate::src::prompt	model
src/window.rs	prompt_mouse	crate::src::prompt	model
src/window.rs	prompt_update	crate::src::prompt	model
src/window.rs	prompt_closed	crate::src::prompt	model
src/window.rs	prompt_type_string	crate::src::prompt	model
src/window.rs	input_init	crate::src::input	terminal
src/window.rs	input_free	crate::src::input	terminal
src/window.rs	input_parse_pane	crate::src::input	terminal
src/window.rs	input_parse_buffer	crate::src::input	terminal
src/window.rs	input_key_pane	crate::src::input_keys	terminal
src/window.rs	colour_totheme	crate::src::colour	support
src/window.rs	colour_palette_init	crate::src::colour	support
src/window.rs	colour_palette_free	crate::src::colour	support
src/window.rs	colour_palette_get	crate::src::colour	support
src/window.rs	colour_palette_from_option	crate::src::colour	support
src/window.rs	grid_cells_look_equal	crate::src::grid	terminal
src/window.rs	grid_view_string_cells	crate::src::grid_view	terminal
src/window.rs	screen_write_stop_sync	crate::src::screen_write	terminal
src/window.rs	screen_write_clear_dirty	crate::src::screen_write	terminal
src/window.rs	redraw_invalidate_scene	crate::src::screen_redraw	terminal
src/window.rs	screen_init	crate::src::screen	terminal
src/window.rs	screen_free	crate::src::screen	terminal
src/window.rs	screen_set_default_cursor	crate::src::screen	terminal
src/window.rs	screen_set_title	crate::src::screen	terminal
src/window.rs	screen_resize	crate::src::screen	terminal
src/window.rs	layout_free_cell	crate::src::layout	terminal
src/window.rs	layout_fix_panes	crate::src::layout	terminal
src/window.rs	layout_init	crate::src::layout	terminal
src/window.rs	layout_free	crate::src::layout	terminal
src/window.rs	layout_assign_pane	crate::src::layout	terminal
src/window.rs	layout_floating_pane	crate::src::layout	terminal
src/window.rs	window_copy_mode	crate::src::window_copy	terminal
src/window.rs	window_view_mode	crate::src::window_copy	terminal
src/window.rs	control_write_output	crate::src::control	server
src/window.rs	session_has	crate::src::session	model
src/window.rs	log_debug	crate::src::log	support
src/window.rs	fatal	crate::src::log	support
src/window.rs	fatalx	crate::src::log	support
src/window.rs	menu_destroy	crate::src::menu	model
src/window.rs	menu_resize	crate::src::menu	model
src/window.rs	style_set_scrollbar_style_from_option	crate::src::style	terminal
src/window.rs	style_ranges_init	crate::src::style	terminal
src/window.rs	style_ranges_free	crate::src::style	terminal
src/window.rs	style_ranges_get_range	crate::src::style	terminal
src/window.rs	spawn_editor_finish	crate::src::spawn	server
src/window_border.rs	format_create	crate::src::format	model
src/window_border.rs	format_free	crate::src::format	model
src/window_border.rs	format_add	crate::src::format	model
src/window_border.rs	format_expand_time	crate::src::format	model
src/window_border.rs	format_expand	crate::src::format	model
src/window_border.rs	format_create_defaults	crate::src::format	model
src/window_border.rs	format_defaults	crate::src::format	model
src/window_border.rs	format_draw	crate::src::format_draw	model
src/window_border.rs	options_get_string	crate::src::options	model
src/window_border.rs	tty_acs_double_borders	crate::src::tty_acs	terminal
src/window_border.rs	tty_acs_heavy_borders	crate::src::tty_acs	terminal
src/window_border.rs	tty_acs_rounded_borders	crate::src::tty_acs	terminal
src/window_border.rs	grid_default_cell	crate::src::grid	terminal
src/window_border.rs	grid_compare	crate::src::grid	terminal
src/window_border.rs	grid_view_get_cell	crate::src::grid_view	terminal
src/window_border.rs	screen_write_start	crate::src::screen_write	terminal
src/window_border.rs	screen_write_stop	crate::src::screen_write	terminal
src/window_border.rs	screen_write_cursormove	crate::src::screen_write	terminal
src/window_border.rs	screen_write_cell	crate::src::screen_write	terminal
src/window_border.rs	redraw_get_status_border_cell_type	crate::src::screen_redraw	terminal
src/window_border.rs	screen_init	crate::src::screen	terminal
src/window_border.rs	screen_free	crate::src::screen	terminal
src/window_border.rs	window_pane_index	crate::src::window	model
src/window_border.rs	window_pane_get_pane_lines	crate::src::window	model
src/window_border.rs	window_pane_get_pane_status	crate::src::window	model
src/window_border.rs	utf8_set	crate::src::utf8	support
src/window_border.rs	utf8_copy	crate::src::utf8	support
src/window_border.rs	style_apply	crate::src::style	terminal
src/window_border.rs	style_ranges_free	crate::src::style	terminal
src/window_buffer.rs	xcalloc	crate::src::xmalloc	support
src/window_buffer.rs	xreallocarray	crate::src::xmalloc	support
src/window_buffer.rs	xstrdup	crate::src::xmalloc	support
src/window_buffer.rs	xsnprintf	crate::src::xmalloc	support
src/window_buffer.rs	paste_buffer_name	crate::src::paste	model
src/window_buffer.rs	paste_buffer_order	crate::src::paste	model
src/window_buffer.rs	paste_buffer_data	crate::src::paste	model
src/window_buffer.rs	paste_is_empty	crate::src::paste	model
src/window_buffer.rs	paste_get_name	crate::src::paste	model
src/window_buffer.rs	paste_free	crate::src::paste	model
src/window_buffer.rs	paste_replace	crate::src::paste	model
src/window_buffer.rs	sort_get_buffers	crate::src::sort	model
src/window_buffer.rs	format_true	crate::src::format	model
src/window_buffer.rs	format_create	crate::src::format	model
src/window_buffer.rs	format_free	crate::src::format	model
src/window_buffer.rs	format_add	crate::src::format	model
src/window_buffer.rs	format_expand	crate::src::format	model
src/window_buffer.rs	format_defaults	crate::src::format	model
src/window_buffer.rs	format_defaults_paste_buffer	crate::src::format	model
src/window_buffer.rs	args_has	crate::src::arguments	commands
src/window_buffer.rs	args_get	crate::src::arguments	commands
src/window_buffer.rs	args_count	crate::src::arguments	commands
src/window_buffer.rs	args_string	crate::src::arguments	commands
src/window_buffer.rs	cmd_find_valid_state	crate::src::cmd_find	commands
src/window_buffer.rs	cmd_find_copy_state	crate::src::cmd_find	commands
src/window_buffer.rs	key_string_lookup_string	crate::src::key_string	model
src/window_buffer.rs	grid_default_cell	crate::src::grid	terminal
src/window_buffer.rs	screen_write_start	crate::src::screen_write	terminal
src/window_buffer.rs	screen_write_stop	crate::src::screen_write	terminal
src/window_buffer.rs	screen_write_nputs	crate::src::screen_write	terminal
src/window_buffer.rs	screen_write_box	crate::src::screen_write	terminal
src/window_buffer.rs	screen_write_clearcharacter	crate::src::screen_write	terminal
src/window_buffer.rs	screen_write_cursormove	crate::src::screen_write	terminal
src/window_buffer.rs	window_pane_find_by_id	crate::src::window	model
src/window_buffer.rs	window_pane_reset_mode	crate::src::window	model
src/window_buffer.rs	mode_tree_get_current	crate::src::mode_tree	model
src/window_buffer.rs	mode_tree_each_tagged	crate::src::mode_tree	model
src/window_buffer.rs	mode_tree_up	crate::src::mode_tree	model
src/window_buffer.rs	mode_tree_down	crate::src::mode_tree	model
src/window_buffer.rs	mode_tree_start	crate::src::mode_tree	model
src/window_buffer.rs	mode_tree_zoom	crate::src::mode_tree	model
src/window_buffer.rs	mode_tree_build	crate::src::mode_tree	model
src/window_buffer.rs	mode_tree_free	crate::src::mode_tree	model
src/window_buffer.rs	mode_tree_resize	crate::src::mode_tree	model
src/window_buffer.rs	mode_tree_add	crate::src::mode_tree	model
src/window_buffer.rs	mode_tree_draw	crate::src::mode_tree	model
src/window_buffer.rs	mode_tree_key	crate::src::mode_tree	model
src/window_buffer.rs	mode_tree_run_command	crate::src::mode_tree	model
src/window_buffer.rs	utf8_strvis	crate::src::utf8	support
src/window_buffer.rs	spawn_editor	crate::src::spawn	server
src/window_buffer.rs	spawn_cancel_editor	crate::src::spawn	server
src/window_buffer.rs	spawn_get_editor_pid	crate::src::spawn	server
src/window_client.rs	xcalloc	crate::src::xmalloc	support
src/window_client.rs	xreallocarray	crate::src::xmalloc	support
src/window_client.rs	xstrdup	crate::src::xmalloc	support
src/window_client.rs	sort_get_clients	crate::src::sort	model
src/window_client.rs	format_true	crate::src::format	model
src/window_client.rs	format_create	crate::src::format	model
src/window_client.rs	format_free	crate::src::format	model
src/window_client.rs	format_add	crate::src::format	model
src/window_client.rs	format_expand	crate::src::format	model
src/window_client.rs	format_single	crate::src::format	model
src/window_client.rs	format_create_defaults	crate::src::format	model
src/window_client.rs	format_defaults	crate::src::format	model
src/window_client.rs	format_draw	crate::src::format_draw	model
src/window_client.rs	args_has	crate::src::arguments	commands
src/window_client.rs	args_get	crate::src::arguments	commands
src/window_client.rs	args_count	crate::src::arguments	commands
src/window_client.rs	args_string	crate::src::arguments	commands
src/window_client.rs	key_string_lookup_string	crate::src::key_string	model
src/window_client.rs	server_client_how_many	crate::src::server_client	server
src/window_client.rs	server_client_unref	crate::src::server_client	server
src/window_client.rs	server_client_suspend	crate::src::server_client	server
src/window_client.rs	server_client_detach	crate::src::server_client	server
src/window_client.rs	status_at_line	crate::src::status	model
src/window_client.rs	status_line_size	crate::src::status	model
src/window_client.rs	grid_default_cell	crate::src::grid	terminal
src/window_client.rs	screen_write_fast_copy	crate::src::screen_write	terminal
src/window_client.rs	screen_write_hline	crate::src::screen_write	terminal
src/window_client.rs	screen_write_vline	crate::src::screen_write	terminal
src/window_client.rs	screen_write_preview	crate::src::screen_write	terminal
src/window_client.rs	screen_write_cursormove	crate::src::screen_write	terminal
src/window_client.rs	window_pane_reset_mode	crate::src::window	model
src/window_client.rs	mode_tree_get_current	crate::src::mode_tree	model
src/window_client.rs	mode_tree_each_tagged	crate::src::mode_tree	model
src/window_client.rs	mode_tree_down	crate::src::mode_tree	model
src/window_client.rs	mode_tree_start	crate::src::mode_tree	model
src/window_client.rs	mode_tree_zoom	crate::src::mode_tree	model
src/window_client.rs	mode_tree_build	crate::src::mode_tree	model
src/window_client.rs	mode_tree_free	crate::src::mode_tree	model
src/window_client.rs	mode_tree_resize	crate::src::mode_tree	model
src/window_client.rs	mode_tree_add	crate::src::mode_tree	model
src/window_client.rs	mode_tree_view_name	crate::src::mode_tree	model
src/window_client.rs	mode_tree_draw	crate::src::mode_tree	model
src/window_client.rs	mode_tree_key	crate::src::mode_tree	model
src/window_client.rs	mode_tree_run_command	crate::src::mode_tree	model
src/window_client.rs	style_apply	crate::src::style	terminal
src/window_clock.rs	xcalloc	crate::src::xmalloc	support
src/window_clock.rs	format_free	crate::src::format	model
src/window_clock.rs	format_create_defaults	crate::src::format	model
src/window_clock.rs	options_get_number	crate::src::options	model
src/window_clock.rs	grid_default_cell	crate::src::grid	terminal
src/window_clock.rs	screen_write_start	crate::src::screen_write	terminal
src/window_clock.rs	screen_write_stop	crate::src::screen_write	terminal
src/window_clock.rs	screen_write_puts	crate::src::screen_write	terminal
src/window_clock.rs	screen_write_putc	crate::src::screen_write	terminal
src/window_clock.rs	screen_write_cursormove	crate::src::screen_write	terminal
src/window_clock.rs	screen_write_clearscreen	crate::src::screen_write	terminal
src/window_clock.rs	screen_init	crate::src::screen	terminal
src/window_clock.rs	screen_free	crate::src::screen	terminal
src/window_clock.rs	screen_resize	crate::src::screen	terminal
src/window_clock.rs	window_pane_reset_mode	crate::src::window	model
src/window_clock.rs	style_apply	crate::src::style	terminal
src/window_copy.rs	strtonum	crate::src::compat::strtonum	support
src/window_copy.rs	xmalloc	crate::src::xmalloc	support
src/window_copy.rs	xcalloc	crate::src::xmalloc	support
src/window_copy.rs	xrealloc	crate::src::xmalloc	support
src/window_copy.rs	xreallocarray	crate::src::xmalloc	support
src/window_copy.rs	xstrdup	crate::src::xmalloc	support
src/window_copy.rs	global_options	crate::src::tmux	server
src/window_copy.rs	global_w_options	crate::src::tmux	server
src/window_copy.rs	get_timer	crate::src::tmux	server
src/window_copy.rs	paste_buffer_data	crate::src::paste	model
src/window_copy.rs	paste_get_top	crate::src::paste	model
src/window_copy.rs	paste_add	crate::src::paste	model
src/window_copy.rs	paste_set	crate::src::paste	model
src/window_copy.rs	format_free	crate::src::format	model
src/window_copy.rs	format_get_pane	crate::src::format	model
src/window_copy.rs	format_add	crate::src::format	model
src/window_copy.rs	format_add_cb	crate::src::format	model
src/window_copy.rs	format_expand	crate::src::format	model
src/window_copy.rs	format_single	crate::src::format	model
src/window_copy.rs	format_create_defaults	crate::src::format	model
src/window_copy.rs	format_grid_word	crate::src::format	model
src/window_copy.rs	format_grid_hyperlink	crate::src::format	model
src/window_copy.rs	format_grid_line	crate::src::format	model
src/window_copy.rs	events_fire_pane	crate::src::events	model
src/window_copy.rs	format_draw	crate::src::format_draw	model
src/window_copy.rs	options_get_string	crate::src::options	model
src/window_copy.rs	options_get_number	crate::src::options	model
src/window_copy.rs	job_run	crate::src::job	server
src/window_copy.rs	job_get_event	crate::src::job	server
src/window_copy.rs	tty_window_offset	crate::src::tty	terminal
src/window_copy.rs	tty_acs_get	crate::src::tty_acs	terminal
src/window_copy.rs	args_parse	crate::src::arguments	commands
src/window_copy.rs	args_free	crate::src::arguments	commands
src/window_copy.rs	args_has	crate::src::arguments	commands
src/window_copy.rs	args_count	crate::src::arguments	commands
src/window_copy.rs	args_values	crate::src::arguments	commands
src/window_copy.rs	args_string	crate::src::arguments	commands
src/window_copy.rs	cmd_mouse_at	crate::src::cmd	commands
src/window_copy.rs	cmd_mouse_pane	crate::src::cmd	commands
src/window_copy.rs	status_message_set	crate::src::status	model
src/window_copy.rs	input_init	crate::src::input	terminal
src/window_copy.rs	input_free	crate::src::input	terminal
src/window_copy.rs	input_parse_screen	crate::src::input	terminal
src/window_copy.rs	grid_default_cell	crate::src::grid	terminal
src/window_copy.rs	grid_free_lines	crate::src::grid	terminal
src/window_copy.rs	grid_line_time	crate::src::grid	terminal
src/window_copy.rs	grid_peek_line	crate::src::grid	terminal
src/window_copy.rs	grid_get_cell	crate::src::grid	terminal
src/window_copy.rs	grid_get_line	crate::src::grid	terminal
src/window_copy.rs	grid_duplicate_lines	crate::src::grid	terminal
src/window_copy.rs	grid_wrap_position	crate::src::grid	terminal
src/window_copy.rs	grid_unwrap_position	crate::src::grid	terminal
src/window_copy.rs	grid_line_length	crate::src::grid	terminal
src/window_copy.rs	grid_line_limit	crate::src::grid	terminal
src/window_copy.rs	grid_in_set	crate::src::grid	terminal
src/window_copy.rs	grid_reader_start	crate::src::grid_reader	terminal
src/window_copy.rs	grid_reader_get_cursor	crate::src::grid_reader	terminal
src/window_copy.rs	grid_reader_in_set	crate::src::grid_reader	terminal
src/window_copy.rs	grid_reader_cursor_right	crate::src::grid_reader	terminal
src/window_copy.rs	grid_reader_cursor_left	crate::src::grid_reader	terminal
src/window_copy.rs	grid_reader_cursor_start_of_line	crate::src::grid_reader	terminal
src/window_copy.rs	grid_reader_cursor_end_of_line	crate::src::grid_reader	terminal
src/window_copy.rs	grid_reader_cursor_next_word	crate::src::grid_reader	terminal
src/window_copy.rs	grid_reader_cursor_next_word_end	crate::src::grid_reader	terminal
src/window_copy.rs	grid_reader_cursor_previous_word	crate::src::grid_reader	terminal
src/window_copy.rs	grid_reader_cursor_jump	crate::src::grid_reader	terminal
src/window_copy.rs	grid_reader_cursor_jump_back	crate::src::grid_reader	terminal
src/window_copy.rs	grid_reader_cursor_back_to_indentation	crate::src::grid_reader	terminal
src/window_copy.rs	screen_write_start_pane	crate::src::screen_write	terminal
src/window_copy.rs	screen_write_start	crate::src::screen_write	terminal
src/window_copy.rs	screen_write_stop	crate::src::screen_write	terminal
src/window_copy.rs	screen_write_strlen	crate::src::screen_write	terminal
src/window_copy.rs	screen_write_nputs	crate::src::screen_write	terminal
src/window_copy.rs	screen_write_vnputs	crate::src::screen_write	terminal
src/window_copy.rs	screen_write_putc	crate::src::screen_write	terminal
src/window_copy.rs	screen_write_insertline	crate::src::screen_write	terminal
src/window_copy.rs	screen_write_deleteline	crate::src::screen_write	terminal
src/window_copy.rs	screen_write_cursormove	crate::src::screen_write	terminal
src/window_copy.rs	screen_write_linefeed	crate::src::screen_write	terminal
src/window_copy.rs	screen_write_carriagereturn	crate::src::screen_write	terminal
src/window_copy.rs	screen_write_cell	crate::src::screen_write	terminal
src/window_copy.rs	screen_write_setselection	crate::src::screen_write	terminal
src/window_copy.rs	screen_init	crate::src::screen	terminal
src/window_copy.rs	screen_free	crate::src::screen	terminal
src/window_copy.rs	screen_set_default_cursor	crate::src::screen	terminal
src/window_copy.rs	screen_resize	crate::src::screen	terminal
src/window_copy.rs	screen_resize_cursor	crate::src::screen	terminal
src/window_copy.rs	screen_set_selection	crate::src::screen	terminal
src/window_copy.rs	screen_clear_selection	crate::src::screen	terminal
src/window_copy.rs	screen_hide_selection	crate::src::screen	terminal
src/window_copy.rs	screen_check_selection	crate::src::screen	terminal
src/window_copy.rs	window_set_active_pane	crate::src::window	model
src/window_copy.rs	window_pane_reset_mode	crate::src::window	model
src/window_copy.rs	window_pane_scrollbar_overlay_visible	crate::src::window	model
src/window_copy.rs	window_pane_scrollbar_show	crate::src::window	model
src/window_copy.rs	window_pane_scrollbar_redraw	crate::src::window	model
src/window_copy.rs	utf8_to_data	crate::src::utf8	support
src/window_copy.rs	utf8_set	crate::src::utf8	support
src/window_copy.rs	utf8_copy	crate::src::utf8	support
src/window_copy.rs	utf8_fromcstr	crate::src::utf8	support
src/window_copy.rs	log_debug	crate::src::log	support
src/window_copy.rs	fatalx	crate::src::log	support
src/window_copy.rs	style_apply	crate::src::style	terminal
src/window_copy.rs	hyperlinks_copy	crate::src::hyperlinks	terminal
src/window_copy.rs	hyperlinks_free	crate::src::hyperlinks	terminal
src/window_customize.rs	xmalloc	crate::src::xmalloc	support
src/window_customize.rs	xcalloc	crate::src::xmalloc	support
src/window_customize.rs	xreallocarray	crate::src::xmalloc	support
src/window_customize.rs	xstrdup	crate::src::xmalloc	support
src/window_customize.rs	xstrndup	crate::src::xmalloc	support
src/window_customize.rs	xasprintf	crate::src::xmalloc	support
src/window_customize.rs	xvasprintf	crate::src::xmalloc	support
src/window_customize.rs	xsnprintf	crate::src::xmalloc	support
src/window_customize.rs	global_options	crate::src::tmux	server
src/window_customize.rs	global_s_options	crate::src::tmux	server
src/window_customize.rs	global_w_options	crate::src::tmux	server
src/window_customize.rs	global_environ	crate::src::tmux	server
src/window_customize.rs	format_true	crate::src::format	model
src/window_customize.rs	format_free	crate::src::format	model
src/window_customize.rs	format_add	crate::src::format	model
src/window_customize.rs	format_pretty_time	crate::src::format	model
src/window_customize.rs	format_expand	crate::src::format	model
src/window_customize.rs	format_create_from_state	crate::src::format	model
src/window_customize.rs	hooks_add_event	crate::src::hooks	model
src/window_customize.rs	hooks_is_event	crate::src::hooks	model
src/window_customize.rs	hooks_monitor_to_string	crate::src::hooks	model
src/window_customize.rs	hooks_monitor_get_fire_count	crate::src::hooks	model
src/window_customize.rs	hooks_monitor_get_fire_time	crate::src::hooks	model
src/window_customize.rs	options_create	crate::src::options	model
src/window_customize.rs	options_free	crate::src::options	model
src/window_customize.rs	options_get_parent	crate::src::options	model
src/window_customize.rs	options_first	crate::src::options	model
src/window_customize.rs	options_next	crate::src::options	model
src/window_customize.rs	options_default	crate::src::options	model
src/window_customize.rs	options_default_to_string	crate::src::options	model
src/window_customize.rs	options_name	crate::src::options	model
src/window_customize.rs	options_owner	crate::src::options	model
src/window_customize.rs	options_get_monitor_data	crate::src::options	model
src/window_customize.rs	options_get_fire_count	crate::src::options	model
src/window_customize.rs	options_get_fire_time	crate::src::options	model
src/window_customize.rs	options_table_entry	crate::src::options	model
src/window_customize.rs	options_get_only	crate::src::options	model
src/window_customize.rs	options_get	crate::src::options	model
src/window_customize.rs	options_array_get	crate::src::options	model
src/window_customize.rs	options_array_getv	crate::src::options	model
src/window_customize.rs	options_array_set	crate::src::options	model
src/window_customize.rs	options_array_first	crate::src::options	model
src/window_customize.rs	options_array_next	crate::src::options	model
src/window_customize.rs	options_array_item_key	crate::src::options	model
src/window_customize.rs	options_to_string	crate::src::options	model
src/window_customize.rs	options_match	crate::src::options	model
src/window_customize.rs	options_get_number	crate::src::options	model
src/window_customize.rs	options_set_string	crate::src::options	model
src/window_customize.rs	options_set_number	crate::src::options	model
src/window_customize.rs	options_from_string	crate::src::options	model
src/window_customize.rs	options_push_changes	crate::src::options	model
src/window_customize.rs	options_remove_or_default	crate::src::options	model
src/window_customize.rs	options_table	crate::src::options_table	model
src/window_customize.rs	environ_first	crate::src::environ	model
src/window_customize.rs	environ_next	crate::src::environ	model
src/window_customize.rs	environ_find	crate::src::environ	model
src/window_customize.rs	environ_set	crate::src::environ	model
src/window_customize.rs	environ_clear	crate::src::environ	model
src/window_customize.rs	environ_unset	crate::src::environ	model
src/window_customize.rs	args_has	crate::src::arguments	commands
src/window_customize.rs	args_get	crate::src::arguments	commands
src/window_customize.rs	cmd_find_valid_state	crate::src::cmd_find	commands
src/window_customize.rs	cmd_find_copy_state	crate::src::cmd_find	commands
src/window_customize.rs	cmd_find_from_pane	crate::src::cmd_find	commands
src/window_customize.rs	cmd_list_free	crate::src::cmd	commands
src/window_customize.rs	cmd_list_print	crate::src::cmd	commands
src/window_customize.rs	cmd_parse_from_string	crate::src::cmd_parse	commands
src/window_customize.rs	key_bindings_get_table	crate::src::key_bindings	model
src/window_customize.rs	key_bindings_first_table	crate::src::key_bindings	model
src/window_customize.rs	key_bindings_next_table	crate::src::key_bindings	model
src/window_customize.rs	key_bindings_get	crate::src::key_bindings	model
src/window_customize.rs	key_bindings_get_default	crate::src::key_bindings	model
src/window_customize.rs	key_bindings_first	crate::src::key_bindings	model
src/window_customize.rs	key_bindings_next	crate::src::key_bindings	model
src/window_customize.rs	key_bindings_add	crate::src::key_bindings	model
src/window_customize.rs	key_bindings_remove	crate::src::key_bindings	model
src/window_customize.rs	key_bindings_reset	crate::src::key_bindings	model
src/window_customize.rs	key_string_lookup_string	crate::src::key_string	model
src/window_customize.rs	key_string_lookup_key	crate::src::key_string	model
src/window_customize.rs	status_message_set	crate::src::status	model
src/window_customize.rs	grid_default_cell	crate::src::grid	terminal
src/window_customize.rs	screen_write_start	crate::src::screen_write	terminal
src/window_customize.rs	screen_write_stop	crate::src::screen_write	terminal
src/window_customize.rs	screen_write_text	crate::src::screen_write	terminal
src/window_customize.rs	screen_write_nputs	crate::src::screen_write	terminal
src/window_customize.rs	screen_write_box	crate::src::screen_write	terminal
src/window_customize.rs	screen_write_clearcharacter	crate::src::screen_write	terminal
src/window_customize.rs	screen_write_cursormove	crate::src::screen_write	terminal
src/window_customize.rs	window_pane_index	crate::src::window	model
src/window_customize.rs	window_pane_find_by_id	crate::src::window	model
src/window_customize.rs	window_pane_reset_mode	crate::src::window	model
src/window_customize.rs	mode_tree_count_tagged	crate::src::mode_tree	model
src/window_customize.rs	mode_tree_get_current	crate::src::mode_tree	model
src/window_customize.rs	mode_tree_get_current_name	crate::src::mode_tree	model
src/window_customize.rs	mode_tree_each_tagged	crate::src::mode_tree	model
src/window_customize.rs	mode_tree_up	crate::src::mode_tree	model
src/window_customize.rs	mode_tree_start	crate::src::mode_tree	model
src/window_customize.rs	mode_tree_zoom	crate::src::mode_tree	model
src/window_customize.rs	mode_tree_build	crate::src::mode_tree	model
src/window_customize.rs	mode_tree_free	crate::src::mode_tree	model
src/window_customize.rs	mode_tree_resize	crate::src::mode_tree	model
src/window_customize.rs	mode_tree_add	crate::src::mode_tree	model
src/window_customize.rs	mode_tree_draw_as_parent	crate::src::mode_tree	model
src/window_customize.rs	mode_tree_no_tag	crate::src::mode_tree	model
src/window_customize.rs	mode_tree_remove	crate::src::mode_tree	model
src/window_customize.rs	mode_tree_draw	crate::src::mode_tree	model
src/window_customize.rs	mode_tree_key	crate::src::mode_tree	model
src/window_customize.rs	mode_tree_set_prompt	crate::src::mode_tree	model
src/window_customize.rs	style_apply	crate::src::style	terminal
src/window_customize.rs	spawn_editor	crate::src::spawn	server
src/window_customize.rs	spawn_cancel_editor	crate::src::spawn	server
src/window_customize.rs	spawn_get_editor_pid	crate::src::spawn	server
src/window_panes.rs	xmalloc	crate::src::xmalloc	support
src/window_panes.rs	xcalloc	crate::src::xmalloc	support
src/window_panes.rs	xreallocarray	crate::src::xmalloc	support
src/window_panes.rs	xasprintf	crate::src::xmalloc	support
src/window_panes.rs	xsnprintf	crate::src::xmalloc	support
src/window_panes.rs	format_free	crate::src::format	model
src/window_panes.rs	format_single	crate::src::format	model
src/window_panes.rs	format_create_defaults	crate::src::format	model
src/window_panes.rs	format_draw	crate::src::format_draw	model
src/window_panes.rs	options_get_string	crate::src::options	model
src/window_panes.rs	options_get_number	crate::src::options	model
src/window_panes.rs	args_has	crate::src::arguments	commands
src/window_panes.rs	args_make_commands_prepare	crate::src::arguments	commands
src/window_panes.rs	args_make_commands	crate::src::arguments	commands
src/window_panes.rs	args_make_commands_free	crate::src::arguments	commands
src/window_panes.rs	args_strtonum	crate::src::arguments	commands
src/window_panes.rs	cmd_list_free	crate::src::cmd	commands
src/window_panes.rs	cmd_mouse_at	crate::src::cmd	commands
src/window_panes.rs	cmdq_get_cmd	crate::src::cmd_queue	commands
src/window_panes.rs	cmdq_get_target	crate::src::cmd_queue	commands
src/window_panes.rs	cmdq_get_source	crate::src::cmd_queue	commands
src/window_panes.rs	cmdq_get_command	crate::src::cmd_queue	commands
src/window_panes.rs	cmdq_get_error	crate::src::cmd_queue	commands
src/window_panes.rs	cmdq_append	crate::src::cmd_queue	commands
src/window_panes.rs	cmdq_error	crate::src::cmd_queue	commands
src/window_panes.rs	server_redraw_window	crate::src::server_fn	server
src/window_panes.rs	server_redraw_window_borders	crate::src::server_fn	server
src/window_panes.rs	server_status_window	crate::src::server_fn	server
src/window_panes.rs	server_unzoom_window	crate::src::server_fn	server
src/window_panes.rs	grid_default_cell	crate::src::grid	terminal
src/window_panes.rs	screen_write_start	crate::src::screen_write	terminal
src/window_panes.rs	screen_write_stop	crate::src::screen_write	terminal
src/window_panes.rs	screen_write_puts	crate::src::screen_write	terminal
src/window_panes.rs	screen_write_putc	crate::src::screen_write	terminal
src/window_panes.rs	screen_write_fast_copy	crate::src::screen_write	terminal
src/window_panes.rs	screen_write_preview	crate::src::screen_write	terminal
src/window_panes.rs	screen_write_cursormove	crate::src::screen_write	terminal
src/window_panes.rs	screen_write_clearscreen	crate::src::screen_write	terminal
src/window_panes.rs	screen_write_cell	crate::src::screen_write	terminal
src/window_panes.rs	screen_init	crate::src::screen	terminal
src/window_panes.rs	screen_free	crate::src::screen	terminal
src/window_panes.rs	screen_resize	crate::src::screen	terminal
src/window_panes.rs	winlink_find_by_window	crate::src::window	model
src/window_panes.rs	window_find_by_id	crate::src::window	model
src/window_panes.rs	window_zoom	crate::src::window	model
src/window_panes.rs	window_unzoom	crate::src::window	model
src/window_panes.rs	window_pane_at_index	crate::src::window	model
src/window_panes.rs	window_pane_index	crate::src::window	model
src/window_panes.rs	window_pane_find_by_id	crate::src::window	model
src/window_panes.rs	window_pane_reset_mode	crate::src::window	model
src/window_panes.rs	window_pane_is_visible	crate::src::window	model
src/window_panes.rs	window_get_pane_status	crate::src::window	model
src/window_panes.rs	layout_add_horizontal_border	crate::src::layout	terminal
src/window_panes.rs	window_clock_table	crate::src::window_clock	terminal
src/window_panes.rs	session_find_by_id	crate::src::session	model
src/window_panes.rs	utf8_set	crate::src::utf8	support
src/window_panes.rs	style_apply	crate::src::style	terminal
src/window_switch.rs	xcalloc	crate::src::xmalloc	support
src/window_switch.rs	xreallocarray	crate::src::xmalloc	support
src/window_switch.rs	xstrdup	crate::src::xmalloc	support
src/window_switch.rs	xasprintf	crate::src::xmalloc	support
src/window_switch.rs	sort_get_sessions	crate::src::sort	model
src/window_switch.rs	sort_get_winlinks	crate::src::sort	model
src/window_switch.rs	format_create	crate::src::format	model
src/window_switch.rs	format_free	crate::src::format	model
src/window_switch.rs	format_expand	crate::src::format	model
src/window_switch.rs	format_defaults	crate::src::format	model
src/window_switch.rs	format_draw	crate::src::format_draw	model
src/window_switch.rs	args_has	crate::src::arguments	commands
src/window_switch.rs	args_get	crate::src::arguments	commands
src/window_switch.rs	args_count	crate::src::arguments	commands
src/window_switch.rs	args_string	crate::src::arguments	commands
src/window_switch.rs	cmd_find_clear_state	crate::src::cmd_find	commands
src/window_switch.rs	cmd_find_from_session	crate::src::cmd_find	commands
src/window_switch.rs	cmd_find_from_winlink	crate::src::cmd_find	commands
src/window_switch.rs	cmd_mouse_at	crate::src::cmd	commands
src/window_switch.rs	cmd_template_replace	crate::src::cmd	commands
src/window_switch.rs	cmd_parse_and_append	crate::src::cmd_parse	commands
src/window_switch.rs	cmdq_new_state	crate::src::cmd_queue	commands
src/window_switch.rs	cmdq_free_state	crate::src::cmd_queue	commands
src/window_switch.rs	server_redraw_window	crate::src::server_fn	server
src/window_switch.rs	server_unzoom_window	crate::src::server_fn	server
src/window_switch.rs	status_message_set	crate::src::status	model
src/window_switch.rs	prompt_set_options	crate::src::prompt	model
src/window_switch.rs	prompt_create	crate::src::prompt	model
src/window_switch.rs	prompt_free	crate::src::prompt	model
src/window_switch.rs	prompt_incremental_start	crate::src::prompt	model
src/window_switch.rs	prompt_draw	crate::src::prompt	model
src/window_switch.rs	prompt_key	crate::src::prompt	model
src/window_switch.rs	prompt_mouse	crate::src::prompt	model
src/window_switch.rs	prompt_update	crate::src::prompt	model
src/window_switch.rs	fuzzy_match	crate::src::fuzzy	model
src/window_switch.rs	grid_default_cell	crate::src::grid	terminal
src/window_switch.rs	grid_get_cell	crate::src::grid	terminal
src/window_switch.rs	screen_write_start	crate::src::screen_write	terminal
src/window_switch.rs	screen_write_stop	crate::src::screen_write	terminal
src/window_switch.rs	screen_write_clearendofline	crate::src::screen_write	terminal
src/window_switch.rs	screen_write_cursormove	crate::src::screen_write	terminal
src/window_switch.rs	screen_write_clearscreen	crate::src::screen_write	terminal
src/window_switch.rs	screen_write_cell	crate::src::screen_write	terminal
src/window_switch.rs	screen_init	crate::src::screen	terminal
src/window_switch.rs	screen_free	crate::src::screen	terminal
src/window_switch.rs	screen_resize	crate::src::screen	terminal
src/window_switch.rs	winlink_find_by_index	crate::src::window	model
src/window_switch.rs	window_zoom	crate::src::window	model
src/window_switch.rs	window_pane_reset_mode	crate::src::window	model
src/window_switch.rs	session_find_by_id	crate::src::session	model
src/window_switch.rs	style_apply	crate::src::style	terminal
src/window_tree.rs	xcalloc	crate::src::xmalloc	support
src/window_tree.rs	xreallocarray	crate::src::xmalloc	support
src/window_tree.rs	xstrdup	crate::src::xmalloc	support
src/window_tree.rs	xasprintf	crate::src::xmalloc	support
src/window_tree.rs	sort_would_window_tree_swap	crate::src::sort	model
src/window_tree.rs	sort_get_sessions	crate::src::sort	model
src/window_tree.rs	sort_get_panes_window	crate::src::sort	model
src/window_tree.rs	sort_get_winlinks_session	crate::src::sort	model
src/window_tree.rs	format_true	crate::src::format	model
src/window_tree.rs	format_create	crate::src::format	model
src/window_tree.rs	format_free	crate::src::format	model
src/window_tree.rs	format_add	crate::src::format	model
src/window_tree.rs	format_expand	crate::src::format	model
src/window_tree.rs	format_single	crate::src::format	model
src/window_tree.rs	format_defaults	crate::src::format	model
src/window_tree.rs	format_draw	crate::src::format_draw	model
src/window_tree.rs	format_width	crate::src::format_draw	model
src/window_tree.rs	format_trim_left	crate::src::format_draw	model
src/window_tree.rs	options_get_string	crate::src::options	model
src/window_tree.rs	args_has	crate::src::arguments	commands
src/window_tree.rs	args_get	crate::src::arguments	commands
src/window_tree.rs	args_count	crate::src::arguments	commands
src/window_tree.rs	args_string	crate::src::arguments	commands
src/window_tree.rs	cmd_find_clear_state	crate::src::cmd_find	commands
src/window_tree.rs	cmd_find_from_winlink_pane	crate::src::cmd_find	commands
src/window_tree.rs	cmdq_get_callback1	crate::src::cmd_queue	commands
src/window_tree.rs	cmdq_append	crate::src::cmd_queue	commands
src/window_tree.rs	key_string_lookup_string	crate::src::key_string	model
src/window_tree.rs	server_set_marked	crate::src::server	server
src/window_tree.rs	server_clear_marked	crate::src::server	server
src/window_tree.rs	server_redraw_session_group	crate::src::server_fn	server
src/window_tree.rs	server_kill_pane	crate::src::server_fn	server
src/window_tree.rs	server_kill_window	crate::src::server_fn	server
src/window_tree.rs	server_renumber_all	crate::src::server_fn	server
src/window_tree.rs	server_destroy_session	crate::src::server_fn	server
src/window_tree.rs	recalculate_sizes	crate::src::resize	model
src/window_tree.rs	grid_default_cell	crate::src::grid	terminal
src/window_tree.rs	screen_write_puts	crate::src::screen_write	terminal
src/window_tree.rs	screen_write_putc	crate::src::screen_write	terminal
src/window_tree.rs	screen_write_hline	crate::src::screen_write	terminal
src/window_tree.rs	screen_write_vline	crate::src::screen_write	terminal
src/window_tree.rs	screen_write_box	crate::src::screen_write	terminal
src/window_tree.rs	screen_write_preview	crate::src::screen_write	terminal
src/window_tree.rs	screen_write_clearcharacter	crate::src::screen_write	terminal
src/window_tree.rs	screen_write_cursormove	crate::src::screen_write	terminal
src/window_tree.rs	winlinks_RB_NEXT	crate::src::window	model
src/window_tree.rs	winlinks_RB_MINMAX	crate::src::window	model
src/window_tree.rs	winlink_find_by_index	crate::src::window	model
src/window_tree.rs	winlink_count	crate::src::window	model
src/window_tree.rs	window_has_pane	crate::src::window	model
src/window_tree.rs	window_pane_index	crate::src::window	model
src/window_tree.rs	window_count_panes	crate::src::window	model
src/window_tree.rs	window_pane_find_by_id	crate::src::window	model
src/window_tree.rs	window_pane_reset_mode	crate::src::window	model
src/window_tree.rs	mode_tree_count_tagged	crate::src::mode_tree	model
src/window_tree.rs	mode_tree_get_current	crate::src::mode_tree	model
src/window_tree.rs	mode_tree_expand_current	crate::src::mode_tree	model
src/window_tree.rs	mode_tree_expand	crate::src::mode_tree	model
src/window_tree.rs	mode_tree_set_current	crate::src::mode_tree	model
src/window_tree.rs	mode_tree_each_tagged	crate::src::mode_tree	model
src/window_tree.rs	mode_tree_start	crate::src::mode_tree	model
src/window_tree.rs	mode_tree_zoom	crate::src::mode_tree	model
src/window_tree.rs	mode_tree_build	crate::src::mode_tree	model
src/window_tree.rs	mode_tree_free	crate::src::mode_tree	model
src/window_tree.rs	mode_tree_resize	crate::src::mode_tree	model
src/window_tree.rs	mode_tree_add	crate::src::mode_tree	model
src/window_tree.rs	mode_tree_view_name	crate::src::mode_tree	model
src/window_tree.rs	mode_tree_align	crate::src::mode_tree	model
src/window_tree.rs	mode_tree_remove	crate::src::mode_tree	model
src/window_tree.rs	mode_tree_draw	crate::src::mode_tree	model
src/window_tree.rs	mode_tree_key	crate::src::mode_tree	model
src/window_tree.rs	mode_tree_set_prompt	crate::src::mode_tree	model
src/window_tree.rs	mode_tree_run_command	crate::src::mode_tree	model
src/window_tree.rs	session_find_by_id	crate::src::session	model
src/window_tree.rs	session_destroy	crate::src::session	model
src/window_tree.rs	session_set_current	crate::src::session	model
src/window_tree.rs	session_group_contains	crate::src::session	model
src/window_tree.rs	session_group_synchronize_from	crate::src::session	model
src/window_tree.rs	osdep_get_name	crate::src::osdep_linux	model
src/window_tree.rs	style_apply	crate::src::style	terminal
src/window_visible.rs	xcalloc	crate::src::xmalloc	support
src/window_visible.rs	server_client_ensure_ranges	crate::src::server_client	server
src/window_visible.rs	window_pane_is_visible	crate::src::window	model
src/window_visible.rs	window_pane_scrollbar_reserve	crate::src::window	model
src/window_visible.rs	window_pane_get_pane_lines	crate::src::window	model
src/window_visible.rs	window_pane_is_floating	crate::src::window	model
src/xmalloc.rs	recallocarray	crate::src::compat::recallocarray	support
src/xmalloc.rs	fatal	crate::src::log	support
src/xmalloc.rs	fatalx	crate::src::log	support
